SALEYEAR,SALETYPE,SALECODE,SALEDATE,BOOK,DAY,HIP,HIPNUM,HORSE,CHORSE,RATING,TATTOO,DATEFOAL,AGE,COLOR,SEX,GAIT,TYPE,RECORD,ET,ELIG,SIRE,CSIRE,DAM,CDAM,SIREOFDAM,CSIREOFDAM,DAMOFDAM,CDAMOFDAM,DAMTATT,DAMYOF,DDAMTATT,BREDTO,LASTBRED,CONSLNAME,CONSNO,PEMCODE,PURFNAME,PURLNAME,SBCITY,SBSTATE,SBCOUNTRY,PRICE,CURRENCY,URL,NFFM,PRIVATESALE,BRED,YEARFOAL
2023,Y,23FTJULYYR,2023-07-11,1,1,1,1,,,,,2022-04-06,1,CH,F,,Y,,,KY,CARACARO,CARACARO,MADAME MOON,MADAME MOON,MALIBU MOON,MALIBU MOON,,,,,,,,EATON SALES AGENT,,,,NOT SOLD,,,,25000,USD,,,,TB,2022
2023,Y,23FTJULYYR,2023-07-11,1,1,2,2,,,,,2022-03-27,1,B,C,,Y,,,KY,VEKOMA,VEKOMA,MAMA JOYCE,MAMA JOYCE,FIRST DUDE,FIRST DUDE,,,,,,,,BLUEWATER SALES LLC AGENT I,,,,OUT,,,,0,USD,,,,TB,2022
2023,Y,23FTJULYYR,2023-07-11,1,1,3,3,,,,,2022-02-02,1,CH,C,,Y,,,KY,CARACARO,CARACARO,MARKET BUZZ,MARKET BUZZ,AFTER MARKET,AFTER MARKET,,,,,,,,MULHOLLAND SPRINGS AGENT II,,,,R T RACING STABLE,,,,30000,USD,https://vimeo.com/841830371?share=copy,,,TB,2022
2023,Y,23FTJULYYR,2023-07-11,1,1,4,4,,,,,2022-02-08,1,CH,C,,Y,,,KY,GIFT BOX,GIFT BOX,MERCI BEAUCOUP,MERCI BEAUCOUP,GIANT'S CAUSEWAY,GIANT'S CAUSEWAY,,,,,,,,ST GEORGE SALES AGENT II,,,,SJB STABLE TRUST,,,,43000,USD,https://vimeo.com/843624672?share=copy,,,TB,2022
2023,Y,23FTJULYYR,2023-07-11,1,1,5,5,,,,,2022-02-03,1,CH,C,,Y,,,KY,MAXIMUM SECURITY,MAXIMUM SECURITY,MISS DEL GALLO,MISS DEL GALLO,HENNESSY,HENNESSY,,,,,,,,SHELTOWEE SALES AGENT,,,,NOT SOLD,,,,28000,USD,https://vimeo.com/842789900?share=copy,,,TB,2022
2023,Y,23FTJULYYR,2023-07-11,1,1,6,6,,,,,2022-05-06,1,B,F,,Y,,,KY,HONOR A. P.,HONOR A. P.,MISS DRAKE,MISS DRAKE,AFLEET ALEX,AFLEET ALEX,,,,,,,,BRIDIE HARRISON AGENT FOR PETER E. BLUM THOROUGHBREDS,,,,AL PIKE AGENT,,,,50000,USD,https://vimeo.com/841328394,,,TB,2022
2023,Y,23FTJULYYR,2023-07-11,1,1,7,7,,,,,2022-03-04,1,B,C,,Y,,,LA,VEKOMA,VEKOMA,MISS JAZEBEL,MISS JAZEBEL,TALE OF THE CAT,TALE OF THE CAT,,,,,,,,TAYLOR MADE SALES AGENCY AGENT XLVIII,,,,MANSFIELD RACING,,,,50000,USD,https://youtu.be/hMCAXWweFio,,,TB,2022
2023,Y,23FTJULYYR,2023-07-11,1,1,8,8,,,,,2022-02-09,1,CH,F,,Y,,,KY,ECHO TOWN,ECHO TOWN,MISS MALICE,MISS MALICE,PALACE MALICE,PALACE MALICE,,,,,,,,CANDY MEADOWS SALES AGENT XXVIII,,,,BLUE CORNER,,,,35000,USD,https://vimeo.com/840061213?share=copy,,,TB,2022
2023,Y,23FTJULYYR,2023-07-11,1,1,9,9,,,,,2022-02-17,1,CH,F,,Y,,,KY,COMPLEXITY,COMPLEXITY,MOON AND STARS,MOON AND STARS,ORB,ORB,,,,,,,,SHAWHAN PLACE AGENT FOR GLENDALOUGH LLC,,,,LEGION BLOODSTOCKAGENT,,,,65000,USD,https://vimeo.com/841847992?share=copy,,,TB,2022
2023,Y,23FTJULYYR,2023-07-11,1,1,10,10,,,,,2022-01-30,1,CH,C,,Y,,,KY,INSTAGRAND,INSTAGRAND,MY GIRL,MY GIRL,SCAT DADDY,SCAT DADDY,,,,,,,,TAYLOR MADE SALES AGENCY AGENT LXXVIII,,,,NOT SOLD,,,,37000,USD,https://youtu.be/ftQ1M_WVDeQ,,,TB,2022
2023,Y,23FTJULYYR,2023-07-11,1,1,11,11,,,,,2022-03-25,1,CH,F,,Y,,,FL,GAME WINNER,GAME WINNER,MY SISTER CARO,MY SISTER CARO,BOP,BOP,,,,,,,,STUART MORRIS AGENT I,,,,THE ELKSTONE GROUP LLC,,,,32000,USD,https://vimeo.com/843440575?share=copy,,,TB,2022
2023,Y,23FTJULYYR,2023-07-11,1,1,12,12,,,,,2022-01-13,1,CH,C,,Y,,,KY,ECHO TOWN,ECHO TOWN,MY TEMPO,MY TEMPO,DECLARATION OF WAR,DECLARATION OF WAR,,,,,,,,BLUEWATER SALES LLC AGENT V,,,,ENGLISH RANGE FARM,,,,35000,USD,https://vimeo.com/842298995?share=copy,,,TB,2022
2023,Y,23FTJULYYR,2023-07-11,1,1,13,13,,,,,2022-03-26,1,CH,F,,Y,,,ON,GAME WINNER,GAME WINNER,NEVER FORGET HER,NEVER FORGET HER,NO NAY NEVER,NO NAY NEVER,,,,,,,,SUMMERFIELD (FRANCIS & BARBARA VANLANGENDONCK) AGENT,,,,NOT SOLD,,,,42000,USD,https://vimeo.com/843405501?share=copy,,,TB,2022
2023,Y,23FTJULYYR,2023-07-11,1,1,14,14,,,,,2022-02-19,1,B,F,,Y,,,KY,ECHO TOWN,ECHO TOWN,NIGHT MARKET,NIGHT MARKET,MIDNIGHT LUTE,MIDNIGHT LUTE,,,,,,,,FOUR STAR SALES AGENT,,,,TONY MILLS,,,,120000,USD,https://vimeo.com/842031680?share=copy,,,TB,2022
2023,Y,23FTJULYYR,2023-07-11,1,1,15,15,,,,,2022-03-18,1,CH,F,,Y,,,KY,IMPROBABLE,IMPROBABLE,NIKKI AND PAPA,NIKKI AND PAPA,MINESHAFT,MINESHAFT,,,,,,,,TAYLOR MADE SALES AGENCY AGENT CII,,,,OUT,,,,0,USD,,,,TB,2022
2023,Y,23FTJULYYR,2023-07-11,1,1,16,16,,,,,2022-02-08,1,DKB,F,,Y,,,KY,COMPLEXITY,COMPLEXITY,NO NAME NEEDED,NO NAME NEEDED,MEDAGLIA D'ORO,MEDAGLIA D'ORO,,,,,,,,HUNTER VALLEY FARM AGENT,,,,QUARTER POLE ENTERPRISES LLC,,,,140000,USD,https://vimeo.com/842325232?share=copy,,,TB,2022
2023,Y,23FTJULYYR,2023-07-11,1,1,17,17,,,,,2022-02-07,1,B,F,,Y,,,KY,TIZ THE LAW,TIZ THE LAW,NUHOOD,NUHOOD,SMART STRIKE,SMART STRIKE,,,,,,,,HUNTER VALLEY FARM AGENT,,,,LUGAMO RACING STABLE,,,,80000,USD,https://vimeo.com/843067213?share=copy,,,TB,2022
2023,Y,23FTJULYYR,2023-07-11,1,1,18,18,,,,,2022-02-04,1,CH,F,,Y,,,KY,GLOBAL CAMPAIGN,GLOBAL CAMPAIGN,ONE HOT ROMANCE,ONE HOT ROMANCE,ROCK HARD TEN,ROCK HARD TEN,,,,,,,,BRANDYWINE FARM (JIM & PAM ROBINSON),,,,CORBIN BLUMBERGAGENT,,,,42000,USD,https://vimeo.com/838104711?share=copy,,,TB,2022
2023,Y,23FTJULYYR,2023-07-11,1,1,19,19,,,,,2022-02-28,1,B,C,,Y,,,CA,BODEXPRESS,BODEXPRESS,ONEMORESWEETKISS,ONEMORESWEETKISS,BEDFORD FALLS,BEDFORD FALLS,,,,,,,,HUNTER VALLEY FARM AGENT,,,,NOT SOLD,,,,37000,USD,https://vimeo.com/843602257?share=copy,,,TB,2022
2023,Y,23FTJULYYR,2023-07-11,1,1,20,20,,,,,2022-04-18,1,DKB,F,,Y,,,KY,THOUSAND WORDS,THOUSAND WORDS,ORCA,ORCA,MIZZEN MAST,MIZZEN MAST,,,,,,,,SCOTT MALLORY AGENT II,,,,NOT SOLD,,,,18000,USD,https://vimeo.com/843042059?share=copy,,,TB,2022
2023,Y,23FTJULYYR,2023-07-11,1,1,21,21,,,,,2022-03-28,1,GRR,F,,Y,,,KY,SPUN TO RUN,SPUN TO RUN,PRAVIANA,PRAVIANA,TAPIT,TAPIT,,,,,,,,ROSILYN POLAN (SUNDAY MORNING FARM) AGENT,,,,NOT SOLD,,,,27000,USD,https://vimeo.com/840287602?share=copy,,,TB,2022
2023,Y,23FTJULYYR,2023-07-11,1,1,22,22,,,,,2022-03-20,1,B,C,,Y,,,KY,WAR OF WILL,WAR OF WILL,PROMENADE REVIEW,PROMENADE REVIEW,WARRIOR'S REWARD,WARRIOR'S REWARD,,,,,,,,BRANDYWINE FARM (JIM & PAM ROBINSON),,,,NOT SOLD,,,,72000,USD,https://vimeo.com/838104829?share=copy,,,TB,2022
2023,Y,23FTJULYYR,2023-07-11,1,1,23,23,,,,,2022-03-04,1,CH,C,,Y,,,KY,TIZ THE LAW,TIZ THE LAW,PROMISE OF SPRING,PROMISE OF SPRING,DROSSELMEYER,DROSSELMEYER,,,,,,,,BLUEWATER SALES LLC AGENT XV,,,,OUT,,,,0,USD,,,,TB,2022
2023,Y,23FTJULYYR,2023-07-11,1,1,24,24,,,,,2022-02-28,1,CH,C,,Y,,,KY,VEKOMA,VEKOMA,PROM TIME,PROM TIME,TALE OF THE CAT,TALE OF THE CAT,,,,,,,,BLUEWATER SALES LLC AGENT XIV,,,,OUT,,,,0,USD,,,,TB,2022
2023,Y,23FTJULYYR,2023-07-11,1,1,25,25,,,,,2022-03-30,1,CH,F,,Y,,,KY,PROMISES FULFILLED,PROMISES FULFILLED,QUEEN JOANNE,QUEEN JOANNE,MR. GREELEY,MR. GREELEY,,,,,,,,SCOTT MALLORY AGENT VIII,,,,NOT SOLD,,,,48000,USD,https://vimeo.com/843040658?share=copy,,,TB,2022
2023,Y,23FTJULYYR,2023-07-11,1,1,26,26,,,,,2022-02-24,1,B,C,,Y,,,KY,SPUN TO RUN,SPUN TO RUN,QUIET TALK,QUIET TALK,HONOR CODE,HONOR CODE,,,,,,,,ELITE AGENT,,,,LOTHENBACH STABLESINC,,,,125000,USD,https://vimeo.com/843539655?share=copy,,,TB,2022
2023,Y,23FTJULYYR,2023-07-11,1,1,27,27,,,,,2022-04-04,1,DKB,F,,Y,,,KY,SPUN TO RUN,SPUN TO RUN,QUIZZICAL,QUIZZICAL,CINDAGO,CINDAGO,,,,,,,,GREENFIELD FARMS AGENT II,,,,NOT SOLD,,,,12000,USD,https://vimeo.com/842036836?share=copy,,,TB,2022
2023,Y,23FTJULYYR,2023-07-11,1,1,28,28,,,,,2022-01-28,1,DKB,F,,Y,,,KY,THOUSAND WORDS,THOUSAND WORDS,RAFAELINI,RAFAELINI,BERNARDINI,BERNARDINI,,,,,,,,BRANDYWINE FARM (JIM & PAM ROBINSON),,,,GREGORY F MARTIN AGENT,,,,35000,USD,https://vimeo.com/838104973?share=copy,,,TB,2022
2023,Y,23FTJULYYR,2023-07-11,1,1,29,29,,,,,2022-04-08,1,B,F,,Y,,,KY,INSTAGRAND,INSTAGRAND,RAIN DANCE,RAIN DANCE,THE FACTOR,THE FACTOR,,,,,,,,ELITE AGENT,,,,NOT SOLD,,,,32000,USD,https://vimeo.com/843539978?share=copy,,,TB,2022
2023,Y,23FTJULYYR,2023-07-11,1,1,30,30,,,,,2022-01-26,1,CH,C,,Y,,,FL,THOUSAND WORDS,THOUSAND WORDS,REBOOTED,REBOOTED,MR. GREELEY,MR. GREELEY,,,,,,,,TAYLOR MADE SALES AGENCY AGENT XVIII,,,,NOT SOLD,,,,22000,USD,https://youtu.be/J1xzVCdAGc8,,,TB,2022
2023,Y,23FTJULYYR,2023-07-11,1,1,31,31,,,,,2022-02-22,1,B,C,,Y,,,KY,THOUSAND WORDS,THOUSAND WORDS,REFIGURE,REFIGURE,BODEMEISTER,BODEMEISTER,,,,,,,,TAYLOR MADE SALES AGENCY AGENT LXXV,,,,JULIE DAVIESAGENT,,,,30000,USD,https://youtu.be/4mUogkn3Ypg,,,TB,2022
2023,Y,23FTJULYYR,2023-07-11,1,1,32,32,,,,,2022-04-20,1,B,F,,Y,,,KY,HONOR A. P.,HONOR A. P.,REGAL PASSAGE,REGAL PASSAGE,VIOLENCE,VIOLENCE,,,,,,,,CHUCK GIVENS AGENT,,,,PATTY TIPTON,,,,65000,USD,,,,TB,2022
2023,Y,23FTJULYYR,2023-07-11,1,1,33,33,,,,,2022-01-18,1,CH,C,,Y,,,FL,VEKOMA,VEKOMA,SCION POWER,SCION POWER,WILDCAT HEIR,WILDCAT HEIR,,,,,,,,TAYLOR MADE SALES AGENCY AGENT XVIII,,,,WAVES BLOODSTOCK,,,,175000,USD,https://youtu.be/IjJjpaNDY6Q,,,TB,2022
2023,Y,23FTJULYYR,2023-07-11,1,1,34,34,,,,,2022-03-12,1,GRR,C,,Y,,,KY,VEKOMA,VEKOMA,SCORECARD,SCORECARD,TALE OF THE CAT,TALE OF THE CAT,,,,,,,,VINERY SALES AGENT XXVI,,,,DE MERIC SALES,,,,80000,USD,,,,TB,2022
2023,Y,23FTJULYYR,2023-07-11,1,1,35,35,,,,,2022-02-07,1,B,F,,Y,,,KY,GAME WINNER,GAME WINNER,SEFANI,SEFANI,AMERICAN PHAROAH,AMERICAN PHAROAH,,,,,,,,EATON SALES AGENT,,,,RED WINGS,,,,140000,USD,,,,TB,2022
2023,Y,23FTJULYYR,2023-07-11,1,1,36,36,,,,,2022-02-01,1,B,C,,Y,,,KY,COMPLEXITY,COMPLEXITY,SEIZE THE EMPRESS,SEIZE THE EMPRESS,CARPE DIEM,CARPE DIEM,,,,,,,,BLUEWATER SALES LLC AGENT XIV,,,,SCOTT & EVAN DILWORTH LLC,,,,80000,USD,https://vimeo.com/842328700?share=copy,,,TB,2022
2023,Y,23FTJULYYR,2023-07-11,1,1,37,37,,,,,2022-03-29,1,CH,C,,Y,,,KY,THOUSAND WORDS,THOUSAND WORDS,SILVER SHIMMER,SILVER SHIMMER,TALE OF THE CAT,TALE OF THE CAT,,,,,,,,JOHNSON CROSS AGENT I,,,,CHAMPION EQUINELLC,,,,150000,USD,https://vimeo.com/843028816,,,TB,2022
2023,Y,23FTJULYYR,2023-07-11,1,1,38,38,,,,,2022-04-28,1,B,C,,Y,,,OK,THOUSAND WORDS,THOUSAND WORDS,SLEW HUNTER,SLEW HUNTER,EVANSVILLE SLEW,EVANSVILLE SLEW,,,,,,,,BUCKLAND SALES (ZACH MADDEN) AGENT III,,,,OUT,,,,0,USD,,,,TB,2022
2023,Y,23FTJULYYR,2023-07-11,1,1,39,39,,,,,2022-04-26,1,B,C,,Y,,,KY,MCKINZIE,MCKINZIE,SOARWITHTHEBIRDS,SOARWITHTHEBIRDS,GIANT'S CAUSEWAY,GIANT'S CAUSEWAY,,,,,,,,SCOTT MALLORY AGENT FOR DETERMINED STUD,,,,PIN OAK STUD,,,,65000,USD,https://vimeo.com/843042131?share=copy,,,TB,2022
2023,Y,23FTJULYYR,2023-07-11,1,1,40,40,,,,,2022-05-16,1,DKB,F,,Y,,,PA,HONOR A. P.,HONOR A. P.,SOFTLY LIT,SOFTLY LIT,LATENT HEAT,LATENT HEAT,,,,,,,,CHUCK GIVENS,,,,NOT SOLD,,,,70000,USD,,,,TB,2022
2023,Y,23FTJULYYR,2023-07-11,1,1,41,41,,,,,2022-03-02,1,B,F,,Y,,,KY,GLOBAL CAMPAIGN,GLOBAL CAMPAIGN,SOTIQUE,SOTIQUE,HENNESSY,HENNESSY,,,,,,,,BUCKLAND SALES (ZACH MADDEN) AGENT II,,,,DE MERIC SALES,,,,50000,USD,https://vimeo.com/843040112?share=copy,,,TB,2022
2023,Y,23FTJULYYR,2023-07-11,1,1,42,42,,,,,2022-03-12,1,B,F,,Y,,,FL,GLOBAL CAMPAIGN,GLOBAL CAMPAIGN,SOUTHERN SPIN,SOUTHERN SPIN,SHARP HUMOR,SHARP HUMOR,,,,,,,,ELITE AGENT,,,,KENNETH MCPEEKAGENT,,,,110000,USD,https://vimeo.com/843539825?share=copy,,,TB,2022
2023,Y,23FTJULYYR,2023-07-11,1,1,43,43,,,,,2022-02-17,1,CH,C,,Y,,,ON,YORKTON,YORKTON,SPORT'N FORTY,SPORT'N FORTY,SCAT DADDY,SCAT DADDY,,,,,,,,SUSAN Y. FOREMAN AGENT,,,,NOT SOLD,,,,42000,USD,https://youtu.be/0lxCQ1pnNFo,,,TB,2022
2023,Y,23FTJULYYR,2023-07-11,1,1,44,44,,,,,2022-03-16,1,GRR,C,,Y,,,KY,VOLATILE,VOLATILE,SPRING DRAGON,SPRING DRAGON,LIGHTNIN N THUNDER,LIGHTNIN N THUNDER,,,,,,,,EATON SALES AGENT,,,,NOT SOLD,,,,37000,USD,https://vimeo.com/843489711?share=copy,,,TB,2022
2023,Y,23FTJULYYR,2023-07-11,1,1,45,45,,,,,2022-01-05,1,CH,C,,Y,,,FL,CURLIN'S HONOR,CURLIN'S HONOR,STARSHIP FANTASY,STARSHIP FANTASY,YES IT'S TRUE,YES IT'S TRUE,,,,,,,,STUART MORRIS AGENT I,,,,BREEZE EASY LLC,,,,30000,USD,https://vimeo.com/843440653?share=copy,,,TB,2022
2023,Y,23FTJULYYR,2023-07-11,1,1,46,46,,,,,2022-03-24,1,B,C,,Y,,,KY,THOUSAND WORDS,THOUSAND WORDS,STORMY KRISTINE,STORMY KRISTINE,STORM CREEK,STORM CREEK,,,,,,,,FORBUSH FARM,,,,OUT,,,,0,USD,,,,TB,2022
2023,Y,23FTJULYYR,2023-07-11,1,1,47,47,,,,,2022-04-08,1,CH,F,,Y,,,KY,GIFT BOX,GIFT BOX,SUMMERTIMEMISCHIEF,SUMMERTIMEMISCHIEF,INTO MISCHIEF,INTO MISCHIEF,,,,,,,,WYNNSTAY SALES AGENT VI,,,,CARY FROMMER,,,,30000,USD,https://vimeo.com/842352012?share=copy,,,TB,2022
2023,Y,23FTJULYYR,2023-07-11,1,1,48,48,,,,,2022-04-11,1,DKB,F,,Y,,,KY,GLOBAL CAMPAIGN,GLOBAL CAMPAIGN,SWAMPOODLE,SWAMPOODLE,BROKEN VOW,BROKEN VOW,,,,,,,,SCOTT MALLORY AGENT FOR SEA JAY FARM,,,,SUSAN MOULTON,,,,60000,USD,https://vimeo.com/843042204?share=copy,,,TB,2022
2023,Y,23FTJULYYR,2023-07-11,1,1,49,49,,,,,2022-02-12,1,DKB,C,,Y,,,LA,AURELIUS MAXIMUS,AURELIUS MAXIMUS,SWEET ALICE BENBOW,SWEET ALICE BENBOW,WILDCAT HEIR,WILDCAT HEIR,,,,,,,,STUART MORRIS AGENT V,,,,JESSIE LONGORIA/GREG JAMES,,,,62000,USD,https://vimeo.com/843440685?share=copy,,,TB,2022
2023,Y,23FTJULYYR,2023-07-11,1,1,50,50,,,,,2022-04-11,1,B,C,,Y,,,KY,HONOR A. P.,HONOR A. P.,SWEET DESTINY,SWEET DESTINY,CURLIN,CURLIN,,,,,,,,VINERY SALES AGENT XV,,,,KNOLLWOOD STABLES,,,,97000,USD,,,,TB,2022
2023,Y,23FTJULYYR,2023-07-11,1,1,51,51,,,,,2022-01-29,1,B,C,,Y,,,KY,TIZ THE LAW,TIZ THE LAW,SWEET INVENTION,SWEET INVENTION,TWIRLING CANDY,TWIRLING CANDY,,,,,,,,BLANDFORD STUD (PADRAIG CAMPION) AGENT,,,,NOT SOLD,,,,27000,USD,,,,TB,2022
2023,Y,23FTJULYYR,2023-07-11,1,1,52,52,,,,,2022-03-10,1,B,F,,Y,,,FL,GUNNEVERA,GUNNEVERA,TIZLOT,TIZLOT,TIZNOW,TIZNOW,,,,,,,,DENALI STUD AGENT VI,,,,OUT,,,,0,USD,,,,TB,2022
2023,Y,23FTJULYYR,2023-07-11,1,1,53,53,,,,,2022-03-08,1,CH,C,,Y,,,ON,MAXIMUM SECURITY,MAXIMUM SECURITY,TOCCO,TOCCO,SMART STRIKE,SMART STRIKE,,,,,,,,CARA BLOODSTOCK (BERNARD MCCORMACK) AGENT,,,,CANUCK RACING CLUB,,,,12000,USD,https://vimeo.com/843060617?share=copy,,,TB,2022
2023,Y,23FTJULYYR,2023-07-11,1,1,54,54,,,,,2022-01-21,1,B,F,,Y,,,KY,VEKOMA,VEKOMA,TOUGH ISSIE,TOUGH ISSIE,GOOD AND TOUGH,GOOD AND TOUGH,,,,,,,,TAYLOR MADE SALES AGENCY AGENT IX,,,,NOT SOLD,,,,60000,USD,https://youtu.be/M9HyjgKfChM,,,TB,2022
2023,Y,23FTJULYYR,2023-07-11,1,1,55,55,,,,,2022-03-22,1,DKB,C,,Y,,,KY,ISOTHERM,ISOTHERM,TRAVEL WISH,TRAVEL WISH,INTO MISCHIEF,INTO MISCHIEF,,,,,,,,WYNNSTAY SALES AGENT IX,,,,CARY FROMMER,,,,35000,USD,https://vimeo.com/843391130?share=copy,,,TB,2022
2023,Y,23FTJULYYR,2023-07-11,1,1,56,56,,,,,2022-05-18,1,B,F,,Y,,,KY,HIGHER POWER,HIGHER POWER,TRUE LOVE IS YARE,TRUE LOVE IS YARE,UNBRIDLED'S SONG,UNBRIDLED'S SONG,,,,,,,,STUART MORRIS AGENT IV,,,,FIDDLEMAN STABLES,,,,100000,USD,https://vimeo.com/843440743?share=copy,,,TB,2022
2023,Y,23FTJULYYR,2023-07-11,1,1,57,57,,,,,2022-04-29,1,B,C,,Y,,,KY,SHANCELOT,SHANCELOT,TWIRLING DIAMOND,TWIRLING DIAMOND,TWIRLING CANDY,TWIRLING CANDY,,,,,,,,BUCK POND FARM (DOUGLAS S. ARNOLD) AGENT,,,,OUT,,,,0,USD,,,,TB,2022
2023,Y,23FTJULYYR,2023-07-11,1,1,58,58,,,,,2022-03-24,1,B,C,,Y,,,KY,MCKINZIE,MCKINZIE,UNDERTHEINFLUENCE,UNDERTHEINFLUENCE,INDY WIND,INDY WIND,,,,,,,,SCOTT MALLORY AGENT X,,,,GOLDEN STAR FARM,,,,110000,USD,https://vimeo.com/843444284?share=copy,,,TB,2022
2023,Y,23FTJULYYR,2023-07-11,1,1,59,59,,,,,2022-01-20,1,DKB,C,,Y,,,LA,GIFT BOX,GIFT BOX,UNION METTLE,UNION METTLE,DIXIE UNION,DIXIE UNION,,,,,,,,MACHMER HALL SALES AGENT FOR MACHMER HALL ET AL III,,,,NOT SOLD,,,,65000,USD,https://vimeo.com/841192109?share=copy,,,TB,2022
2023,Y,23FTJULYYR,2023-07-11,1,1,60,60,,,,,2022-04-13,1,DKB,C,,Y,,,KY,HONOR A. P.,HONOR A. P.,UNIQUE RIDE,UNIQUE RIDE,TALE OF THE CAT,TALE OF THE CAT,,,,,,,,KATIERICH FARMS,,,,SULIMAN BLOODSTOCK,,,,22000,USD,https://vimeo.com/839056512,,,TB,2022
2023,Y,23FTJULYYR,2023-07-11,1,1,61,61,,,,,2022-04-20,1,CH,F,,Y,,,KY,VEKOMA,VEKOMA,VIENNA'S WALTZ,VIENNA'S WALTZ,FREUD,FREUD,,,,,,,,SHELTOWEE SALES AGENT,,,,MWGLLC,,,,30000,USD,https://vimeo.com/842790106?share=copy,,,TB,2022
2023,Y,23FTJULYYR,2023-07-11,1,1,62,62,,,,,2022-03-28,1,GRR,C,,Y,,,KY,VOLATILE,VOLATILE,WHISTLING STRAITS,WHISTLING STRAITS,SCAT DADDY,SCAT DADDY,,,,,,,,TAYLOR MADE SALES AGENCY AGENT XXXVII,,,,OUT,,,,0,USD,https://vimeo.com/841319449,,,TB,2022
2023,Y,23FTJULYYR,2023-07-11,1,1,63,63,,,,,2022-02-13,1,DKB,F,,Y,,,KY,BRAVAZO,BRAVAZO,WINDYINDY,WINDYINDY,A.P. INDY,A.P. INDY,,,,,,,,BUCKLAND SALES (ZACH MADDEN) AGENT XII,,,,NBS STABLE/JOHN BALLANTYNE,,,,50000,USD,https://vimeo.com/843491497?share=copy,,,TB,2022
2023,Y,23FTJULYYR,2023-07-11,1,1,64,64,,,,,2022-02-04,1,DKB,C,,Y,,,KY,VEKOMA,VEKOMA,ADVANCED GREEN,ADVANCED GREEN,MALIBU MOON,MALIBU MOON,,,,,,,,TAYLOR MADE SALES AGENCY AGENT VIII,,,,LOTHENBACH STABLES INC,,,,200000,USD,https://vimeo.com/842666133,,,TB,2022
2023,Y,23FTJULYYR,2023-07-11,1,1,65,65,,,,,2022-02-02,1,CH,F,,Y,,,AR,COMPLEXITY,COMPLEXITY,AFILLYATION,AFILLYATION,GIMMEAWINK,GIMMEAWINK,,,,,,,,STRAIGHT LINE EQUINE SALES AGENT,,,,NOT SOLD,,,,65000,USD,https://youtu.be/JQgI-xWiGug,,,TB,2022
2023,Y,23FTJULYYR,2023-07-11,1,1,66,66,,,,,2022-03-16,1,B,F,,Y,,,FL,SPUN TO RUN,SPUN TO RUN,AGGREGATOR,AGGREGATOR,GRAYDAR,GRAYDAR,,,,,,,,SUMMERFIELD (FRANCIS & BARBARA VANLANGENDONCK) AGENT,,,,ALEX & JO ANN LIEBLONG,,,,200000,USD,https://vimeo.com/843405581?share=copy,,,TB,2022
2023,Y,23FTJULYYR,2023-07-11,1,1,67,67,,,,,2022-03-20,1,GRR,C,,Y,,,KY,CARACARO,CARACARO,ALL DAY DONNA,ALL DAY DONNA,VALUE PLUS,VALUE PLUS,,,,,,,,BRANDYWINE FARM (JIM & PAM ROBINSON),,,,OUT,,,,0,USD,https://vimeo.com/838105081?share=copy,,,TB,2022
2023,Y,23FTJULYYR,2023-07-11,1,1,68,68,,,,,2022-01-31,1,B,C,,Y,,,KY,COMPLEXITY,COMPLEXITY,ASEELAH,ASEELAH,CANDY RIDE (ARG),CANDY RIDE (ARG),,,,,,,,HUNTER VALLEY FARM AGENT,,,,OUT,,,,0,USD,https://vimeo.com/843602294?share=copy,,,TB,2022
2023,Y,23FTJULYYR,2023-07-11,1,1,69,69,,,,,2022-02-14,1,CH,C,,Y,,,KY,IMPROBABLE,IMPROBABLE,BAFFLE ME,BAFFLE ME,FIRST SAMURAI,FIRST SAMURAI,,,,,,,,TAYLOR MADE SALES AGENCY AGENT FOR WINSTAR FARM BRED & RAISED,,,,JERRY CRAWFORD FOR DONEGAL RACING,,,,125000,USD,https://vimeo.com/841865872?share=copy,,,TB,2022
2023,Y,23FTJULYYR,2023-07-11,1,1,70,70,,,,,2022-02-02,1,DKB,C,,Y,,,KY,GIFT BOX,GIFT BOX,BELLE LUTINE,BELLE LUTINE,MIZZEN MAST,MIZZEN MAST,,,,,,,,SCOTT MALLORY AGENT I,,,,NOT SOLD,,,,10000,USD,https://vimeo.com/843394787,,,TB,2022
2023,Y,23FTJULYYR,2023-07-11,1,1,71,71,,,,,2022-02-24,1,B,C,,Y,,,KY,MCKINZIE,MCKINZIE,BERNADREAMY,BERNADREAMY,BERNARDINI,BERNARDINI,,,,,,,,DENALI STUD AGENT V,,,,GS INVERSIONES HIPICAS LLC,,,,260000,USD,https://vimeo.com/840664067?share=copy,,,TB,2022
2023,Y,23FTJULYYR,2023-07-11,1,1,72,72,,,,,2022-02-21,1,DKB,C,,Y,,,OK,THOUSAND WORDS,THOUSAND WORDS,BESTATGETTINBETTER,BESTATGETTINBETTER,GHOSTZAPPER,GHOSTZAPPER,,,,,,,,SCOTT MALLORY AGENT XI,,,,MY KIDS STABLE,,,,47000,USD,https://vimeo.com/843393822,,,TB,2022
2023,Y,23FTJULYYR,2023-07-11,1,1,73,73,,,,,2022-01-30,1,GRR,C,,Y,,,KY,VOLATILE,VOLATILE,BOOM BOOM BOOM,BOOM BOOM BOOM,MORE THAN READY,MORE THAN READY,,,,,,,,MACHMER HALL SALES AGENT II,,,,CNA RACING CO,,,,55000,USD,https://vimeo.com/841084726,,,TB,2022
2023,Y,23FTJULYYR,2023-07-11,1,1,74,74,,,,,2022-03-07,1,B,F,,Y,,,KY,MAXIMUM SECURITY,MAXIMUM SECURITY,CA BREEZE,CA BREEZE,INTO MISCHIEF,INTO MISCHIEF,,,,,,,,STUART MORRIS AGENT FOR HIGHCLERE,,,,OMAHA BLOODSTOCK,,,,75000,USD,https://vimeo.com/843440763?share=copy,,,TB,2022
2023,Y,23FTJULYYR,2023-07-11,1,1,75,75,,,,,2022-02-25,1,DKB,F,,Y,,,KY,COMPLEXITY,COMPLEXITY,CARRIED AWAY,CARRIED AWAY,DIXIE UNION,DIXIE UNION,,,,,,,,VINERY SALES AGENT XXIII,,,,NOT SOLD,,,,52000,USD,,,,TB,2022
2023,Y,23FTJULYYR,2023-07-11,1,1,76,76,,,,,2022-02-01,1,DKB,C,,Y,,,KY,ECHO TOWN,ECHO TOWN,CAVE IN,CAVE IN,MINESHAFT,MINESHAFT,,,,,,,,MACHMER HALL SALES AGENT FOR MACHMER HALL I,,,,KATHRYN MARTIN,,,,90000,USD,https://vimeo.com/841187784?share=copy,,,TB,2022
2023,Y,23FTJULYYR,2023-07-11,1,1,77,77,,,,,2022-02-22,1,B,C,,Y,,,KY,SPUN TO RUN,SPUN TO RUN,CHANEL'S PRIDE,CHANEL'S PRIDE,ALPHABET SOUP,ALPHABET SOUP,,,,,,,,WYNNSTAY SALES AGENT II,,,,CARY FROMMER,,,,50000,USD,https://vimeo.com/842352140?share=copy,,,TB,2022
2023,Y,23FTJULYYR,2023-07-11,1,1,78,78,,,,,2022-03-07,1,B,C,,Y,,,ON,HIGHER POWER,HIGHER POWER,CHANNEL THE GREEN,CHANNEL THE GREEN,ENGLISH CHANNEL,ENGLISH CHANNEL,,,,,,,,VINERY SALES AGENT XVI,,,,OUT,,,,0,USD,,,,TB,2022
2023,Y,23FTJULYYR,2023-07-11,1,1,79,79,,,,,2022-01-16,1,DKB,C,,Y,,,KY,WAR OF WILL,WAR OF WILL,CLASSYDAME,CLASSYDAME,BLAME,BLAME,,,,,,,,BLUEWATER SALES LLC AGENT XIV,,,,GARY BARBER,,,,80000,USD,https://vimeo.com/842328747?share=copy,,,TB,2022
2023,Y,23FTJULYYR,2023-07-11,1,1,80,80,,,,,2022-01-30,1,DKB,F,,Y,,,KY,TOM'S D'ETAT,TOM'S D'ETAT,COLERFUL BRIDE,COLERFUL BRIDE,MUNNINGS,MUNNINGS,,,,,,,,ST GEORGE SALES AGENT I,,,,THE ELKSTONE GROUP LLC,,,,90000,USD,https://vimeo.com/843004410,,,TB,2022
2023,Y,23FTJULYYR,2023-07-11,1,1,81,81,,,,,2022-04-13,1,B,F,,Y,,,KY,COMPLEXITY,COMPLEXITY,CTIMENE,CTIMENE,CONSOLIDATOR,CONSOLIDATOR,,,,,,,,TAYLOR MADE SALES AGENCY AGENT LXIII,,,,OUT,,,,0,USD,https://youtu.be/9Tlx3Iuxuzs,,,TB,2022
2023,Y,23FTJULYYR,2023-07-11,1,1,82,82,,,,,2022-03-19,1,B,C,,Y,,,ON,CARACARO,CARACARO,DANCE PLAY,DANCE PLAY,MALIBU MOON,MALIBU MOON,,,,,,,,SUSAN Y. FOREMAN AGENT,,,,NOT SOLD,,,,47000,USD,https://youtu.be/905mwTyAADg,,,TB,2022
2023,Y,23FTJULYYR,2023-07-11,1,1,83,83,,,,,2022-03-03,1,B,C,,Y,,,KY,GLOBAL CAMPAIGN,GLOBAL CAMPAIGN,DANCE STUDIO,DANCE STUDIO,BERTRANDO,BERTRANDO,,,,,,,,VINERY SALES AGENT XX,,,,NOT SOLD,,,,48000,USD,https://vimeo.com/842615289?share=copy,,,TB,2022
2023,Y,23FTJULYYR,2023-07-11,1,1,84,84,,,,,2022-01-10,1,CH,C,,Y,,,KY,IMPROBABLE,IMPROBABLE,DARK CORNER,DARK CORNER,INTO MISCHIEF,INTO MISCHIEF,,,,,,,,SHELTOWEE SALES AGENT,,,,NOT SOLD,,,,47000,USD,https://vimeo.com/842790264?share=copy,,,TB,2022
2023,Y,23FTJULYYR,2023-07-11,1,1,85,85,,,,,2022-03-20,1,CH,F,,Y,,,KY,VEKOMA,VEKOMA,DELITEFULL LADY,DELITEFULL LADY,DIALED IN,DIALED IN,,,,,,,,ENDEAVOR FARM AGENT,,,,NOT SOLD,,,,72000,USD,,,,TB,2022
2023,Y,23FTJULYYR,2023-07-11,1,1,86,86,,,,,2022-01-28,1,DKB,C,,Y,,,KY,CARACARO,CARACARO,DIAMOND HILL,DIAMOND HILL,ARTIE SCHILLER,ARTIE SCHILLER,,,,,,,,HUNTER VALLEY FARM AGENT,,,,NOT SOLD,,,,19000,USD,https://vimeo.com/840061462?share=copy,,,TB,2022
2023,Y,23FTJULYYR,2023-07-11,1,1,87,87,,,,,2022-02-20,1,B,F,,Y,,,KY,MCKINZIE,MCKINZIE,DIAMOND TAP,DIAMOND TAP,TAPIT,TAPIT,,,,,,,,ENDEAVOR FARM AGENT,,,,ROCK N HORSE & DSR INC.,,,,55000,USD,,,,TB,2022
2023,Y,23FTJULYYR,2023-07-11,1,1,88,88,,,,,2022-03-19,1,B,F,,Y,,,KY,BRAVAZO,BRAVAZO,DR. ZIC,DR. ZIC,MILWAUKEE BREW,MILWAUKEE BREW,,,,,,,,BUCKLAND SALES (ZACH MADDEN) AGENT XII,,,,NBS STABLE/JOHN BALLANTYNE,,,,50000,USD,https://vimeo.com/843491601?share=copy,,,TB,2022
2023,Y,23FTJULYYR,2023-07-11,1,1,89,89,,,,,2022-04-15,1,GRR,F,,Y,,,NY,VOLATILE,VOLATILE,DULCE PERICULUM,DULCE PERICULUM,EL CORREDOR,EL CORREDOR,,,,,,,,MULHOLLAND SPRINGS AGENT,,,,SUSAN MOULTON,,,,80000,USD,https://vimeo.com/841830422?share=copy,,,TB,2022
2023,Y,23FTJULYYR,2023-07-11,1,1,90,90,,,,,2022-03-20,1,DKB,C,,Y,,,TX,HONOR A. P.,HONOR A. P.,E CLASSIC,E CLASSIC,E DUBAI,E DUBAI,,,,,,,,VINERY SALES AGENT FOR STONEVIEW FARM,,,,NOT SOLD,,,,38000,USD,,,,TB,2022
2023,Y,23FTJULYYR,2023-07-11,1,1,91,91,,,,,2022-03-01,1,B,C,,Y,,,FL,INSTAGRAND,INSTAGRAND,EENIE MEENIE MINEY,EENIE MEENIE MINEY,UNCLE MO,UNCLE MO,,,,,,,,TAYLOR MADE SALES AGENCY AGENT XVIII,,,,GS INVERSIONES HIPICAS LLC,,,,105000,USD,https://youtu.be/UjyvkRLJQZ0,,,TB,2022
2023,Y,23FTJULYYR,2023-07-11,1,1,92,92,,,,,2022-04-09,1,B,C,,Y,,,FL,MR. MONEY,MR. MONEY,FASHION BEE,FASHION BEE,OMEGA CODE,OMEGA CODE,,,,,,,,STRAIGHT LINE EQUINE SALES AGENT,,,,OUT,,,,0,USD,,,,TB,2022
2023,Y,23FTJULYYR,2023-07-11,1,1,93,93,,,,,2022-02-23,1,B,F,,Y,,,KY,TOM'S D'ETAT,TOM'S D'ETAT,FIERCELY,FIERCELY,HARD SPUN,HARD SPUN,,,,,,,,BRANDYWINE FARM (JIM & PAM ROBINSON),,,,FIDDLEMAN STABLES,,,,38000,USD,https://vimeo.com/838105184?share=copy,,,TB,2022
2023,Y,23FTJULYYR,2023-07-11,1,1,94,94,,,,,2022-05-05,1,CH,C,,Y,,,KY,COUNTRY HOUSE,COUNTRY HOUSE,FIRST FED BIZ,FIRST FED BIZ,FED BIZ,FED BIZ,,,,,,,,FORBUSH FARM,,,,SOLIS/LITT,,,,60000,USD,https://vimeo.com/841864872?share=copy,,,TB,2022
2023,Y,23FTJULYYR,2023-07-11,1,1,95,95,,,,,2022-03-10,1,CH,C,,Y,,,KY,COMPLEXITY,COMPLEXITY,FRANDERELLA,FRANDERELLA,HENNY HUGHES,HENNY HUGHES,,,,,,,,BRANDYWINE FARM (JIM & PAM ROBINSON),,,,NOT SOLD,,,,42000,USD,https://vimeo.com/838105298?share=copy,,,TB,2022
2023,Y,23FTJULYYR,2023-07-11,1,1,96,96,,,,,2022-04-07,1,B,F,,Y,,,IN,VOLATILE,VOLATILE,FRENCH LEGACY,FRENCH LEGACY,MIDNIGHT LUTE,MIDNIGHT LUTE,,,,,,,,TAYLOR MADE SALES AGENCY AGENT X,,,,OUT,,,,0,USD,,,,TB,2022
2023,Y,23FTJULYYR,2023-07-11,1,1,97,97,,,,,2022-03-13,1,B,C,,Y,,,KY,MCKINZIE,MCKINZIE,GIBBY,GIBBY,TIZWAY,TIZWAY,,,,,,,,WYNNSTAY SALES AGENT XI,,,,MARQUEE BLOODSTOCK AGENT,,,,50000,USD,https://vimeo.com/843391190?share=copy,,,TB,2022
2023,Y,23FTJULYYR,2023-07-11,1,1,98,98,,,,,2022-04-14,1,CH,C,,Y,,,KY,VEKOMA,VEKOMA,HAPPY NOW,HAPPY NOW,MR. GREELEY,MR. GREELEY,,,,,,,,SHAWHAN PLACE AGENT III,,,,GINA FENNELL,,,,155000,USD,https://vimeo.com/841847908?share=copy,,,TB,2022
2023,Y,23FTJULYYR,2023-07-11,1,1,99,99,,,,,2022-03-24,1,B,F,,Y,,,KY,THOUSAND WORDS,THOUSAND WORDS,HIDDEN PRINCESS,HIDDEN PRINCESS,SIGNATURE RED,SIGNATURE RED,,,,,,,,BTE STABLES,,,,OUT,,,,0,USD,,,,TB,2022
2023,Y,23FTJULYYR,2023-07-11,1,1,100,100,,,,,2022-04-12,1,DKB,C,,Y,,,KY,GLOBAL CAMPAIGN,GLOBAL CAMPAIGN,HOLD OUR DESTINY,HOLD OUR DESTINY,MIDNIGHT LUTE,MIDNIGHT LUTE,,,,,,,,EQUUS FARM (JERRY CUMMINS/PAUL ADAMS) AGENT I,,,,POWERSTOWN STUD,,,,100000,USD,,,,TB,2022
2023,Y,23FTJULYYR,2023-07-11,1,1,101,101,,,,,2022-03-17,1,DKB,F,,Y,,,KY,INSTILLED REGARD,INSTILLED REGARD,INTEREST,INTEREST,PIONEEROF THE NILE,PIONEEROF THE NILE,,,,,,,,SCOTT MALLORY AGENT VIII,,,,NOT SOLD,,,,47000,USD,https://vimeo.com/843040880?share=copy,,,TB,2022
2023,Y,23FTJULYYR,2023-07-11,1,1,102,102,,,,,2022-03-31,1,DKB,C,,Y,,,MD,GIFT BOX,GIFT BOX,INVOLUNTARY,INVOLUNTARY,CITY ZIP,CITY ZIP,,,,,,,,SCOTT MALLORY AGENT FOR DETERMINED STUD,,,,LITTLE FARM EQUINE LLC,,,,20000,USD,https://vimeo.com/843042323?share=copy,,,TB,2022
2023,Y,23FTJULYYR,2023-07-11,1,1,103,103,,,,,2022-03-07,1,CH,C,,Y,,,ON,INSTAGRAND,INSTAGRAND,JESTERS JAZZ,JESTERS JAZZ,MR. JESTER,MR. JESTER,,,,,,,,SUSAN Y. FOREMAN AGENT,,,,NOT SOLD,,,,75000,USD,https://youtu.be/KTf3IMU_uZ0,,,TB,2022
2023,Y,23FTJULYYR,2023-07-11,1,1,104,104,,,,,2022-03-15,1,DKB,C,,Y,,,KY,VOLATILE,VOLATILE,JOE'SGOLDENHOLIDAY,JOE'SGOLDENHOLIDAY,HARLAN'S HOLIDAY,HARLAN'S HOLIDAY,,,,,,,,DENALI STUD AGENT IV,,,,OUT,,,,0,USD,https://vimeo.com/840664381?share=copy,,,TB,2022
2023,Y,23FTJULYYR,2023-07-11,1,1,105,105,,,,,2022-03-03,1,DKB,C,,Y,,,KY,GLOBAL CAMPAIGN,GLOBAL CAMPAIGN,JOSSY DO IT,JOSSY DO IT,PROUD ACCOLADE,PROUD ACCOLADE,,,,,,,,FOUR STAR SALES AGENT,,,,CHRIS DRAKOS,,,,130000,USD,,,,TB,2022
2023,Y,23FTJULYYR,2023-07-11,1,1,106,106,,,,,2022-02-15,1,DKB,F,,Y,,,KY,SPUN TO RUN,SPUN TO RUN,KYLBRYLIE,KYLBRYLIE,PULPIT,PULPIT,,,,,,,,EATON SALES AGENT,,,,MAIN LINE / AVALON RACING,,,,100000,USD,https://vimeo.com/843489913?share=copy,,,TB,2022
2023,Y,23FTJULYYR,2023-07-11,1,1,107,107,,,,,2022-02-02,1,GRR,C,,Y,,,KY,GIFT BOX,GIFT BOX,LA BOHEME,LA BOHEME,GIANT'S CAUSEWAY,GIANT'S CAUSEWAY,,,,,,,,DREAMCATCHER,,,,NOT SOLD,,,,62000,USD,https://vimeo.com/842624908?share=copy,,,TB,2022
2023,Y,23FTJULYYR,2023-07-11,1,1,108,108,,,,,2022-02-24,1,B,F,,Y,,,KY,HIGHER POWER,HIGHER POWER,LADY FIFTY TWO,LADY FIFTY TWO,KODIAK KOWBOY,KODIAK KOWBOY,,,,,,,,WYNNSTAY SALES AGENT VI,,,,NOT SOLD,,,,28000,USD,https://vimeo.com/842352212?share=copy,,,TB,2022
2023,Y,23FTJULYYR,2023-07-11,1,1,109,109,,,,,2022-02-13,1,DKB,F,,Y,,,KY,ECHO TOWN,ECHO TOWN,LOLA'S KISSES,LOLA'S KISSES,ITSMYLUCKYDAY,ITSMYLUCKYDAY,,,,,,,,ST GEORGE SALES AGENT III,,,,NOT SOLD,,,,10000,USD,,,,TB,2022
2023,Y,23FTJULYYR,2023-07-11,1,1,110,110,,,,,2022-02-15,1,GRR,C,,Y,,,KY,MALIBU MOON,MALIBU MOON,MADISON SQUARE,MADISON SQUARE,MEDAGLIA D'ORO,MEDAGLIA D'ORO,,,,,,,,TAYLOR MADE SALES AGENCY AGENT CVIII,,,,SUSAN MOULTON,,,,140000,USD,https://vimeo.com/841370122,,,TB,2022
2023,Y,23FTJULYYR,2023-07-11,1,1,111,111,,,,,2022-02-22,1,B,C,,Y,,,VA,GLOBAL CAMPAIGN,GLOBAL CAMPAIGN,MAGGER BAGS,MAGGER BAGS,INDIAN CHARLIE,INDIAN CHARLIE,,,,,,,,WARRENDALE SALES AGENT VI,,,,OUT,,,,0,USD,,,,TB,2022
2023,Y,23FTJULYYR,2023-07-11,1,1,112,112,,,,,2022-01-29,1,B,C,,Y,,,KY,BOLT D'ORO,BOLT D'ORO,MAISIE,MAISIE,STAY THIRSTY,STAY THIRSTY,,,,,,,,STUART MORRIS AGENT FOR HIGHCLERE,,,,FRANKLIN AVE EQUINE LLC AGENT FOR CLIFF RACING & HORSEOLOGY,,,,150000,USD,https://vimeo.com/843440801?share=copy,,,TB,2022
2023,Y,23FTJULYYR,2023-07-11,1,1,113,113,,,,,2022-04-07,1,B,C,,Y,,,KY,VIOLENCE,VIOLENCE,MALIBU BLISS,MALIBU BLISS,MALIBU MOON,MALIBU MOON,,,,,,,,BROOKDALE SALES AGENT,,,,THE ELKSTONE GROUP LLC,,,,75000,USD,https://vimeo.com/842657215,,,TB,2022
2023,Y,23FTJULYYR,2023-07-11,1,1,114,114,,,,,2022-02-26,1,B,C,,Y,,,KY,MENDELSSOHN,MENDELSSOHN,MARY EDNA,MARY EDNA,PIONEEROF THE NILE,PIONEEROF THE NILE,,,,,,,,TAYLOR MADE SALES AGENCY AGENT LXXXIX,,,,SHEPHERD EQUINE ADVISORS AGT FOR LARRY HIRSCH,,,,145000,USD,https://youtu.be/d8KDnwI_sf8,,,TB,2022
2023,Y,23FTJULYYR,2023-07-11,1,1,115,115,,,,,2022-01-24,1,CH,F,,Y,,,KY,JUSTIFY,JUSTIFY,MIA KARINA,MIA KARINA,JAZIL,JAZIL,,,,,,,,PARAMOUNT SALES AGENT XVI,,,,OCEAN REEF RACING,,,,230000,USD,https://vimeo.com/843024608?share=copy,,,TB,2022
2023,Y,23FTJULYYR,2023-07-11,1,1,116,116,,,,,2022-04-08,1,CH,F,,Y,,,KY,PRACTICAL JOKE,PRACTICAL JOKE,MOTHER OF SWORDS,MOTHER OF SWORDS,WAR FRONT,WAR FRONT,,,,,,,,BALLYSAX BLOODSTOCK AGENT I,,,,OCEAN REEF RACING,,,,145000,USD,https://vimeo.com/841822909?share=copy,,,TB,2022
2023,Y,23FTJULYYR,2023-07-11,1,1,117,117,,,,,2022-03-30,1,GRR,F,,Y,,,KY,MITOLE,MITOLE,MISCHIEF GALORE,MISCHIEF GALORE,INTO MISCHIEF,INTO MISCHIEF,,,,,,,,GAINESWAY AGENT V,,,,HARTLEY/DE RENZO THOROUGHBREDS,,,,200000,USD,https://vimeo.com/843390836?share=copy,,,TB,2022
2023,Y,23FTJULYYR,2023-07-11,1,1,118,118,,,,,2022-04-08,1,GRR,F,,Y,,,KY,LIAM'S MAP,LIAM'S MAP,MISS DALAI,MISS DALAI,TEMPLE CITY,TEMPLE CITY,,,,,,,,MULHOLLAND SPRINGS AGENT,,,,OUT,,,,0,USD,,,,TB,2022
2023,Y,23FTJULYYR,2023-07-11,1,1,119,119,,,,,2022-03-12,1,GRR,F,,Y,,,KY,THE FACTOR,THE FACTOR,MISS MY ROSE,MISS MY ROSE,MAGICIAN (IRE),MAGICIAN (IRE),,,,,,,,TAYLOR MADE SALES AGENCY AGENT XCV,,,,BRADLEY THOROUGHBREDS AGENT FOR RODEO CREEK RACING,,,,72000,USD,https://vimeo.com/842323404?share=copy,,,TB,2022
2023,Y,23FTJULYYR,2023-07-11,1,1,120,120,,,,,2022-02-27,1,GRR,C,,Y,,,KY,BOLT D'ORO,BOLT D'ORO,MISS PIPPA,MISS PIPPA,MASTER COMMAND,MASTER COMMAND,,,,,,,,TAYLOR MADE SALES AGENCY AGENT LIV,,,,CHAMPION EQUINE LLC,,,,160000,USD,https://youtu.be/D8oZ03bYwmE,,,TB,2022
2023,Y,23FTJULYYR,2023-07-11,1,1,121,121,,,,,2022-02-02,1,B,C,,Y,,,KY,AUDIBLE,AUDIBLE,MISS SOONER GIRL,MISS SOONER GIRL,QUALITY ROAD,QUALITY ROAD,,,,,,,,MILL RIDGE SALES AGENT,,,,ALMOST FORGOT STABLES,,,,82000,USD,https://www.youtube.com/watch?v=bjXpDmYPXj0,,,TB,2022
2023,Y,23FTJULYYR,2023-07-11,1,1,122,122,,,,,2022-03-09,1,DKB,F,,Y,,,LA,OMAHA BEACH,OMAHA BEACH,MISSY'S ADVANTAGE,MISSY'S ADVANTAGE,TACTICAL ADVANTAGE,TACTICAL ADVANTAGE,,,,,,,,EATON SALES AGENT,,,,MANSFIELD RACING,,,,130000,USD,,,,TB,2022
2023,Y,23FTJULYYR,2023-07-11,1,1,123,123,,,,,2022-04-12,1,DKB,C,,Y,,,KY,INSTILLED REGARD,INSTILLED REGARD,MIS VIZCAYA,MIS VIZCAYA,SUCCESSFUL APPEAL,SUCCESSFUL APPEAL,,,,,,,,INDIAN CREEK AGENT,,,,SJB STABLE,,,,40000,USD,https://vimeo.com/843554127?share=copy,,,TB,2022
2023,Y,23FTJULYYR,2023-07-11,1,1,124,124,,,,,2022-05-02,1,DKB,C,,Y,,,KY,MENDELSSOHN,MENDELSSOHN,MORE THAN A CRUISE,MORE THAN A CRUISE,MORE THAN READY,MORE THAN READY,,,,,,,,GAINESWAY AGENT IV,,,,SUSAN MOULTON,,,,50000,USD,https://vimeo.com/841641060?share=copy,,,TB,2022
2023,Y,23FTJULYYR,2023-07-11,1,1,125,125,,,,,2022-04-29,1,CH,C,,Y,,,LA,VINO ROSSO,VINO ROSSO,MO ROGUE,MO ROGUE,SKY MESA,SKY MESA,,,,,,,,STRAIGHT LINE EQUINE SALES AGENT,,,,NOT SOLD,,,,29000,USD,,,,TB,2022
2023,Y,23FTJULYYR,2023-07-11,1,1,126,126,,,,,2022-02-14,1,CH,F,,Y,,,KY,HARD SPUN,HARD SPUN,MRS. ROSA,MRS. ROSA,MR. GREELEY,MR. GREELEY,,,,,,,,EATON SALES AGENT,,,,OUT,,,,0,USD,https://vimeo.com/843490096?share=copy,,,TB,2022
2023,Y,23FTJULYYR,2023-07-11,1,1,127,127,,,,,2022-01-19,1,B,F,,Y,,,KY,MACLEAN'S MUSIC,MACLEAN'S MUSIC,MS. SHORT FUZE,MS. SHORT FUZE,ZENSATIONAL,ZENSATIONAL,,,,,,,,DENALI STUD AGENT I,,,,OUT,,,,0,USD,,,,TB,2022
2023,Y,23FTJULYYR,2023-07-11,1,1,128,128,,,,,2022-03-18,1,DKB,C,,Y,,,KY,DIALED IN,DIALED IN,MUNHALL MISS,MUNHALL MISS,NOTIONAL,NOTIONAL,,,,,,,,TAYLOR MADE SALES AGENCY AGENT LXV,,,,NOT SOLD,,,,20000,USD,https://youtu.be/YoCqyByLjco,,,TB,2022
2023,Y,23FTJULYYR,2023-07-11,1,1,129,129,,,,,2022-05-07,1,CH,C,,Y,,,OH,VEKOMA,VEKOMA,MY FAST FRIEND,MY FAST FRIEND,FRIENDS LAKE,FRIENDS LAKE,,,,,,,,INDIAN CREEK AGENT,,,,NOT SOLD,,,,72000,USD,https://vimeo.com/843072950?share=copy,,,TB,2022
2023,Y,23FTJULYYR,2023-07-11,1,1,130,130,,,,,2022-03-23,1,B,F,,Y,,,LA,AURELIUS MAXIMUS,AURELIUS MAXIMUS,MYSTIC BLUE,MYSTIC BLUE,MAIMONIDES,MAIMONIDES,,,,,,,,PARAMOUNT SALES AGENT VI,,,,PETER LEIDEL & STONESTREET STABLES,,,,100000,USD,https://vimeo.com/843495915?share=copy,,,TB,2022
2023,Y,23FTJULYYR,2023-07-11,1,1,131,131,,,,,2022-04-18,1,B,C,,Y,,,KY,WAR OF WILL,WAR OF WILL,NICOLE H,NICOLE H,MR. GREELEY,MR. GREELEY,,,,,,,,HIGHGATE SALES AGENT VI,,,,HORSEOLOGY,,,,60000,USD,https://vimeo.com/841825292,,,TB,2022
2023,Y,23FTJULYYR,2023-07-11,1,1,132,132,,,,,2022-03-29,1,B,C,,Y,,,KY,VINO ROSSO,VINO ROSSO,OBLIVIOUS,OBLIVIOUS,COZZENE,COZZENE,,,,,,,,BRANDYWINE FARM (JIM & PAM ROBINSON),,,,NOT SOLD,,,,52000,USD,https://vimeo.com/838105391?share=copy,,,TB,2022
2023,Y,23FTJULYYR,2023-07-11,1,1,133,133,,,,,2022-02-07,1,DKB,F,,Y,,,KY,CANDY RIDE (ARG),CANDY RIDE (ARG),OCTAVA,OCTAVA,MEDAGLIA D'ORO,MEDAGLIA D'ORO,,,,,,,,DENALI STUD AGENT VI,,,,OUT,,,,0,USD,,,,TB,2022
2023,Y,23FTJULYYR,2023-07-11,1,1,134,134,,,,,2022-02-05,1,B,C,,Y,,,KY,KARAKONTIE (JPN),KARAKONTIE (JPN),OF ONE HEART,OF ONE HEART,PERFECT SOUL (IRE),PERFECT SOUL (IRE),,,,,,,,GAINESWAY AGENT I,,,,NOT SOLD,,,,25000,USD,https://vimeo.com/842028525?share=copy,,,TB,2022
2023,Y,23FTJULYYR,2023-07-11,1,1,135,135,,,,,2022-03-07,1,DKB,C,,Y,,,KY,GLOBAL CAMPAIGN,GLOBAL CAMPAIGN,OH KAY SEE,OH KAY SEE,NOTIONAL,NOTIONAL,,,,,,,,STRAIGHT LINE EQUINE SALES AGENT,,,,JASON GIBBONS,,,,50000,USD,,,,TB,2022
2023,Y,23FTJULYYR,2023-07-11,1,1,136,136,,,,,2022-03-01,1,B,C,,Y,,,KY,MITOLE,MITOLE,OLIVIA'S GREATDANE,OLIVIA'S GREATDANE,GHOSTZAPPER,GHOSTZAPPER,,,,,,,,BALLYSAX BLOODSTOCK AGENT II,,,,NOT SOLD,,,,24000,USD,https://vimeo.com/841823009?share=copy,,,TB,2022
2023,Y,23FTJULYYR,2023-07-11,1,1,137,137,,,,,2022-02-23,1,B,F,,Y,,,FL,GIRVIN,GIRVIN,ONE MORE MINUTE,ONE MORE MINUTE,ISTAN,ISTAN,,,,,,,,AIRDRIE STUD RAISED & OFFERED,,,,KENNETH MCPEEKAGENT,,,,100000,USD,https://vimeo.com/843367804,,,TB,2022
2023,Y,23FTJULYYR,2023-07-11,1,1,138,138,,,,,2022-04-13,1,B,C,,Y,,,KY,UNIFIED,UNIFIED,ONE MORE WILD RIDE,ONE MORE WILD RIDE,WILDCAT HEIR,WILDCAT HEIR,,,,,,,,FRANKFORT PARK FARM AGENT,,,,AGUIAR/MCELROY/O'CALLAGHAN,,,,92000,USD,https://vimeo.com/841703116?share=copy,,,TB,2022
2023,Y,23FTJULYYR,2023-07-11,1,1,139,139,,,,,2022-04-16,1,B,F,,Y,,,KY,THOUSAND WORDS,THOUSAND WORDS,PAINTED WOMAN,PAINTED WOMAN,FOREST WILDCAT,FOREST WILDCAT,,,,,,,,FOUR STAR SALES AGENT,,,,OUT,,,,0,USD,https://vimeo.com/843058975?share=copy,,,TB,2022
2023,Y,23FTJULYYR,2023-07-11,1,1,140,140,,,,,2022-03-01,1,DKB,C,,Y,,,KY,VOLATILE,VOLATILE,PALMA,PALMA,MALIBU MOON,MALIBU MOON,,,,,,,,PARAMOUNT SALES AGENT XIII,,,,STARLIGHT RACING AND HARRELL VENTURES,,,,135000,USD,https://vimeo.com/840061730?share=copy,,,TB,2022
2023,Y,23FTJULYYR,2023-07-11,1,1,141,141,,,,,2022-01-31,1,DKB,F,,Y,,,TX,MCKINZIE,MCKINZIE,PANOE,PANOE,MINESHAFT,MINESHAFT,,,,,,,,STRAIGHT LINE EQUINE SALES AGENT,,,,OUT,,,,0,USD,,,,TB,2022
2023,Y,23FTJULYYR,2023-07-11,1,1,142,142,,,,,2022-02-21,1,B,C,,Y,,,KY,DIALED IN,DIALED IN,PATCHWORK,PATCHWORK,FIRST SAMURAI,FIRST SAMURAI,,,,,,,,MACHMER HALL SALES AGENT I,,,,OUT,,,,0,USD,https://youtu.be/ZbZtBL0kNSs,,,TB,2022
2023,Y,23FTJULYYR,2023-07-11,1,1,143,143,,,,,2022-03-01,1,CH,C,,Y,,,KY,YOSHIDA (JPN),YOSHIDA (JPN),PERFECT IMPRESSION,PERFECT IMPRESSION,SHACKLEFORD,SHACKLEFORD,,,,,,,,BROOKDALE SALES AGENT,,,,NOT SOLD,,,,24000,USD,https://vimeo.com/843530004?share=copy,,,TB,2022
2023,Y,23FTJULYYR,2023-07-11,1,1,144,144,,,,,2022-04-14,1,CH,F,,Y,,,KY,OMAHA BEACH,OMAHA BEACH,PERFECTION LADY,PERFECTION LADY,MAJESTICPERFECTION,MAJESTICPERFECTION,,,,,,,,TAYLOR MADE SALES AGENCY AGENT CI,,,,NOT SOLD,,,,120000,USD,https://vimeo.com/842599911,,,TB,2022
2023,Y,23FTJULYYR,2023-07-11,1,1,145,145,,,,,2022-04-17,1,B,C,,Y,,,KY,BRAVAZO,BRAVAZO,PERPETUAL NOVENA,PERPETUAL NOVENA,MAJESTIC WARRIOR,MAJESTIC WARRIOR,,,,,,,,BUCKLAND SALES (ZACH MADDEN) AGENT XII,,,,SIX K'S TRAINING & SALES,,,,10000,USD,https://vimeo.com/843491896?share=copy,,,TB,2022
2023,Y,23FTJULYYR,2023-07-11,1,1,146,146,,,,,2022-02-24,1,B,F,,Y,,,KY,TWIRLING CANDY,TWIRLING CANDY,PICARDIA,PICARDIA,STORMY ATLANTIC,STORMY ATLANTIC,,,,,,,,FUNNY FARM KY,,,,HORSEOLOGY,,,,140000,USD,,,,TB,2022
2023,Y,23FTJULYYR,2023-07-11,1,1,147,147,,,,,2022-03-29,1,DKB,C,,Y,,,KY,CONNECT,CONNECT,PIKE CREEK,PIKE CREEK,FOREST CAMP,FOREST CAMP,,,,,,,,GAINESWAY AGENT V,,,,CLAYMORE STABLES,,,,140000,USD,https://vimeo.com/841204944,,,TB,2022
2023,Y,23FTJULYYR,2023-07-11,1,1,148,148,,,,,2022-02-28,1,GRR,C,,Y,,,KY,CARAVAGGIO,CARAVAGGIO,PINK CASHMERE,PINK CASHMERE,ESKENDEREYA,ESKENDEREYA,,,,,,,,COLETTE FARM,,,,NOT SOLD,,,,42000,USD,https://vimeo.com/841683028?share=copy,,,TB,2022
2023,Y,23FTJULYYR,2023-07-11,1,1,149,149,,,,,2022-02-12,1,B,C,,Y,,,KY,OMAHA BEACH,OMAHA BEACH,PIPISTRELLA (GB),PIPISTRELLA (GB),GIANT'S CAUSEWAY,GIANT'S CAUSEWAY,,,,,,,,GAINESWAY AGENT V,,,,LEGION BLOOSTOCKAGENT,,,,130000,USD,https://vimeo.com/841641159?share=copy,,,TB,2022
2023,Y,23FTJULYYR,2023-07-11,1,1,150,150,,,,,2022-03-08,1,DKB,F,,Y,,,LA,HONOR A. P.,HONOR A. P.,PLAYFUL DANCER,PLAYFUL DANCER,INTO MISCHIEF,INTO MISCHIEF,,,,,,,,LANE'S END AGENT FOR COTEAU GROVE FARMS,,,,OUT,,,,0,USD,,,,TB,2022
2023,Y,23FTJULYYR,2023-07-11,1,1,151,151,,,,,2022-02-14,1,DKB,C,,Y,,,KY,VIOLENCE,VIOLENCE,PRINCEE PIE,PRINCEE PIE,LONHRO (AUS),LONHRO (AUS),,,,,,,,EATON SALES AGENT,,,,NOT SOLD,,,,120000,USD,https://vimeo.com/843489622?share=copy,,,TB,2022
2023,Y,23FTJULYYR,2023-07-11,1,1,152,152,,,,,2022-02-06,1,B,C,,Y,,,OH,MIDSHIPMAN,MIDSHIPMAN,PRINCESS ADELYN,PRINCESS ADELYN,TALE OF THE CAT,TALE OF THE CAT,,,,,,,,FOUR STAR SALES AGENT,,,,BLUMBERG/GOWANSAGENT,,,,160000,USD,https://vimeo.com/843447616?share=copy,,,TB,2022
2023,Y,23FTJULYYR,2023-07-11,1,1,153,153,,,,,2022-03-24,1,CH,C,,Y,,,KY,OMAHA BEACH,OMAHA BEACH,PSEUDONYM,PSEUDONYM,HARD SPUN,HARD SPUN,,,,,,,,BUCKLAND SALES (ZACH MADDEN) AGENT IV,,,,NOT SOLD,,,,105000,USD,https://vimeo.com/842666363,,,TB,2022
2023,Y,23FTJULYYR,2023-07-11,1,1,154,154,,,,,2022-05-11,1,DKB,F,,Y,,,KY,COPPER BULLET,COPPER BULLET,PULLED THE GOALIE,PULLED THE GOALIE,PARADING,PARADING,,,,,,,,FORBUSH FARM,,,,MATTHEW DAVIS,,,,60000,USD,https://vimeo.com/841865806?share=copy,,,TB,2022
2023,Y,23FTJULYYR,2023-07-11,1,1,155,155,,,,,2022-04-15,1,DKB,C,,Y,,,KY,HONOR CODE,HONOR CODE,QUALITY LASS,QUALITY LASS,EXCLUSIVE QUALITY,EXCLUSIVE QUALITY,,,,,,,,PARAMOUNT SALES AGENT VI,,,,NOT SOLD,,,,29000,USD,https://vimeo.com/843523413?share=copy,,,TB,2022
2023,Y,23FTJULYYR,2023-07-11,1,1,156,156,,,,,2022-04-12,1,B,F,,Y,,,KY,TAPITURE,TAPITURE,QUALITY WAY,QUALITY WAY,QUALITY ROAD,QUALITY ROAD,,,,,,,,TAYLOR MADE SALES AGENCY AGENT LVIII,,,,NOT SOLD,,,,95000,USD,https://youtu.be/YKzzDg6ocBI,,,TB,2022
2023,Y,23FTJULYYR,2023-07-11,1,1,157,157,,,,,2022-02-25,1,CH,F,,Y,,,KY,MACLEAN'S MUSIC,MACLEAN'S MUSIC,RAVING ABOUT YOU,RAVING ABOUT YOU,ARCH,ARCH,,,,,,,,MACHMER HALL SALES AGENT VII,,,,OUT,,,,0,USD,https://vimeo.com/841194517?share=copy,,,TB,2022
2023,Y,23FTJULYYR,2023-07-11,1,1,158,158,,,,,2022-04-02,1,CH,C,,Y,,,KY,MUCHO MACHO MAN,MUCHO MACHO MAN,REBA'S CAT,REBA'S CAT,CONSOLIDATOR,CONSOLIDATOR,,,,,,,,CHUCK GIVENS,,,,REEVES THOROUGHBRED RACING,,,,75000,USD,,,,TB,2022
2023,Y,23FTJULYYR,2023-07-11,1,1,159,159,,,,,2022-02-23,1,DKB,F,,Y,,,KY,KARAKONTIE (JPN),KARAKONTIE (JPN),REDMEANSGO,REDMEANSGO,RED RANSOM,RED RANSOM,,,,,,,,SHELTOWEE SALES AGENT,,,,ECLIPSE THOROUGHBRED PARTNERS,,,,70000,USD,https://vimeo.com/842790435?share=copy,,,TB,2022
2023,Y,23FTJULYYR,2023-07-11,1,1,160,160,,,,,2022-02-25,1,CH,C,,Y,,,KY,OMAHA BEACH,OMAHA BEACH,REGAL SERENADE,REGAL SERENADE,BROKEN VOW,BROKEN VOW,,,,,,,,TAYLOR MADE SALES AGENCY AGENT XXXVI,,,,NOT SOLD,,,,120000,USD,https://youtu.be/o7r8R-9eqS4,,,TB,2022
2023,Y,23FTJULYYR,2023-07-11,1,1,161,161,,,,,2022-04-01,1,GRR,C,,Y,,,KY,BOLT D'ORO,BOLT D'ORO,REINITA,REINITA,DOMINUS,DOMINUS,,,,,,,,C & S THOROUGHBREDS AGENT,,,,COLT PIKE AGENT FOR PAUL KESSEL,,,,57000,USD,,,,TB,2022
2023,Y,23FTJULYYR,2023-07-11,1,1,162,162,,,,,2022-03-22,1,DKB,C,,Y,,,KY,DAREDEVIL,DAREDEVIL,RENDITION,RENDITION,A.P. INDY,A.P. INDY,,,,,,,,ST GEORGE SALES AGENT IX,,,,NOT SOLD,,,,80000,USD,https://vimeo.com/843040497?share=copy,,,TB,2022
2023,Y,23FTJULYYR,2023-07-11,1,1,163,163,,,,,2022-02-07,1,CH,F,,Y,,,KY,VEKOMA,VEKOMA,RESPECT,RESPECT,HE'S HAD ENOUGH,HE'S HAD ENOUGH,,,,,,,,STRAIGHT LINE EQUINE SALES AGENT,,,,MIACOMET BLOODSTOCK,,,,60000,USD,https://vimeo.com/843643594,,,TB,2022
2023,Y,23FTJULYYR,2023-07-11,1,1,164,164,,,,,2022-03-10,1,CH,C,,Y,,,KY,MUNNINGS,MUNNINGS,ROMAN LASSIE,ROMAN LASSIE,LIAM'S MAP,LIAM'S MAP,,,,,,,,C & S THOROUGHBREDS AGENT,,,,SYCAMORE STABLES,,,,200000,USD,,,,TB,2022
2023,Y,23FTJULYYR,2023-07-11,1,1,165,165,,,,,2022-03-22,1,B,C,,Y,,,KY,PRACTICAL JOKE,PRACTICAL JOKE,RUNNINWITHTHEWIND,RUNNINWITHTHEWIND,MEDAGLIA D'ORO,MEDAGLIA D'ORO,,,,,,,,HUNTER VALLEY FARM AGENT,,,,OUT,,,,0,USD,,,,TB,2022
2023,Y,23FTJULYYR,2023-07-11,1,1,166,166,,,,,2022-01-29,1,B,F,,Y,,,KY,UNIFIED,UNIFIED,RUPERT'S PROMISE,RUPERT'S PROMISE,CAPOTE,CAPOTE,,,,,,,,LANE'S END AGENT,,,,MAIN LINE/AVALON RACING,,,,35000,USD,https://vimeo.com/842939361/17968677b8?share=copy,,,TB,2022
2023,Y,23FTJULYYR,2023-07-11,1,1,167,167,,,,,2022-04-01,1,B,C,,Y,,,KY,IMPROBABLE,IMPROBABLE,RUTH AND NEVA,RUTH AND NEVA,CHEROKEE RUN,CHEROKEE RUN,,,,,,,,INDIAN CREEK AGENT,,,,BISHOP BLOODSTOCK,,,,150000,USD,https://vimeo.com/843073042?share=copy,,,TB,2022
2023,Y,23FTJULYYR,2023-07-11,1,1,168,168,,,,,2022-03-30,1,B,F,,Y,,,PA,GLOBAL CAMPAIGN,GLOBAL CAMPAIGN,RUTHERFORD RD,RUTHERFORD RD,FIRST SAMURAI,FIRST SAMURAI,,,,,,,,WARRENDALE SALES AGENT III,,,,OUT,,,,0,USD,,,,TB,2022
2023,Y,23FTJULYYR,2023-07-11,1,1,169,169,,,,,2022-03-05,1,DKB,C,,Y,,,KY,MUCHO MACHO MAN,MUCHO MACHO MAN,SAHARA BREEZE,SAHARA BREEZE,MORE THAN READY,MORE THAN READY,,,,,,,,ST GEORGE SALES AGENT IV,,,,OUT,,,,0,USD,,,,TB,2022
2023,Y,23FTJULYYR,2023-07-11,1,1,170,170,,,,,2022-02-05,1,B,F,,Y,,,KY,MACLEAN'S MUSIC,MACLEAN'S MUSIC,SALAD MOOD,SALAD MOOD,MALIBU MOON,MALIBU MOON,,,,,,,,PARAMOUNT SALES AGENT XII,,,,KENNETH MCPEEK AGENT,,,,100000,USD,https://vimeo.com/841845297?share=copy,,,TB,2022
2023,Y,23FTJULYYR,2023-07-11,1,1,171,171,,,,,2022-02-01,1,B,C,,Y,,,KY,COMPLEXITY,COMPLEXITY,SANDSARITA,SANDSARITA,STREET BOSS,STREET BOSS,,,,,,,,FOUR STAR SALES AGENT,,,,NOT SOLD,,,,120000,USD,https://vimeo.com/843636593,,,TB,2022
2023,Y,23FTJULYYR,2023-07-11,1,1,172,172,,,,,2022-02-17,1,DKB,F,,Y,,,KY,CONNECT,CONNECT,SAPPHIRE KITTEN,SAPPHIRE KITTEN,KITTEN'S JOY,KITTEN'S JOY,,,,,,,,FRANKFORT PARK FARM AGENT,,,,NOT SOLD,,,,42000,USD,https://vimeo.com/841703077?share=copy,,,TB,2022
2023,Y,23FTJULYYR,2023-07-11,1,1,173,173,,,,,2022-02-21,1,DKB,F,,Y,,,KY,MUNNINGS,MUNNINGS,SCATTERED RAIN,SCATTERED RAIN,SCAT DADDY,SCAT DADDY,,,,,,,,GREENFIELD FARMS AGENT I,,,,LUGAMO RACING STABLE,,,,175000,USD,https://vimeo.com/842036952?share=copy,,,TB,2022
2023,Y,23FTJULYYR,2023-07-11,1,1,174,174,,,,,2022-04-09,1,B,F,,Y,,,KY,AUTHENTIC,AUTHENTIC,SCENT OF SUMMER,SCENT OF SUMMER,ROCK HARD TEN,ROCK HARD TEN,,,,,,,,TAYLOR MADE SALES AGENCY AGENT FOR SPENDTHRIFT FARM LLC,,,,ALEX & JOANN LIEBLONG,,,,475000,USD,https://youtu.be/tYS0mDPjRls,,,TB,2022
2023,Y,23FTJULYYR,2023-07-11,1,1,175,175,,,,,2022-03-14,1,CH,C,,Y,,,KY,GOOD MAGIC,GOOD MAGIC,SCOLDING,SCOLDING,CARPE DIEM,CARPE DIEM,,,,,,,,BLANDFORD STUD (PADRAIG CAMPION) AGENT,,,,BOARDSHORTS STABLES LLC,,,,370000,USD,https://youtu.be/7mXRusxMAPE,,,TB,2022
2023,Y,23FTJULYYR,2023-07-11,1,1,176,176,,,,,2022-02-14,1,B,F,,Y,,,KY,GOLDENCENTS,GOLDENCENTS,SEA DIVA,SEA DIVA,MIDSHIPMAN,MIDSHIPMAN,,,,,,,,HIGHGATE SALES AGENT III,,,,JUSTIN WOJCZYNSKI,,,,35000,USD,https://vimeo.com/843550540?share=copy,,,TB,2022
2023,Y,23FTJULYYR,2023-07-11,1,1,177,177,,,,,2022-03-18,1,B,C,,Y,,,KY,KANTHAROS,KANTHAROS,SEAGRASS,SEAGRASS,QUALITY ROAD,QUALITY ROAD,,,,,,,,STUART MORRIS AGENT II,,,,NOT SOLD,,,,65000,USD,https://vimeo.com/843440838?share=copy,,,TB,2022
2023,Y,23FTJULYYR,2023-07-11,1,1,178,178,,,,,2022-02-11,1,CH,F,,Y,,,PA,IMPROBABLE,IMPROBABLE,SEANCHAI,SEANCHAI,ENGLISH CHANNEL,ENGLISH CHANNEL,,,,,,,,WARRENDALE SALES AGENT III,,,,NOT SOLD,,,,90000,USD,https://vimeo.com/843392812?share=copy,,,TB,2022
2023,Y,23FTJULYYR,2023-07-11,1,1,179,179,,,,,2022-01-21,1,DKB,C,,Y,,,KY,DAREDEVIL,DAREDEVIL,SEASONED WARRIOR,SEASONED WARRIOR,MAJESTIC WARRIOR,MAJESTIC WARRIOR,,,,,,,,PARAMOUNT SALES AGENT VI,,,,GREGORY F MARTIN AGENT,,,,37000,USD,https://vimeo.com/843523566?share=copy,,,TB,2022
2023,Y,23FTJULYYR,2023-07-11,1,1,180,180,,,,,2022-03-30,1,CH,C,,Y,,,ON,VIOLENCE,VIOLENCE,SEEK A STAR,SEEK A STAR,SMART STRIKE,SMART STRIKE,,,,,,,,CARA BLOODSTOCK AGENT FOR SAINTSBURY FARMS (JAY & CHRISTINE HAYDEN),,,,DEW SWEEPERS III LLC,,,,80000,USD,https://vimeo.com/842676717?share=copy,,,TB,2022
2023,Y,23FTJULYYR,2023-07-11,1,1,181,181,,,,,2022-01-26,1,GRR,C,,Y,,,KY,LIAM'S MAP,LIAM'S MAP,SEND ME ON MY WAY,SEND ME ON MY WAY,TIZNOW,TIZNOW,,,,,,,,LANE'S END AGENT,,,,SCANLON TRAINING & SALES,,,,75000,USD,https://vimeo.com/841370107?share=copy,,,TB,2022
2023,Y,23FTJULYYR,2023-07-11,1,1,182,182,,,,,2022-03-08,1,DKB,F,,Y,,,KY,BOLT D'ORO,BOLT D'ORO,SENORA UNO,SENORA UNO,MACHO UNO,MACHO UNO,,,,,,,,TAYLOR MADE SALES AGENCY AGENT LXXXIX,,,,CSV,,,,90000,USD,https://youtu.be/roSmofRYKZM,,,TB,2022
2023,Y,23FTJULYYR,2023-07-11,1,1,183,183,,,,,2022-03-19,1,B,F,,Y,,,KY,TIZ THE LAW,TIZ THE LAW,SENSITIVELY,SENSITIVELY,STREET SENSE,STREET SENSE,,,,,,,,STRAIGHT LINE EQUINE SALES AGENT,,,,BBRS,,,,35000,USD,https://vimeo.com/841320765,,,TB,2022
2023,Y,23FTJULYYR,2023-07-11,1,1,184,184,,,,,2022-03-16,1,CH,C,,Y,,,KY,PRACTICAL JOKE,PRACTICAL JOKE,SEVEN FEATHERS,SEVEN FEATHERS,STEPHANOTIS,STEPHANOTIS,,,,,,,,KATIERICH FARMS AGENT,,,,NOT SOLD,,,,15000,USD,https://vimeo.com/839057176,,,TB,2022
2023,Y,23FTJULYYR,2023-07-11,1,1,185,185,,,,,2022-03-04,1,B,C,,Y,,,KY,CAIRO PRINCE,CAIRO PRINCE,SHACKIN UP,SHACKIN UP,SHACKLEFORD,SHACKLEFORD,,,,,,,,ST GEORGE SALES AGENT VII,,,,OUT,,,,0,USD,,,,TB,2022
2023,Y,23FTJULYYR,2023-07-11,1,1,186,186,,,,,2022-04-02,1,CH,C,,Y,,,KY,VINO ROSSO,VINO ROSSO,SHE'S ALL READY,SHE'S ALL READY,GIROLAMO,GIROLAMO,,,,,,,,TAYLOR MADE SALES AGENCY AGENT FOR SPENDTHRIFT FARM LLC,,,,OUT,,,,0,USD,https://youtu.be/48rWEi6lLDE,,,TB,2022
2023,Y,23FTJULYYR,2023-07-11,1,1,187,187,,,,,2022-04-21,1,B,C,,Y,,,KY,IMPROBABLE,IMPROBABLE,SHE'S NOT HERE,SHE'S NOT HERE,STREET CRY (IRE),STREET CRY (IRE),,,,,,,,HIGHGATE SALES AGENT,,,,OUT,,,,0,USD,https://vimeo.com/841865755,,,TB,2022
2023,Y,23FTJULYYR,2023-07-11,1,1,188,188,,,,,2022-03-13,1,DKB,F,,Y,,,KY,MALIBU MOON,MALIBU MOON,SHEZA SWEET LEMON,SHEZA SWEET LEMON,LEMON DROP KID,LEMON DROP KID,,,,,,,,JOHNSON CROSS AGENT I,,,,NBS STABLE/JOHN BALLANTYNE,,,,275000,USD,https://vimeo.com/843029645,,,TB,2022
2023,Y,23FTJULYYR,2023-07-11,1,1,189,189,,,,,2022-02-14,1,B,C,,Y,,,KY,ARMY MULE,ARMY MULE,SHIPPY,SHIPPY,MIDSHIPMAN,MIDSHIPMAN,,,,,,,,HUNTER VALLEY FARM AGENT,,,,OUT,,,,0,USD,,,,TB,2022
2023,Y,23FTJULYYR,2023-07-11,1,1,190,190,,,,,2022-02-08,1,DKB,C,,Y,,,KY,CLASSIC EMPIRE,CLASSIC EMPIRE,SIENA GRACE,SIENA GRACE,MORE THAN READY,MORE THAN READY,,,,,,,,HIDDEN BROOK AGENT,,,,OUT,,,,0,USD,https://vimeo.com/841084677,,,TB,2022
2023,Y,23FTJULYYR,2023-07-11,1,1,191,191,,,,,2022-01-31,1,GRR,F,,Y,,,LA,FROSTED,FROSTED,SILKS AND TASSELS,SILKS AND TASSELS,ELUSIVE QUALITY,ELUSIVE QUALITY,,,,,,,,LANE'S END AGENT FOR COTEAU GROVE FARMS,,,,OUT,,,,0,USD,,,,TB,2022
2023,Y,23FTJULYYR,2023-07-11,1,1,192,192,,,,,2022-03-30,1,B,F,,Y,,,KY,ENTICED,ENTICED,SIMMADOWNNOW,SIMMADOWNNOW,CANDY RIDE (ARG),CANDY RIDE (ARG),,,,,,,,WARRENDALE SALES AGENT II,,,,KENNETH MCPEEKAGENT,,,,50000,USD,https://youtu.be/Lecc5w1VlYo,,,TB,2022
2023,Y,23FTJULYYR,2023-07-11,1,1,193,193,,,,,2022-02-12,1,B,F,,Y,,,KY,BOLT D'ORO,BOLT D'ORO,SINGING HILLS,SINGING HILLS,SUPER SAVER,SUPER SAVER,,,,,,,,POPE MCLEAN (CRESTWOOD FARM) AGENT II,,,,BELL HILL PARTNERS,,,,270000,USD,https://vimeo.com/840268662?share=copy,,,TB,2022
2023,Y,23FTJULYYR,2023-07-11,1,1,194,194,,,,,2022-03-01,1,GRR,F,,Y,,,KY,BOLT D'ORO,BOLT D'ORO,SKY O' BLUE,SKY O' BLUE,HENNY HUGHES,HENNY HUGHES,,,,,,,,WYNNSTAY SALES AGENT VIII,,,,NOT SOLD,,,,145000,USD,https://vimeo.com/842352263?share=copy,,,TB,2022
2023,Y,23FTJULYYR,2023-07-11,1,1,195,195,,,,,2022-04-14,1,B,F,,Y,,,KY,UNCLE MO,UNCLE MO,SOCIAL CALL,SOCIAL CALL,SMART STRIKE,SMART STRIKE,,,,,,,,LANE'S END AGENT,,,,HARTLEY/DE RENZO THOROUGHBREDS,,,,290000,USD,https://vimeo.com/842912590?share=copy,,,TB,2022
2023,Y,23FTJULYYR,2023-07-11,1,1,196,196,,,,,2022-03-21,1,CH,F,,Y,,,KY,MITOLE,MITOLE,SOCIAL VINDICATION,SOCIAL VINDICATION,VINDICATION,VINDICATION,,,,,,,,BROOKDALE SALES AGENT FOR MINEOLA FARM,,,,L & N RACING LLC,,,,44000,USD,,,,TB,2022
2023,Y,23FTJULYYR,2023-07-11,1,1,197,197,,,,,2022-02-23,1,DKB,C,,Y,,,FL,GIRVIN,GIRVIN,SOLAR SOLSTICE,SOLAR SOLSTICE,BLAME,BLAME,,,,,,,,STRAIGHT LINE EQUINE SALES AGENT,,,,NOT SOLD,,,,65000,USD,https://youtu.be/uZ0qyJb3WLI,,,TB,2022
2023,Y,23FTJULYYR,2023-07-11,1,1,198,198,,,,,2022-01-21,1,B,C,,Y,,,KY,OMAHA BEACH,OMAHA BEACH,SPARKLING CHAMPAGN,SPARKLING CHAMPAGN,MALIBU MOON,MALIBU MOON,,,,,,,,BRANDYWINE FARM (JIM & PAM ROBINSON),,,,RIDETHECOATTAILS,,,,85000,USD,https://vimeo.com/838105475?share=copy,,,TB,2022
2023,Y,23FTJULYYR,2023-07-11,1,1,199,199,,,,,2022-01-09,1,B,F,,Y,,,KY,BOLT D'ORO,BOLT D'ORO,STILL A FUNNY GIRL,STILL A FUNNY GIRL,DISTORTED HUMOR,DISTORTED HUMOR,,,,,,,,EATON SALES AGENT,,,,OUT,,,,0,USD,https://vimeo.com/842655065?share=copy,,,TB,2022
2023,Y,23FTJULYYR,2023-07-11,1,1,200,200,,,,,2022-02-28,1,B,C,,Y,,,KY,MAXIMUS MISCHIEF,MAXIMUS MISCHIEF,STONECOLDFOX,STONECOLDFOX,BUSTIN STONES,BUSTIN STONES,,,,,,,,FOUR STAR SALES AGENT,,,,NOT SOLD,,,,95000,USD,https://vimeo.com/843055000?share=copy,,,TB,2022
2023,Y,23FTJULYYR,2023-07-11,1,1,201,201,,,,,2022-04-19,1,B,C,,Y,,,KY,UNION RAGS,UNION RAGS,STONEWALKER,STONEWALKER,STRONG MANDATE,STRONG MANDATE,,,,,,,,PARAMOUNT SALES AGENT XI,,,,NOT SOLD,,,,45000,USD,https://vimeo.com/843536275?share=copy,,,TB,2022
2023,Y,23FTJULYYR,2023-07-11,1,1,202,202,,,,,2022-04-02,1,CH,C,,Y,,,KY,STREET BOSS,STREET BOSS,STORM THE CHURCH,STORM THE CHURCH,PULPIT,PULPIT,,,,,,,,STRAIGHT LINE EQUINE SALES AGENT,,,,LANE RICHARDSONAGENT,,,,120000,USD,https://vimeo.com/843891692,,,TB,2022
2023,Y,23FTJULYYR,2023-07-11,1,1,203,203,,,,,2022-02-23,1,B,C,,Y,,,KY,ECHO TOWN,ECHO TOWN,RE ENTRY,RE ENTRY,MALIBU MOON,MALIBU MOON,,,,,,,,GAINESWAY AGENT VIII,,,,EDDIE WOODSAGENT,,,,75000,USD,https://vimeo.com/842948893?share=copy,,,TB,2022
2023,Y,23FTJULYYR,2023-07-11,1,1,204,204,,,,,2022-02-08,1,B,C,,Y,,,PA,ROWAYTON,ROWAYTON,STREAK OF KITTEN,STREAK OF KITTEN,KITTEN'S JOY,KITTEN'S JOY,,,,,,,,C & S THOROUGHBREDS AGENT,,,,THAT WAS EASY,,,,45000,USD,,,,TB,2022
2023,Y,23FTJULYYR,2023-07-11,1,1,205,205,,,,,2022-02-15,1,DKB,C,,Y,,,KY,MUNNINGS,MUNNINGS,STREET RUMOR,STREET RUMOR,STREET SENSE,STREET SENSE,,,,,,,,GAINESWAY AGENT III,,,,LOTHENBACH STABLES INC.,,,,160000,USD,https://vimeo.com/843390892?share=copy,,,TB,2022
2023,Y,23FTJULYYR,2023-07-11,1,1,206,206,,,,,2022-03-04,1,B,C,,Y,,,IN,MAXIMUS MISCHIEF,MAXIMUS MISCHIEF,STREET TRICK,STREET TRICK,STREET SENSE,STREET SENSE,,,,,,,,PARAMOUNT SALES AGENT VIII,,,,LOUIS J ROUSSEL III,,,,45000,USD,,,,TB,2022
2023,Y,23FTJULYYR,2023-07-11,1,1,207,207,,,,,2022-04-13,1,DKB,C,,Y,,,KY,DIALED IN,DIALED IN,STRIKE FIRST,STRIKE FIRST,SMART STRIKE,SMART STRIKE,,,,,,,,TAYLOR MADE SALES AGENCY AGENT XLI,,,,JERRY CRAWFORD FOR DONEGAL RACING,,,,250000,USD,https://youtu.be/emdJOC2oSOM,,,TB,2022
2023,Y,23FTJULYYR,2023-07-11,1,1,208,208,,,,,2022-03-18,1,DKB,C,,Y,,,MD,UPSTART,UPSTART,SUMMER KISS,SUMMER KISS,SUMMER FRONT,SUMMER FRONT,,,,,,,,STUART MORRIS AGENT III,,,,NOT SOLD,,,,45000,USD,https://vimeo.com/843440862?share=copy,,,TB,2022
2023,Y,23FTJULYYR,2023-07-11,1,1,209,209,,,,,2022-03-24,1,B,F,,Y,,,PA,BOLT D'ORO,BOLT D'ORO,SUMMER'S READY,SUMMER'S READY,MORE THAN READY,MORE THAN READY,,,,,,,,MACHMER HALL SALES AGENT FOR MACHMER HALL ET AL I,,,,OUT,,,,0,USD,,,,TB,2022
2023,Y,23FTJULYYR,2023-07-11,1,1,210,210,,,,,2022-02-13,1,B,C,,Y,,,KY,KANTHAROS,KANTHAROS,SUNSET PROMISE,SUNSET PROMISE,BROKEN VOW,BROKEN VOW,,,,,,,,MULHOLLAND SPRINGS AGENT,,,,OUT,,,,0,USD,,,,TB,2022
2023,Y,23FTJULYYR,2023-07-11,1,1,211,211,,,,,2022-05-18,1,B,C,,Y,,,KY,PRACTICAL JOKE,PRACTICAL JOKE,SURRENDER,SURRENDER,STORMY ATLANTIC,STORMY ATLANTIC,,,,,,,,WARRENDALE SALES AGENT V,,,,GOLDEN STAR FARM,,,,120000,USD,https://vimeo.com/843032676,,,TB,2022
2023,Y,23FTJULYYR,2023-07-11,1,1,212,212,,,,,2022-03-16,1,B,C,,Y,,,KY,GOLDENCENTS,GOLDENCENTS,SUSHI GIRL,SUSHI GIRL,ORIENTATE,ORIENTATE,,,,,,,,SHELTOWEE SALES AGENT,,,,OUT,,,,0,USD,,,,TB,2022
2023,Y,23FTJULYYR,2023-07-11,1,1,213,213,,,,,2022-03-06,1,B,C,,Y,,,KY,MAXIMUS MISCHIEF,MAXIMUS MISCHIEF,SUTTON'S SMILE,SUTTON'S SMILE,PADDY O'PRADO,PADDY O'PRADO,,,,,,,,MULHOLLAND SPRINGS AGENT,,,,OUT,,,,0,USD,,,,TB,2022
2023,Y,23FTJULYYR,2023-07-11,1,1,214,214,,,,,2022-04-25,1,DKB,F,,Y,,,KY,LIAM'S MAP,LIAM'S MAP,SWEET NINA,SWEET NINA,TIZNOW,TIZNOW,,,,,,,,TAYLOR MADE SALES AGENCY AGENT XV,,,,OUT,,,,0,USD,https://vimeo.com/843041271,,,TB,2022
2023,Y,23FTJULYYR,2023-07-11,1,1,215,215,,,,,2022-04-08,1,B,F,,Y,,,KY,VOLATILE,VOLATILE,TABLE MANNERS,TABLE MANNERS,ALGORITHMS,ALGORITHMS,,,,,,,,FOUR STAR SALES AGENT,,,,THREE CHIMNEYS,,,,170000,USD,https://vimeo.com/843364915?share=copy,,,TB,2022
2023,Y,23FTJULYYR,2023-07-11,1,1,216,216,,,,,2022-01-27,1,DKB,F,,Y,,,KY,MACLEAN'S MUSIC,MACLEAN'S MUSIC,TAKECHARGEDELILAH,TAKECHARGEDELILAH,TAKE CHARGE INDY,TAKE CHARGE INDY,,,,,,,,ST GEORGE SALES AGENT VIII,,,,L & N RACING LLC,,,,215000,USD,https://vimeo.com/843005741,,,TB,2022
2023,Y,23FTJULYYR,2023-07-11,1,1,217,217,,,,,2022-03-03,1,B,F,,Y,,,FL,MALIBU MOON,MALIBU MOON,TALE OF SUCCESS,TALE OF SUCCESS,TALE OF THE CAT,TALE OF THE CAT,,,,,,,,TAYLOR MADE SALES AGENCY AGENT II,,,,RUBY RACING,,,,200000,USD,https://youtu.be/4yI7xas-jy0,,,TB,2022
2023,Y,23FTJULYYR,2023-07-11,1,1,218,218,,,,,2022-04-22,1,DKB,F,,Y,,,KY,WAR OF WILL,WAR OF WILL,TAP SOFTLY,TAP SOFTLY,TAPIT,TAPIT,,,,,,,,WARRENDALE SALES AGENT V,,,,CAROLYN WILSON,,,,150000,USD,https://vimeo.com/843029910,,,TB,2022
2023,Y,23FTJULYYR,2023-07-11,1,1,219,219,,,,,2022-04-07,1,DKB,C,,Y,,,KY,CARACARO,CARACARO,TARA ROAD,TARA ROAD,QUALITY ROAD,QUALITY ROAD,,,,,,,,GAINESWAY AGENT VII,,,,TIGER RACING,,,,40000,USD,https://vimeo.com/843224456/20999a160e,,,TB,2022
2023,Y,23FTJULYYR,2023-07-11,1,1,220,220,,,,,2022-02-14,1,B,C,,Y,,,LA,GLOBAL CAMPAIGN,GLOBAL CAMPAIGN,TATTLESHEET,TATTLESHEET,INDIAN CHARLIE,INDIAN CHARLIE,,,,,,,,STRAIGHT LINE EQUINE SALES AGENT,,,,OLD GABLES,,,,150000,USD,https://vimeo.com/843643773,,,TB,2022
2023,Y,23FTJULYYR,2023-07-11,1,1,221,221,,,,,2022-03-18,1,B,C,,Y,,,KY,ASTERN (AUS),ASTERN (AUS),TEN CROWNS,TEN CROWNS,TENPINS,TENPINS,,,,,,,,BROOKDALE SALES AGENT FOR MINEOLA FARM,,,,OCEAN REEF RACING,,,,12000,USD,,,,TB,2022
2023,Y,23FTJULYYR,2023-07-11,1,1,222,222,,,,,2022-04-06,1,B,C,,Y,,,IA,MENDELSSOHN,MENDELSSOHN,THEPERFECTVOW,THEPERFECTVOW,MAJESTICPERFECTION,MAJESTICPERFECTION,,,,,,,,WYNNSTAY SALES AGENT X,,,,SBM AGENT,,,,60000,USD,https://vimeo.com/842352327?share=copy,,,TB,2022
2023,Y,23FTJULYYR,2023-07-11,1,1,223,223,,,,,2022-04-21,1,DKB,C,,Y,,,KY,MASTERY,MASTERY,TROPHY WIFE,TROPHY WIFE,GIANT'S CAUSEWAY,GIANT'S CAUSEWAY,,,,,,,,GAINESWAY AGENT IV,,,,FARM RIDGE,,,,105000,USD,https://vimeo.com/841641307?share=copy,,,TB,2022
2023,Y,23FTJULYYR,2023-07-11,1,1,224,224,,,,,2022-02-01,1,DKB,C,,Y,,,KY,MAXIMUS MISCHIEF,MAXIMUS MISCHIEF,TRUE BOOTS,TRUE BOOTS,YES IT'S TRUE,YES IT'S TRUE,,,,,,,,BLUEWATER SALES LLC AGENT II,,,,LARRY ROMERO & JOE DAVIS & JD RACING,,,,55000,USD,https://vimeo.com/842299469?share=copy,,,TB,2022
2023,Y,23FTJULYYR,2023-07-11,1,1,225,225,,,,,2022-04-07,1,CH,F,,Y,,,KY,CARACARO,CARACARO,TURLINGTON,TURLINGTON,TAPIZAR,TAPIZAR,,,,,,,,PARAMOUNT SALES AGENT III,,,,III BEAUTYS THOROUGHBRED LLC,,,,21000,USD,https://vimeo.com/843496126?share=copy,,,TB,2022
2023,Y,23FTJULYYR,2023-07-11,1,1,226,226,,,,,2022-03-10,1,B,C,,Y,,,KY,MENDELSSOHN,MENDELSSOHN,TWISTED ADAGE,TWISTED ADAGE,HARD SPUN,HARD SPUN,,,,,,,,STUART MORRIS AGENT VI,,,,SILVERTON HILL,,,,35000,USD,,,,TB,2022
2023,Y,23FTJULYYR,2023-07-11,1,1,227,227,,,,,2022-03-30,1,DKB,F,,Y,,,KY,BOLT D'ORO,BOLT D'ORO,TWO TIMING GIRL,TWO TIMING GIRL,TWO STEP SALSA,TWO STEP SALSA,,,,,,,,BUCK POND FARM (DOUGLAS S. ARNOLD) AGENT,,,,NOT SOLD,,,,32000,USD,,,,TB,2022
2023,Y,23FTJULYYR,2023-07-11,1,1,228,228,,,,,2022-02-05,1,B,C,,Y,,,KY,MAXIMUM SECURITY,MAXIMUM SECURITY,UNBRIDLED REWARD,UNBRIDLED REWARD,WARRIOR'S REWARD,WARRIOR'S REWARD,,,,,,,,WARRENDALE SALES AGENT VII,,,,MCMAHON AND HILL BLOODSTOCK AGENT BOURBON LANE,,,,90000,USD,https://vimeo.com/841262196?share=copy,,,TB,2022
2023,Y,23FTJULYYR,2023-07-11,1,1,229,229,,,,,2022-04-12,1,GRR,F,,Y,,,KY,OMAHA BEACH,OMAHA BEACH,UNCONTROLLED,UNCONTROLLED,UNBRIDLED'S SONG,UNBRIDLED'S SONG,,,,,,,,KATIERICH FARMS,,,,NOT SOLD,,,,30000,USD,https://vimeo.com/839048122,,,TB,2022
2023,Y,23FTJULYYR,2023-07-11,1,1,230,230,,,,,2022-02-19,1,CH,F,,Y,,,TX,TAPITURE,TAPITURE,UPSTAGE,UPSTAGE,CURLIN,CURLIN,,,,,,,,STRAIGHT LINE EQUINE SALES AGENT,,,,JAYDE J. GELNER,,,,35000,USD,,,,TB,2022
2023,Y,23FTJULYYR,2023-07-11,1,1,231,231,,,,,2022-04-10,1,GRR,F,,Y,,,KY,CROSS TRAFFIC,CROSS TRAFFIC,URQUIA,URQUIA,SCAT DADDY,SCAT DADDY,,,,,,,,VINERY SALES AGENT III,,,,STOP TRAFIC STABLES,,,,95000,USD,,,,TB,2022
2023,Y,23FTJULYYR,2023-07-11,1,1,232,232,,,,,2022-02-07,1,B,C,,Y,,,KY,MITOLE,MITOLE,WARRIOR'S WAY,WARRIOR'S WAY,QUALITY ROAD,QUALITY ROAD,,,,,,,,FOUR STAR SALES AGENT FOR D.C. GOFF,,,,GINA FENNELL,,,,75000,USD,,,,TB,2022
2023,Y,23FTJULYYR,2023-07-11,1,1,233,233,,,,,2022-04-17,1,CH,F,,Y,,,KY,ARMY MULE,ARMY MULE,WHIFF,WHIFF,GIANT'S CAUSEWAY,GIANT'S CAUSEWAY,,,,,,,,PARAMOUNT SALES AGENT X,,,,PABLO STABLES,,,,140000,USD,https://vimeo.com/843496330?share=copy,,,TB,2022
2023,Y,23FTJULYYR,2023-07-11,1,1,234,234,,,,,2022-02-10,1,DKB,C,,Y,,,KY,MALIBU MOON,MALIBU MOON,WHISPERING BEAUTY,WHISPERING BEAUTY,ARCH,ARCH,,,,,,,,FRANKFORT PARK FARM AGENT,,,,OUT,,,,0,USD,https://vimeo.com/841703018?share=copy,,,TB,2022
2023,Y,23FTJULYYR,2023-07-11,1,1,235,235,,,,,2022-02-15,1,GRR,F,,Y,,,KY,VOLATILE,VOLATILE,WHISPER TO ME,WHISPER TO ME,THUNDER GULCH,THUNDER GULCH,,,,,,,,TAYLOR MADE SALES AGENCY AGENT LVI,,,,KENNETH MCPEEKAGENT,,,,285000,USD,https://youtu.be/Yysd45bFibQ,,,TB,2022
2023,Y,23FTJULYYR,2023-07-11,1,1,236,236,,,,,2022-03-23,1,B,F,,Y,,,KY,INSTAGRAND,INSTAGRAND,WICKEDLY,WICKEDLY,MR. GREELEY,MR. GREELEY,,,,,,,,GAINESWAY AGENT I,,,,QUARTER POLE ENTERPRISES LLC,,,,60000,USD,https://vimeo.com/842028724?share=copy,,,TB,2022
2023,Y,23FTJULYYR,2023-07-11,1,1,237,237,,,,,2022-02-14,1,CH,F,,Y,,,MN,FLAMEAWAY,FLAMEAWAY,WIN MONEY MY HONEY,WIN MONEY MY HONEY,AWESOME AGAIN,AWESOME AGAIN,,,,,,,,BALLYSAX BLOODSTOCK AGENT II,,,,DJ STABLE LLC,,,,15000,USD,https://vimeo.com/841823107?share=copy,,,TB,2022
2023,Y,23FTJULYYR,2023-07-11,1,1,238,238,,,,,2022-03-27,1,GRR,F,,Y,,,KY,BOLT D'ORO,BOLT D'ORO,WINNING DOE,WINNING DOE,RUNNING STAG,RUNNING STAG,,,,,,,,SUMMERFIELD (FRANCIS & BARBARA VANLANGENDONCK) AGENT,,,,NOT SOLD,,,,85000,USD,https://vimeo.com/843405656?share=copy,,,TB,2022
2023,Y,23FTJULYYR,2023-07-11,1,1,239,239,,,,,2022-03-09,1,DKB,F,,Y,,,TX,CARACARO,CARACARO,WINNING POINT,WINNING POINT,POINT GIVEN,POINT GIVEN,,,,,,,,STUART MORRIS AGENT V,,,,NOT SOLD,,,,29000,USD,https://vimeo.com/843440925?share=copy,,,TB,2022
2023,Y,23FTJULYYR,2023-07-11,1,1,240,240,,,,,2022-03-28,1,CH,F,,Y,,,KY,VEKOMA,VEKOMA,WINNING RHYTHM,WINNING RHYTHM,GIANT'S CAUSEWAY,GIANT'S CAUSEWAY,,,,,,,,HIGHGATE SALES AGENT FOR HREH RAISED AT SPRINGHILL EQUINE,,,,OUT,,,,0,USD,,,,TB,2022
2023,Y,23FTJULYYR,2023-07-11,1,1,241,241,,,,,2022-03-10,1,DKB,C,,Y,,,ON,MUNNINGS,MUNNINGS,WINNING SCOOP,WINNING SCOOP,BERNARDINI,BERNARDINI,,,,,,,,TAYLOR MADE SALES AGENCY AGENT LXXXIV,,,,DJ STABLE LLC,,,,75000,USD,https://vimeo.com/841843237?share=copy,,,TB,2022
2023,Y,23FTJULYYR,2023-07-11,1,1,242,242,,,,,2022-02-02,1,B,F,,Y,,,KY,GLOBAL CAMPAIGN,GLOBAL CAMPAIGN,WINONA,WINONA,LEMON DROP KID,LEMON DROP KID,,,,,,,,FOUR STAR SALES AGENT,,,,TALLA RACING KIM LLOYD AGENT,,,,175000,USD,https://vimeo.com/843367208?share=copy,,,TB,2022
2023,Y,23FTJULYYR,2023-07-11,1,1,243,243,,,,,2022-02-16,1,CH,F,,Y,,,KY,LORD NELSON,LORD NELSON,WONDER STONE,WONDER STONE,SUPER SAVER,SUPER SAVER,,,,,,,,GAINESWAY AGENT II,,,,OUT,,,,0,USD,,,,TB,2022
2023,Y,23FTJULYYR,2023-07-11,1,1,244,244,,,,,2022-03-16,1,B,F,,Y,,,KY,MITOLE,MITOLE,WYN JYM,WYN JYM,PROUD CITIZEN,PROUD CITIZEN,,,,,,,,HIGHGATE SALES AGENT VI,,,,BMS INC,,,,47000,USD,https://vimeo.com/841825440,,,TB,2022
2023,Y,23FTJULYYR,2023-07-11,1,1,245,245,,,,,2022-05-06,1,B,C,,Y,,,KY,GHOSTZAPPER,GHOSTZAPPER,YOU BOUGHT HER,YOU BOUGHT HER,GRAEME HALL,GRAEME HALL,,,,,,,,FUNNY FARM KY,,,,BOARDSHORTS,,,,125000,USD,,,,TB,2022
2023,Y,23FTJULYYR,2023-07-11,1,1,246,246,,,,,2022-02-03,1,CH,F,,Y,,,KY,NOT THIS TIME,NOT THIS TIME,ADORE,ADORE,BIG BROWN,BIG BROWN,,,,,,,,AIRDRIE STUD RAISED & OFFERED,,,,NOT SOLD,,,,145000,USD,https://vimeo.com/843368605,,,TB,2022
2023,Y,23FTJULYYR,2023-07-11,1,1,247,247,,,,,2022-04-04,1,B,C,,Y,,,KY,DISTORTED HUMOR,DISTORTED HUMOR,AERIAL ASSETS,AERIAL ASSETS,INTO MISCHIEF,INTO MISCHIEF,,,,,,,,PARAMOUNT SALES AGENT XI,,,,NOT SOLD,,,,115000,USD,https://vimeo.com/843523671?share=copy,,,TB,2022
2023,Y,23FTJULYYR,2023-07-11,1,1,248,248,,,,,2022-02-19,1,B,F,,Y,,,LA,MIDSHIPMAN,MIDSHIPMAN,ALWAYS HERE TOO,ALWAYS HERE TOO,INCLUDE,INCLUDE,,,,,,,,TAYLOR MADE SALES AGENCY AGENT CC,,,,KEITH PLAISANCE,,,,75000,USD,https://youtu.be/CnN_7Q4kZAs,,,TB,2022
2023,Y,23FTJULYYR,2023-07-11,1,1,249,249,,,,,2022-03-14,1,B,F,,Y,,,KY,BROKEN VOW,BROKEN VOW,ALWAYS IN MY HEART,ALWAYS IN MY HEART,HENNESSY,HENNESSY,,,,,,,,TAYLOR MADE SALES AGENCY AGENT LXXXVI,,,,KENNETH R KACHEL,,,,40000,USD,https://youtu.be/_N21Oot1rGs,,,TB,2022
2023,Y,23FTJULYYR,2023-07-11,1,1,250,250,,,,,2022-03-06,1,B,C,,Y,,,KY,MOR SPIRIT,MOR SPIRIT,AMARONI,AMARONI,DESERT PARTY,DESERT PARTY,,,,,,,,MACHMER HALL SALES AGENT III,,,,DENNIS A DRAZIN,,,,60000,USD,https://vimeo.com/843384224?share=copy,,,TB,2022
2023,Y,23FTJULYYR,2023-07-11,1,1,251,251,,,,,2022-01-24,1,B,F,,Y,,,KY,OUTWORK,OUTWORK,AMAZONIAN,AMAZONIAN,MALIBU MOON,MALIBU MOON,,,,,,,,GLOBAL EQUINE PRODUCTIONS AGENT,,,,DEW SWEEPERS III LLC,,,,80000,USD,,,,TB,2022
2023,Y,23FTJULYYR,2023-07-11,1,1,252,252,,,,,2022-04-09,1,B,F,,Y,,,KY,MO TOWN,MO TOWN,A MERRY SONG,A MERRY SONG,GONE ASTRAY,GONE ASTRAY,,,,,,,,PARAMOUNT SALES AGENT V,,,,HIDDENBROOKAGENT,,,,70000,USD,https://vimeo.com/843496569?share=copy,,,TB,2022
2023,Y,23FTJULYYR,2023-07-11,1,1,253,253,,,,,2022-04-03,1,DKB,C,,Y,,,KY,UNIFIED,UNIFIED,APALACHEE SONG,APALACHEE SONG,SONGANDAPRAYER,SONGANDAPRAYER,,,,,,,,PARAMOUNT SALES AGENT XV,,,,ALBERT DAVIS,,,,70000,USD,https://vimeo.com/843026418?share=copy,,,TB,2022
2023,Y,23FTJULYYR,2023-07-11,1,1,254,254,,,,,2022-01-29,1,DKB,C,,Y,,,KY,CATHOLIC BOY,CATHOLIC BOY,APPEALING HONOR,APPEALING HONOR,QUALITY ROAD,QUALITY ROAD,,,,,,,,TAYLOR MADE SALES AGENCY AGENT XI,,,,NOT SOLD,,,,17000,USD,https://youtu.be/m3RK4f1pUJw,,,TB,2022
2023,Y,23FTJULYYR,2023-07-11,1,1,255,255,,,,,2022-03-08,1,CH,C,,Y,,,KY,DIALED IN,DIALED IN,ARISIA,ARISIA,DECLARATION OF WAR,DECLARATION OF WAR,,,,,,,,PARAMOUNT SALES AGENT II,,,,LOTHENBACH STABLES INC,,,,150000,USD,https://vimeo.com/840211506?share=copy,,,TB,2022
2023,Y,23FTJULYYR,2023-07-11,1,1,256,256,,,,,2022-03-17,1,DKB,F,,Y,,,KY,DIALED IN,DIALED IN,ARTISANAL,ARTISANAL,MORE THAN READY,MORE THAN READY,,,,,,,,FOUR STAR SALES AGENT,,,,JOHN O'MEARA,,,,12000,USD,https://vimeo.com/843368225?share=copy,,,TB,2022
2023,Y,23FTJULYYR,2023-07-11,1,1,257,257,,,,,2022-02-26,1,GRR,F,,Y,,,KY,KANTHAROS,KANTHAROS,ATLANTIC PARK,ATLANTIC PARK,AWESOME AGAIN,AWESOME AGAIN,,,,,,,,TAYLOR MADE SALES AGENCY AGENT XV,,,,SUSAN MOULTON,,,,100000,USD,https://vimeo.com/843041518,,,TB,2022
2023,Y,23FTJULYYR,2023-07-11,1,1,258,258,,,,,2022-03-11,1,B,C,,Y,,,KY,COMPLEXITY,COMPLEXITY,AUSPICIOUSLY,AUSPICIOUSLY,MALIBU MOON,MALIBU MOON,,,,,,,,HIGHGATE SALES AGENT FOR HREH RAISED AT SPRINGHILL EQUINE,,,,NOT SOLD,,,,35000,USD,https://vimeo.com/841825517,,,TB,2022
2023,Y,23FTJULYYR,2023-07-11,1,1,259,259,,,,,2022-02-17,1,B,F,,Y,,,MN,FLAMEAWAY,FLAMEAWAY,BADGE OF HONOR,BADGE OF HONOR,BADGE OF SILVER,BADGE OF SILVER,,,,,,,,BALLYSAX BLOODSTOCK AGENT II,,,,BAHA BLOODSTOCK,,,,20000,USD,https://vimeo.com/841823167?share=copy,,,TB,2022
2023,Y,23FTJULYYR,2023-07-11,1,1,260,260,,,,,2022-03-16,1,B,F,,Y,,,ON,MACLEAN'S MUSIC,MACLEAN'S MUSIC,BANGA RIDGE,BANGA RIDGE,SNOW RIDGE,SNOW RIDGE,,,,,,,,CARA BLOODSTOCK AGENT FOR SAINTSBURY FARMS (JAY & CHRISTINE HAYDEN),,,,FERNHILL STABLES LLC,,,,50000,USD,https://vimeo.com/842676797?share=copy,,,TB,2022
2023,Y,23FTJULYYR,2023-07-11,1,1,261,261,,,,,2022-03-20,1,GRR,F,,Y,,,KY,LIAM'S MAP,LIAM'S MAP,BASAATA,BASAATA,DIXIELAND BAND,DIXIELAND BAND,,,,,,,,SHAWHAN PLACE AGENT II,,,,OUT,,,,0,USD,https://vimeo.com/841847807?share=copy,,,TB,2022
2023,Y,23FTJULYYR,2023-07-11,1,1,262,262,,,,,2022-03-14,1,CH,C,,Y,,,KY,ECHO TOWN,ECHO TOWN,BAYOU MISS,BAYOU MISS,DIXIE UNION,DIXIE UNION,,,,,,,,GAINESWAY AGENT VII,,,,NOT SOLD,,,,65000,USD,https://vimeo.com/841641370?share=copy,,,TB,2022
2023,Y,23FTJULYYR,2023-07-11,1,1,263,263,,,,,2022-01-31,1,DKB,C,,Y,,,KY,TONALIST,TONALIST,BEECHWOOD,BEECHWOOD,FORESTRY,FORESTRY,,,,,,,,VINERY SALES AGENT II,,,,P LAWLEY-WAKELIN AGENT FOR R S EVANS,,,,35000,USD,,,,TB,2022
2023,Y,23FTJULYYR,2023-07-11,1,1,264,264,,,,,2022-02-09,1,B,F,,Y,,,TX,VINO ROSSO,VINO ROSSO,BELLE FORCE,BELLE FORCE,POWER BROKER,POWER BROKER,,,,,,,,PARAMOUNT SALES AGENT VII,,,,OUT,,,,0,USD,,,,TB,2022
2023,Y,23FTJULYYR,2023-07-11,1,1,265,265,,,,,2022-03-07,1,CH,F,,Y,,,KY,AUDIBLE,AUDIBLE,BE SMART,BE SMART,SMARTY JONES,SMARTY JONES,,,,,,,,ST GEORGE SALES AGENT V,,,,OUT,,,,0,USD,,,,TB,2022
2023,Y,23FTJULYYR,2023-07-11,1,1,266,266,,,,,2022-04-15,1,CH,F,,Y,,,KY,COMPLEXITY,COMPLEXITY,BESTINTHEBUSINESS,BESTINTHEBUSINESS,GHOSTZAPPER,GHOSTZAPPER,,,,,,,,AIRDRIE STUD RAISED & OFFERED,,,,SCANLON TRAINING & SALES,,,,100000,USD,https://vimeo.com/843369177,,,TB,2022
2023,Y,23FTJULYYR,2023-07-11,1,1,267,267,,,,,2022-03-06,1,DKB,C,,Y,,,KY,ARMY MULE,ARMY MULE,BIG ROSE,BIG ROSE,PIONEEROF THE NILE,PIONEEROF THE NILE,,,,,,,,MACHMER HALL SALES AGENT FOR MACHMER HALL ET AL II,,,,NOT SOLD,,,,75000,USD,https://vimeo.com/841189696?share=copy,,,TB,2022
2023,Y,23FTJULYYR,2023-07-11,1,1,268,268,,,,,2022-02-06,1,CH,C,,Y,,,OH,MITOLE,MITOLE,BIRDACIOUS,BIRDACIOUS,BIRDRUN,BIRDRUN,,,,,,,,SHELTOWEE SALES AGENT,,,,NICKY AND STACEY ROWELL,,,,35000,USD,https://vimeo.com/842790543?share=copy,,,TB,2022
2023,Y,23FTJULYYR,2023-07-11,1,1,269,269,,,,,2022-04-05,1,CH,F,,Y,,,ON,GOOD MAGIC,GOOD MAGIC,BITTERSWEET RIDE,BITTERSWEET RIDE,CANDY RIDE (ARG),CANDY RIDE (ARG),,,,,,,,CARA BLOODSTOCK AGENT FOR SAINTSBURY FARMS (JAY & CHRISTINE HAYDEN),,,,X-MEN RACING,,,,70000,USD,https://vimeo.com/842676856?share=copy,,,TB,2022
2023,Y,23FTJULYYR,2023-07-11,1,1,270,270,,,,,2022-02-12,1,CH,F,,Y,,,KY,ARMY MULE,ARMY MULE,BITZKA,BITZKA,TIAGO,TIAGO,,,,,,,,BUCKLAND SALES (ZACH MADDEN) AGENT,,,,QUARTER POLE ENTERPRISES LLC,,,,77000,USD,https://vimeo.com/842665986?share=copy,,,TB,2022
2023,Y,23FTJULYYR,2023-07-11,1,1,271,271,,,,,2022-03-28,1,DKB,F,,Y,,,KY,GAME WINNER,GAME WINNER,BLACK CORONAS,BLACK CORONAS,CURLIN,CURLIN,,,,,,,,FOUR STAR SALES AGENT,,,,NOT SOLD,,,,85000,USD,https://vimeo.com/843372254?share=copy,,,TB,2022
2023,Y,23FTJULYYR,2023-07-11,1,1,272,272,,,,,2022-03-14,1,B,C,,Y,,,KY,VIOLENCE,VIOLENCE,BLOCK,BLOCK,DYNAFORMER,DYNAFORMER,,,,,,,,PARAMOUNT SALES AGENT XIV,,,,NOT SOLD,,,,72000,USD,https://vimeo.com/841864394?share=copy,,,TB,2022
2023,Y,23FTJULYYR,2023-07-11,1,1,273,273,,,,,2022-03-02,1,B,F,,Y,,,FL,AUTHENTIC,AUTHENTIC,BLUE,BLUE,PIONEEROF THE NILE,PIONEEROF THE NILE,,,,,,,,FOUR STAR SALES AGENT FOR WESTBURY STABLES,,,,NOT SOLD,,,,145000,USD,https://vimeo.com/843057774?share=copy,,,TB,2022
2023,Y,23FTJULYYR,2023-07-11,1,1,275,275,,,,,2022-02-25,1,B,C,,Y,,,KY,ARMY MULE,ARMY MULE,BLUEGRASS SUNSET,BLUEGRASS SUNSET,HARD SPUN,HARD SPUN,,,,,,,,PARAMOUNT SALES AGENT XVIII,,,,LAUREN CARLISLEAGENT,,,,60000,USD,https://vimeo.com/842607393?share=copy,,,TB,2022
2023,Y,23FTJULYYR,2023-07-11,1,1,276,276,,,,,2022-02-25,1,B,C,,Y,,,ON,GOOD MAGIC,GOOD MAGIC,BOLA DE CRISTAL (IRE),BOLA DE CRISTAL (IRE),GALILEO (IRE),GALILEO (IRE),,,,,,,,CARA BLOODSTOCK AGENT FOR SAINTSBURY FARMS (JAY & CHRISTINE HAYDEN),,,,WESLEY WARD,,,,330000,USD,https://vimeo.com/842676959?share=copy,,,TB,2022
2023,Y,23FTJULYYR,2023-07-11,1,1,277,277,,,,,2022-04-26,1,B,C,,Y,,,KY,TWIRLING CANDY,TWIRLING CANDY,BROWNIE POINTS,BROWNIE POINTS,FOREST WILDCAT,FOREST WILDCAT,,,,,,,,DENALI STUD AGENT FOR JOSEPHINE E. ABERCROMBIE TRUST,,,,MATTHEW DAVIS,,,,70000,USD,https://vimeo.com/843540482?share=copy,,,TB,2022
2023,Y,23FTJULYYR,2023-07-11,1,1,278,278,,,,,2022-03-15,1,GRR,F,,Y,,,PA,CARAVAGGIO,CARAVAGGIO,BRUSH UP,BRUSH UP,BROKEN VOW,BROKEN VOW,,,,,,,,TAYLOR MADE SALES AGENCY AGENT XCVII,,,,OUT,,,,0,USD,,,,TB,2022
2023,Y,23FTJULYYR,2023-07-11,1,1,279,279,,,,,2022-02-02,1,B,F,,Y,,,KY,MAXIMUS MISCHIEF,MAXIMUS MISCHIEF,BUSBY SPRING,BUSBY SPRING,KITTEN'S JOY,KITTEN'S JOY,,,,,,,,FRANKFORT PARK FARM AGENT,,,,DANNY R CALDWELL,,,,20000,USD,https://vimeo.com/841702965?share=copy,,,TB,2022
2023,Y,23FTJULYYR,2023-07-11,1,1,280,280,,,,,2022-03-06,1,B,C,,Y,,,KY,BAYERN,BAYERN,CAGED MISTRESS,CAGED MISTRESS,MINISTERS WILD CAT,MINISTERS WILD CAT,,,,,,,,GLOBAL EQUINE PRODUCTIONS AGENT,,,,NOT SOLD,,,,47000,USD,,,,TB,2022
2023,Y,23FTJULYYR,2023-07-11,1,1,281,281,,,,,2022-01-26,1,B,F,,Y,,,KY,LIAM'S MAP,LIAM'S MAP,CALINAS SONG,CALINAS SONG,ELUSIVE QUALITY,ELUSIVE QUALITY,,,,,,,,LANE'S END AGENT,,,,SELECTIVE LLC/CARY BLOODSTOCK AGENT,,,,210000,USD,https://vimeo.com/843062265/5e76adc540?share=copy,,,TB,2022
2023,Y,23FTJULYYR,2023-07-11,1,1,282,282,,,,,2022-04-17,1,B,F,,Y,,,IA,MO TOWN,MO TOWN,CAPITAL DEPLOYMENT,CAPITAL DEPLOYMENT,HARLAN'S HOLIDAY,HARLAN'S HOLIDAY,,,,,,,,CLIFTON FARM LLC,,,,NOT SOLD,,,,19000,USD,,,,TB,2022
2023,Y,23FTJULYYR,2023-07-11,1,1,283,283,,,,,2022-01-27,1,CH,F,,Y,,,KY,DAREDEVIL,DAREDEVIL,C. C. ZIPP,C. C. ZIPP,CITY ZIP,CITY ZIP,,,,,,,,TAYLOR MADE SALES AGENCY AGENT XI,,,,NOT SOLD,,,,52000,USD,https://youtu.be/EAI8IoB7cDk,,,TB,2022
2023,Y,23FTJULYYR,2023-07-11,1,1,284,284,,,,,2022-04-16,1,DKB,C,,Y,,,KY,LAOBAN,LAOBAN,CHAOTIC CAT,CHAOTIC CAT,TALE OF THE CAT,TALE OF THE CAT,,,,,,,,BLUEWATER SALES LLC AGENT VIII,,,,OUT,,,,0,USD,https://vimeo.com/842299912?share=copy,,,TB,2022
2023,Y,23FTJULYYR,2023-07-11,1,1,285,285,,,,,2022-03-15,1,B,F,,Y,,,KY,BOLT D'ORO,BOLT D'ORO,CHO HAS ZIP,CHO HAS ZIP,CITY ZIP,CITY ZIP,,,,,,,,TAYLOR MADE SALES AGENCY AGENT LXXXIX,,,,TIGER RACING,,,,77000,USD,https://youtu.be/edvC9CgZpMM,,,TB,2022
2023,Y,23FTJULYYR,2023-07-11,1,1,286,286,,,,,2022-03-09,1,CH,F,,Y,,,MD,GOOD MAGIC,GOOD MAGIC,CLEVER GIRL,CLEVER GIRL,BIONDETTI,BIONDETTI,,,,,,,,GREENMOUNT FARM AGENT,,,,OUT,,,,0,USD,,,,TB,2022
2023,Y,23FTJULYYR,2023-07-11,1,1,287,287,,,,,2022-02-21,1,GRR,C,,Y,,,KY,THE FACTOR,THE FACTOR,COMPLEX ANALYSIS,COMPLEX ANALYSIS,DISTORTED HUMOR,DISTORTED HUMOR,,,,,,,,BRANDYWINE FARM (JIM & PAM ROBINSON),,,,SUSAN MOULTON,,,,65000,USD,https://vimeo.com/838105574?share=copy,,,TB,2022
2023,Y,23FTJULYYR,2023-07-11,1,1,288,288,,,,,2022-02-21,1,CH,F,,Y,,,KY,HARD SPUN,HARD SPUN,CONQUEST SUPERSTEP,CONQUEST SUPERSTEP,SUPER SAVER,SUPER SAVER,,,,,,,,FUNNY FARM KY,,,,RIGNEY RACING LLC,,,,100000,USD,,,,TB,2022
2023,Y,23FTJULYYR,2023-07-11,1,1,289,289,,,,,2022-03-08,1,B,C,,Y,,,KY,BLAME,BLAME,BARBARA GORDON,BARBARA GORDON,COMMISSIONER,COMMISSIONER,,,,,,,,GAINESWAY AGENT VIII,,,,KENNETH MCPEEKAGENT BACCARI DWF,,,,310000,USD,https://vimeo.com/840626700?share=copy,,,TB,2022
2023,Y,23FTJULYYR,2023-07-11,1,1,290,290,,,,,2022-02-19,1,CH,C,,Y,,,KY,CONNECT,CONNECT,COUNTRY WOMAN,COUNTRY WOMAN,STREET CRY (IRE),STREET CRY (IRE),,,,,,,,ST GEORGE SALES AGENT VI,,,,NOT SOLD,,,,10000,USD,,,,TB,2022
2023,Y,23FTJULYYR,2023-07-11,1,1,291,291,,,,,2022-02-22,1,B,C,,Y,,,FL,OMAHA BEACH,OMAHA BEACH,COURAGEOUS CAJUN,COURAGEOUS CAJUN,TREASURE BEACH (GB),TREASURE BEACH (GB),,,,,,,,STUART MORRIS AGENT I,,,,NOT SOLD,,,,95000,USD,https://vimeo.com/843440976?share=copy,,,TB,2022
2023,Y,23FTJULYYR,2023-07-11,1,1,292,292,,,,,2022-03-15,1,B,C,,Y,,,KY,TIZ THE LAW,TIZ THE LAW,COZZE UP LADY,COZZE UP LADY,COZZENE,COZZENE,,,,,,,,TAYLOR MADE SALES AGENCY AGENT XCII,,,,NOT SOLD,,,,170000,USD,https://vimeo.com/841865492?share=copy,,,TB,2022
2023,Y,23FTJULYYR,2023-07-11,1,1,293,293,,,,,2022-04-20,1,GRR,F,,Y,,,KY,LIAM'S MAP,LIAM'S MAP,CREATE A STAR,CREATE A STAR,CREATIVE CAUSE,CREATIVE CAUSE,,,,,,,,TAYLOR MADE SALES AGENCY AGENT LXVIII,,,,NOT SOLD,,,,62000,USD,https://youtu.be/UcBE8JXpR5k,,,TB,2022
2023,Y,23FTJULYYR,2023-07-11,1,1,294,294,,,,,2022-03-07,1,DKB,F,,Y,,,KY,TIZ THE LAW,TIZ THE LAW,CRYPTOBULLET,CRYPTOBULLET,BERNARDINI,BERNARDINI,,,,,,,,PARAMOUNT SALES AGENT III,,,,LARRY MEJIAS,,,,90000,USD,https://vimeo.com/843496719?share=copy,,,TB,2022
2023,Y,23FTJULYYR,2023-07-11,1,1,295,295,,,,,2022-02-12,1,CH,F,,Y,,,KY,PRACTICAL JOKE,PRACTICAL JOKE,C U AT EAU CLAIRE,C U AT EAU CLAIRE,HAYNESFIELD,HAYNESFIELD,,,,,,,,BUCK POND FARM (DOUGLAS S. ARNOLD) AGENT,,,,ED & SUSIE ORR,,,,170000,USD,https://youtu.be/6oGHcQhyzQ0,,,TB,2022
2023,Y,23FTJULYYR,2023-07-11,1,1,296,296,,,,,2022-01-08,1,B,F,,Y,,,KY,MEDAGLIA D'ORO,MEDAGLIA D'ORO,DAKOTA WIND,DAKOTA WIND,TIZNOW,TIZNOW,,,,,,,,BLUEWATER SALES LLC AGENT III,,,,OUT,,,,0,USD,,,,TB,2022
2023,Y,23FTJULYYR,2023-07-11,1,1,297,297,,,,,2022-04-10,1,CH,C,,Y,,,IA,DIALED IN,DIALED IN,DAMARIS,DAMARIS,BWANA CHARLIE,BWANA CHARLIE,,,,,,,,WYNNSTAY SALES AGENT II,,,,OUT,,,,0,USD,https://vimeo.com/842351862?share=copy,,,TB,2022
2023,Y,23FTJULYYR,2023-07-11,1,1,298,298,,,,,2022-02-18,1,B,F,,Y,,,KY,CITY OF LIGHT,CITY OF LIGHT,DANA POINT,DANA POINT,UNION RAGS,UNION RAGS,,,,,,,,TAYLOR MADE SALES AGENCY AGENT,,,,SIX SIX FOUR,,,,27000,USD,,,,TB,2022
2023,Y,23FTJULYYR,2023-07-11,1,1,299,299,,,,,2022-03-04,1,B,C,,Y,,,OK,GOLDENCENTS,GOLDENCENTS,DANCING FLAME,DANCING FLAME,SEEKING THE GOLD,SEEKING THE GOLD,,,,,,,,SCOTT MALLORY AGENT FOR JESSE ULLERY ET AL,,,,NOT SOLD,,,,29000,USD,https://vimeo.com/843395892,,,TB,2022
2023,Y,23FTJULYYR,2023-07-11,1,1,300,300,,,,,2022-04-26,1,DKB,C,,Y,,,PA,OUTWORK,OUTWORK,DANCINGINTHESTREET,DANCINGINTHESTREET,STREET BOSS,STREET BOSS,,,,,,,,TAYLOR MADE SALES AGENCY AGENT XCVI,,,,THOMAS & MITCHELL BLOODSTOCK,,,,35000,USD,https://youtu.be/dAuypgZUajc,,,TB,2022
2023,Y,23FTJULYYR,2023-07-11,1,1,301,301,,,,,2022-03-17,1,B,F,,Y,,,KY,LAOBAN,LAOBAN,DARYANNA,DARYANNA,FRIENDS LAKE,FRIENDS LAKE,,,,,,,,EATON SALES AGENT,,,,OUT,,,,0,USD,https://vimeo.com/843490261?share=copy,,,TB,2022
2023,Y,23FTJULYYR,2023-07-11,1,1,302,302,,,,,2022-05-07,1,B,C,,Y,,,KY,GOLDENCENTS,GOLDENCENTS,DELIZIA,DELIZIA,DISTANT VIEW,DISTANT VIEW,,,,,,,,PARAMOUNT SALES AGENT II,,,,NOT SOLD,,,,10000,USD,https://vimeo.com/843529687?share=copy,,,TB,2022
2023,Y,23FTJULYYR,2023-07-11,1,1,303,303,,,,,2022-02-24,1,DKB,C,,Y,,,KY,NOT THIS TIME,NOT THIS TIME,DEVIOUS D'ORO,DEVIOUS D'ORO,MEDAGLIA D'ORO,MEDAGLIA D'ORO,,,,,,,,TAYLOR MADE SALES AGENCY AGENT FOR THE DISPERSAL OF WHITE FOX FARM,,,,ALBAUGH FAMILY STABLES,,,,120000,USD,https://youtu.be/j2rhPxcjzk8,,,TB,2022
2023,Y,23FTJULYYR,2023-07-11,1,1,304,304,,,,,2022-03-23,1,B,C,,Y,,,KY,LAOBAN,LAOBAN,DIAMOND RING,DIAMOND RING,MALIBU MOON,MALIBU MOON,,,,,,,,BRIDIE HARRISON AGENT FOR PETER E. BLUM THOROUGHBREDS,,,,NOT SOLD,,,,28000,USD,https://vimeo.com/841329806,,,TB,2022
2023,Y,23FTJULYYR,2023-07-11,1,1,305,305,,,,,2022-03-21,1,B,C,,Y,,,KY,MALIBU MOON,MALIBU MOON,DIXIE SONG,DIXIE SONG,FUSAICHI PEGASUS,FUSAICHI PEGASUS,,,,,,,,BRANDYWINE FARM (JIM & PAM ROBINSON),,,,THISTLE FARMS,,,,55000,USD,https://vimeo.com/838105666?share=copy,,,TB,2022
2023,Y,23FTJULYYR,2023-07-11,1,1,306,306,,,,,2022-02-28,1,DKB,C,,Y,,,KY,COMPLEXITY,COMPLEXITY,DIXIE UNIONESS,DIXIE UNIONESS,DIXIE UNION,DIXIE UNION,,,,,,,,INDIAN CREEK AGENT,,,,NOT SOLD,,,,95000,USD,https://vimeo.com/842156495?share=copy,,,TB,2022
2023,Y,23FTJULYYR,2023-07-11,1,1,307,307,,,,,2022-03-21,1,DKB,C,,Y,,,KY,VIOLENCE,VIOLENCE,DOUBLE,DOUBLE,BERNARDINI,BERNARDINI,,,,,,,,BROOKDALE SALES AGENT FOR MINEOLA FARM,,,,RUSTY ROBERTSAGENT,,,,10000,USD,,,,TB,2022
2023,Y,23FTJULYYR,2023-07-11,1,1,308,308,,,,,2022-04-26,1,CH,F,,Y,,,LA,GET STORMY,GET STORMY,DOUBLE DOWN BRITT,DOUBLE DOWN BRITT,GOOD AND TOUGH,GOOD AND TOUGH,,,,,,,,TAYLOR MADE SALES AGENCY AGENT XLIX,,,,NOT SOLD,,,,22000,USD,https://youtu.be/DgwqMOKv5_Q,,,TB,2022
2023,Y,23FTJULYYR,2023-07-11,1,1,309,309,,,,,2022-03-24,1,B,F,,Y,,,KY,OSCAR PERFORMANCE,OSCAR PERFORMANCE,EFFECTIVE,EFFECTIVE,BLAME,BLAME,,,,,,,,MILL RIDGE SALES AGENT,,,,NOT SOLD,,,,47000,USD,https://www.youtube.com/watch?v=0PhHCrwT1Wo,,,TB,2022
2023,Y,23FTJULYYR,2023-07-11,1,1,310,310,,,,,2022-03-04,1,GRR,C,,Y,,,KY,CAIRO PRINCE,CAIRO PRINCE,ELBE (GB),ELBE (GB),DANSILI (GB),DANSILI (GB),,,,,,,,TAYLOR MADE SALES AGENCY AGENT LXX,,,,JOHNSON AND MAYBERRY,,,,70000,USD,https://youtu.be/4V6Nzs7xxZg,,,TB,2022
2023,Y,23FTJULYYR,2023-07-11,1,1,311,311,,,,,2022-02-10,1,DKB,F,,Y,,,KY,HONOR A. P.,HONOR A. P.,ELUSIVE JACKPOT,ELUSIVE JACKPOT,ELUSIVE QUALITY,ELUSIVE QUALITY,,,,,,,,STRAIGHT LINE EQUINE SALES AGENT,,,,MAIN LINE/AVALON RACING,,,,85000,USD,,,,TB,2022
2023,Y,23FTJULYYR,2023-07-11,1,1,312,312,,,,,2022-03-30,1,CH,C,,Y,,,FL,NOT THIS TIME,NOT THIS TIME,EMBUR'S ZIP,EMBUR'S ZIP,CITY ZIP,CITY ZIP,,,,,,,,DENALI STUD AGENT FOR BRIDLEWOOD FARM,,,,PIN OAK STUD,,,,300000,USD,https://vimeo.com/843392887?share=copy,,,TB,2022
2023,Y,23FTJULYYR,2023-07-11,1,1,313,313,,,,,2022-05-07,1,B,C,,Y,,,KY,INSTAGRAND,INSTAGRAND,EQUITABLE,EQUITABLE,MALIBU MOON,MALIBU MOON,,,,,,,,WARRENDALE SALES AGENT IV,,,,J STABLE/JORGE WAGNER,,,,40000,USD,https://vimeo.com/843030183,,,TB,2022
2023,Y,23FTJULYYR,2023-07-11,1,1,314,314,,,,,2022-02-21,1,B,C,,Y,,,KY,MITOLE,MITOLE,EXES N OHS,EXES N OHS,STREET SENSE,STREET SENSE,,,,,,,,BRIDIE HARRISON,,,,NOT SOLD,,,,57000,USD,https://vimeo.com/841331032,,,TB,2022
2023,Y,23FTJULYYR,2023-07-11,1,1,315,315,,,,,2022-04-16,1,DKB,C,,Y,,,KY,CONNECT,CONNECT,FAIRWAY LUCK,FAIRWAY LUCK,UNION RAGS,UNION RAGS,,,,,,,,CHUCK GIVENS,,,,NOT SOLD,,,,37000,USD,,,,TB,2022
2023,Y,23FTJULYYR,2023-07-11,1,1,316,316,,,,,2022-04-12,1,B,F,,Y,,,KY,MAXIMUS MISCHIEF,MAXIMUS MISCHIEF,FAITHFUL PRAYER,FAITHFUL PRAYER,WITH DISTINCTION,WITH DISTINCTION,,,,,,,,JOHNSON CROSS AGENT,,,,NOT SOLD,,,,47000,USD,https://vimeo.com/843032061,,,TB,2022
2023,Y,23FTJULYYR,2023-07-11,1,1,317,317,,,,,2022-02-24,1,B,C,,Y,,,KY,GUN RUNNER,GUN RUNNER,FALSE IMPRESSION,FALSE IMPRESSION,A.P. INDY,A.P. INDY,,,,,,,,KATIERICH FARMS,,,,LUGAMO RACING,,,,95000,USD,https://vimeo.com/839055837,,,TB,2022
2023,Y,23FTJULYYR,2023-07-11,1,1,318,318,,,,,2022-04-11,1,DKB,F,,Y,,,LA,FLATTER,FLATTER,FANTICOLA,FANTICOLA,SILENT NAME (JPN),SILENT NAME (JPN),,,,,,,,TAYLOR MADE SALES AGENCY AGENT L,,,,NOT SOLD,,,,37000,USD,https://youtu.be/xnaZzXr4Ki0,,,TB,2022
2023,Y,23FTJULYYR,2023-07-11,1,1,319,319,,,,,2022-02-22,1,B,C,,Y,,,IN,HARRY'S HOLIDAY,HARRY'S HOLIDAY,FIREBALL KATIE,FIREBALL KATIE,HARD SPUN,HARD SPUN,,,,,,,,PARAMOUNT SALES AGENT VIII,,,,NOT SOLD,,,,35000,USD,,,,TB,2022
2023,Y,23FTJULYYR,2023-07-11,1,1,320,320,,,,,2022-04-03,1,CH,C,,Y,,,KY,PROMISES FULFILLED,PROMISES FULFILLED,FISC,FISC,LEMON DROP KID,LEMON DROP KID,,,,,,,,PARAMOUNT SALES AGENT IV,,,,CHAD SCHUMERAGENT,,,,20000,USD,https://vimeo.com/841845364?share=copy,,,TB,2022
2023,Y,23FTJULYYR,2023-07-11,1,1,321,321,,,,,2022-02-28,1,DKB,C,,Y,,,KY,MO TOWN,MO TOWN,FIVE MACH SPEED,FIVE MACH SPEED,E DUBAI,E DUBAI,,,,,,,,WARRENDALE SALES AGENT V,,,,LOTHENBACH STABLES INC,,,,180000,USD,https://vimeo.com/843030466,,,TB,2022
2023,Y,23FTJULYYR,2023-07-11,1,1,322,322,,,,,2022-03-13,1,GRR,F,,Y,,,KY,GIFT BOX,GIFT BOX,FLATTER ME FIRST,FLATTER ME FIRST,FLATTER,FLATTER,,,,,,,,WARRENDALE SALES AGENT I,,,,SUSAN MOULTON,,,,30000,USD,https://vimeo.com/841845465?share=copy,,,TB,2022
2023,Y,23FTJULYYR,2023-07-11,1,1,323,323,,,,,2022-01-11,1,CH,F,,Y,,,KY,GOOD MAGIC,GOOD MAGIC,FLORIDA FUEGO,FLORIDA FUEGO,KANTHAROS,KANTHAROS,,,,,,,,FOUR STAR SALES AGENT,,,,ECLIPSE THOROUGHBRED PARTNERS,,,,100000,USD,https://vimeo.com/841984046?share=copy,,,TB,2022
2023,Y,23FTJULYYR,2023-07-11,1,1,324,324,,,,,2022-03-09,1,B,C,,Y,,,KY,LIAM'S MAP,LIAM'S MAP,FORTUNE PLAY,FORTUNE PLAY,FIVE STAR DAY,FIVE STAR DAY,,,,,,,,FOUR STAR SALES AGENT FOR D.C. GOFF,,,,DEER CREEK STABLES,,,,75000,USD,https://vimeo.com/843176615?share=copy,,,TB,2022
2023,Y,23FTJULYYR,2023-07-11,1,1,325,325,,,,,2022-02-28,1,DKB,F,,Y,,,KY,MAXIMUS MISCHIEF,MAXIMUS MISCHIEF,GEEBES,GEEBES,FUSAICHI PEGASUS,FUSAICHI PEGASUS,,,,,,,,BRANDYWINE FARM (JIM & PAM ROBINSON) AGENT,,,,HIDDEN BROOK AGENT,,,,50000,USD,https://vimeo.com/838105786?share=copy,,,TB,2022
2023,Y,23FTJULYYR,2023-07-11,1,1,326,326,,,,,2022-02-27,1,CH,C,,Y,,,TX,STREET BOSS,STREET BOSS,GEMMIZELL,GEMMIZELL,GEMOLOGIST,GEMOLOGIST,,,,,,,,VINERY SALES AGENT FOR STONEVIEW FARM,,,,MY KIDS STABLE,,,,72000,USD,,,,TB,2022
2023,Y,23FTJULYYR,2023-07-11,1,1,327,327,,,,,2022-03-26,1,DKB,C,,Y,,,KY,MACLEAN'S MUSIC,MACLEAN'S MUSIC,GENTLE TOUCH,GENTLE TOUCH,KITTEN'S JOY,KITTEN'S JOY,,,,,,,,CHUCK GIVENS,,,,AL PIKE AGENT,,,,180000,USD,,,,TB,2022
2023,Y,23FTJULYYR,2023-07-11,1,1,328,328,,,,,2022-04-28,1,B,F,,Y,,,IN,MITOLE,MITOLE,GHOSTSTONE,GHOSTSTONE,GHOSTZAPPER,GHOSTZAPPER,,,,,,,,TAYLOR MADE SALES AGENCY AGENT X,,,,OUT,,,,0,USD,,,,TB,2022
2023,Y,23FTJULYYR,2023-07-11,1,1,329,329,,,,,2022-04-20,1,DKB,F,,Y,,,KY,CARACARO,CARACARO,GIANTS DIVA,GIANTS DIVA,GIANT'S CAUSEWAY,GIANT'S CAUSEWAY,,,,,,,,GAINESWAY AGENT VI,,,,ALL STAR BLOODSTOCK,,,,150000,USD,https://vimeo.com/841641457?share=copy,,,TB,2022
2023,Y,23FTJULYYR,2023-07-11,1,1,330,330,,,,,2022-03-07,1,B,F,,Y,,,LA,OUTWORK,OUTWORK,GLISTEN,GLISTEN,DIXIELAND BAND,DIXIELAND BAND,,,,,,,,STRAIGHT LINE EQUINE SALES AGENT,,,,NOT SOLD,,,,19000,USD,,,,TB,2022
2023,Y,23FTJULYYR,2023-07-11,1,1,331,331,,,,,2022-02-18,1,DKB,C,,Y,,,FL,KANTHAROS,KANTHAROS,GLORIFY,GLORIFY,CURLIN,CURLIN,,,,,,,,SUMMERFIELD (FRANCIS & BARBARA VANLANGENDONCK) AGENT,,,,GS INVERSIONES HIPICAS LLC &   CARLOS J MORALES,,,,60000,USD,https://vimeo.com/843649659?share=copy,,,TB,2022
2023,Y,23FTJULYYR,2023-07-11,1,1,332,332,,,,,2022-03-28,1,CH,C,,Y,,,KY,HARD SPUN,HARD SPUN,BROKEN BRIDLE,BROKEN BRIDLE,BROKEN VOW,BROKEN VOW,,,,,,,,GAINESWAY AGENT VIII,,,,OXO EQUINE LLC,,,,260000,USD,https://vimeo.com/840626838?share=copy,,,TB,2022
2023,Y,23FTJULYYR,2023-07-11,1,1,333,333,,,,,2022-05-06,1,B,F,,Y,,,ON,CLASSIC EMPIRE,CLASSIC EMPIRE,GOLDSTRYKE GLORY,GOLDSTRYKE GLORY,SECOND IN COMMAND,SECOND IN COMMAND,,,,,,,,SUSAN Y. FOREMAN AGENT,,,,NOT SOLD,,,,32000,USD,https://youtu.be/gk0v3S4ar8M,,,TB,2022
2023,Y,23FTJULYYR,2023-07-11,1,1,334,334,,,,,2022-02-01,1,B,C,,Y,,,KY,CLASSIC EMPIRE,CLASSIC EMPIRE,GOODBYE CAT,GOODBYE CAT,TALE OF THE CAT,TALE OF THE CAT,,,,,,,,BLUEWATER SALES LLC AGENT XI,,,,OUT,,,,0,USD,,,,TB,2022
2023,Y,23FTJULYYR,2023-07-11,1,1,335,335,,,,,2022-01-26,1,CH,F,,Y,,,KY,PRACTICAL JOKE,PRACTICAL JOKE,GRACE IS GONE,GRACE IS GONE,MALIBU MOON,MALIBU MOON,,,,,,,,FOUR STAR SALES AGENT,,,,NOT SOLD,,,,125000,USD,https://vimeo.com/843053838?share=copy,,,TB,2022
2023,Y,23FTJULYYR,2023-07-11,1,1,336,336,,,,,2022-05-06,1,CH,C,,Y,,,KY,VIOLENCE,VIOLENCE,GRANDACIOUS,GRANDACIOUS,GRAND SLAM,GRAND SLAM,,,,,,,,EQUUS FARM (JERRY CUMMINS/PAUL ADAMS) AGENT I,,,,HOBY KIGHT AGENT,,,,160000,USD,,,,TB,2022
2023,Y,23FTJULYYR,2023-07-11,1,1,337,337,,,,,2022-01-31,1,GRR,C,,Y,,,FL,MCKINZIE,MCKINZIE,GREEK SISTER,GREEK SISTER,TAPIT,TAPIT,,,,,,,,FOUR STAR SALES AGENT FOR WESTBURY STABLES,,,,HORSEOLOGY,,,,100000,USD,https://vimeo.com/843056742?share=copy,,,TB,2022
2023,Y,23FTJULYYR,2023-07-11,1,1,338,338,,,,,2022-03-15,1,DKB,F,,Y,,,LA,INSTAGRAND,INSTAGRAND,GYPSY PRINCESS,GYPSY PRINCESS,UNBRIDLED'S SONG,UNBRIDLED'S SONG,,,,,,,,STRAIGHT LINE EQUINE SALES AGENT FOR COTEAU GROVE FARMS,,,,OUT,,,,0,USD,,,,TB,2022
2023,Y,23FTJULYYR,2023-07-11,1,1,339,339,,,,,2022-02-14,1,B,C,,Y,,,KY,TWIRLING CANDY,TWIRLING CANDY,HARBOR LIGHTS,HARBOR LIGHTS,SHACKLEFORD,SHACKLEFORD,,,,,,,,LANE'S END AGENT,,,,DEW SWEEPERS III LLC,,,,142000,USD,https://vimeo.com/843061197/712b884f3d?share=copy,,,TB,2022
2023,Y,23FTJULYYR,2023-07-11,1,1,340,340,,,,,2022-02-20,1,B,C,,Y,,,MD,GRAZEN,GRAZEN,HARD TO RESIST,HARD TO RESIST,JOHANNESBURG,JOHANNESBURG,,,,,,,,SCOTT MALLORY AGENT FOR DETERMINED STUD,,,,BILL GOODMANAGENT FOR GEORGE SHARP,,,,100000,USD,https://vimeo.com/843042411?share=copy,,,TB,2022
2023,Y,23FTJULYYR,2023-07-11,1,1,341,341,,,,,2022-02-09,1,DKB,C,,Y,,,KY,COMPLEXITY,COMPLEXITY,HARLEE HONEY,HARLEE HONEY,HARLAN'S HOLIDAY,HARLAN'S HOLIDAY,,,,,,,,C & S THOROUGHBREDS AGENT,,,,POWERSTOWN STUD,,,,65000,USD,,,,TB,2022
2023,Y,23FTJULYYR,2023-07-11,1,1,342,342,,,,,2022-02-05,1,B,F,,Y,,,KY,TIZ THE LAW,TIZ THE LAW,HARRIETT LANE,HARRIETT LANE,GIANT'S CAUSEWAY,GIANT'S CAUSEWAY,,,,,,,,PARAMOUNT SALES AGENT XIX,,,,SJB TRUST,,,,50000,USD,,,,TB,2022
2023,Y,23FTJULYYR,2023-07-11,1,1,343,343,,,,,2022-03-27,1,B,C,,Y,,,KY,COMPLEXITY,COMPLEXITY,HEART OF MIDWAY,HEART OF MIDWAY,STEVIE WONDERBOY,STEVIE WONDERBOY,,,,,,,,AIRDRIE STUD RAISED & OFFERED,,,,KINSMAN FARM,,,,120000,USD,https://vimeo.com/843369520,,,TB,2022
2023,Y,23FTJULYYR,2023-07-11,1,1,344,344,,,,,2022-01-31,1,B,C,,Y,,,FL,INSTAGRAND,INSTAGRAND,HER ROYAL GRACE,HER ROYAL GRACE,ANY GIVEN SATURDAY,ANY GIVEN SATURDAY,,,,,,,,STRAIGHT LINE EQUINE SALES AGENT,,,,OUT,,,,0,USD,https://youtu.be/dNFCJXHJ394,,,TB,2022
2023,Y,23FTJULYYR,2023-07-11,1,1,345,345,,,,,2022-01-13,1,DKB,F,,Y,,,FL,LONG ON VALUE,LONG ON VALUE,HIGH CRY,HIGH CRY,STREET CRY (IRE),STREET CRY (IRE),,,,,,,,TAYLOR MADE SALES AGENCY AGENT FOR SABANA FARM BRED & RAISED,,,,MADDIE MATTMILLER AGENT,,,,53000,USD,https://youtu.be/nC0t7e1BaSk,,,TB,2022
2023,Y,23FTJULYYR,2023-07-11,1,1,346,346,,,,,2022-03-02,1,CH,F,,Y,,,KY,GET STORMY,GET STORMY,HOOKAH LADY,HOOKAH LADY,SMOKE GLACKEN,SMOKE GLACKEN,,,,,,,,HURSTLAND FARM (ALFRED H. NUCKOLS JR.) AGENT I,,,,NBS STABLE/JOHN BALLANTYNE,,,,102000,USD,https://vimeo.com/842657627,,,TB,2022
2023,Y,23FTJULYYR,2023-07-11,1,1,347,347,,,,,2022-05-06,1,CH,C,,Y,,,KY,AUDIBLE,AUDIBLE,HOW FAR TO HEAVEN,HOW FAR TO HEAVEN,DISTORTED HUMOR,DISTORTED HUMOR,,,,,,,,SHELTOWEE SALES AGENT,,,,OUT,,,,0,USD,,,,TB,2022
2023,Y,23FTJULYYR,2023-07-11,1,1,348,348,,,,,2022-03-27,1,B,C,,Y,,,IN,OMAHA BEACH,OMAHA BEACH,ICE WOMEN,ICE WOMEN,STREET SENSE,STREET SENSE,,,,,,,,SCOTT MALLORY AGENT III,,,,QUARTER POLE ENTERPRISES LLC,,,,130000,USD,https://vimeo.com/843042496?share=copy,,,TB,2022
2023,Y,23FTJULYYR,2023-07-11,1,1,349,349,,,,,2022-03-02,1,CH,F,,Y,,,KY,GOOD MAGIC,GOOD MAGIC,I'LL TAKE THE CAKE,I'LL TAKE THE CAKE,NOBIZ LIKE SHOBIZ,NOBIZ LIKE SHOBIZ,,,,,,,,TAYLOR MADE SALES AGENCY AGENT CIII,,,,NOT SOLD,,,,90000,USD,https://vimeo.com/843041073,,,TB,2022
2023,Y,23FTJULYYR,2023-07-11,1,1,350,350,,,,,2022-03-21,1,B,C,,Y,,,KY,LAOBAN,LAOBAN,I WONDER,I WONDER,ARCH,ARCH,,,,,,,,TAYLOR MADE SALES AGENCY AGENT LVI,,,,CORBIN BLUMBERG AGENT FOR STARLIGHT RACING,,,,130000,USD,https://youtu.be/mHLBPiU8xyA,,,TB,2022
2023,Y,23FTJULYYR,2023-07-11,1,1,351,351,,,,,2022-03-18,1,CH,F,,Y,,,KY,THOUSAND WORDS,THOUSAND WORDS,IZSHELEGAL,IZSHELEGAL,MARIA'S MON,MARIA'S MON,,,,,,,,GAINESWAY AGENT V,,,,STANLEY STABLES,,,,250000,USD,https://vimeo.com/841205076,,,TB,2022
2023,Y,23FTJULYYR,2023-07-11,1,1,352,352,,,,,2022-02-06,1,DKB,F,,Y,,,KY,DAREDEVIL,DAREDEVIL,JUST LIKE POP,JUST LIKE POP,UNBRIDLED'S SONG,UNBRIDLED'S SONG,,,,,,,,LANE'S END AGENT,,,,JACK HIRSCH,,,,35000,USD,https://vimeo.com/842031361?share=copy,,,TB,2022
2023,Y,23FTJULYYR,2023-07-11,1,1,353,353,,,,,2022-02-16,1,B,F,,Y,,,KY,HONOR A. P.,HONOR A. P.,KELWYNNE,KELWYNNE,YES IT'S TRUE,YES IT'S TRUE,,,,,,,,PARAMOUNT SALES AGENT XVII,,,,NOT SOLD,,,,47000,USD,https://vimeo.com/843022801?share=copy,,,TB,2022
2023,Y,23FTJULYYR,2023-07-11,1,1,354,354,,,,,2022-02-07,1,DKB,F,,Y,,,KY,BERNARDINI,BERNARDINI,KITE BEACH,KITE BEACH,AWESOME AGAIN,AWESOME AGAIN,,,,,,,,BUCKLAND SALES (ZACH MADDEN) AGENT XII,,,,MATTHEW DAVIS,,,,105000,USD,https://vimeo.com/843491742?share=copy,,,TB,2022
2023,Y,23FTJULYYR,2023-07-11,1,1,355,355,,,,,2022-03-01,1,CH,C,,Y,,,KY,PRESERVATIONIST,PRESERVATIONIST,KNEEL AT THE CROSS,KNEEL AT THE CROSS,KIPLING,KIPLING,,,,,,,,EATON SALES AGENT,,,,NOT SOLD,,,,10000,USD,,,,TB,2022
2023,Y,23FTJULYYR,2023-07-11,1,1,356,356,,,,,2022-03-29,1,CH,C,,Y,,,KY,ARMY MULE,ARMY MULE,LA DAME BLANCHE,LA DAME BLANCHE,POINT OF ENTRY,POINT OF ENTRY,,,,,,,,SHAWHAN PLACE AGENT I,,,,OUT,,,,0,USD,,,,TB,2022
2023,Y,23FTJULYYR,2023-07-11,1,1,357,357,,,,,2022-02-22,1,B,C,,Y,,,KY,BOLT D'ORO,BOLT D'ORO,LADY CLEOPATRA,LADY CLEOPATRA,PIONEEROF THE NILE,PIONEEROF THE NILE,,,,,,,,C & S THOROUGHBREDS AGENT,,,,OUT,,,,0,USD,,,,TB,2022
2023,Y,23FTJULYYR,2023-07-11,1,1,358,358,,,,,2022-04-03,1,CH,F,,Y,,,OH,PRACTICAL JOKE,PRACTICAL JOKE,LA QUEBRADA,LA QUEBRADA,MORE THAN READY,MORE THAN READY,,,,,,,,MILL RIDGE SALES AGENT FOR JAMES A. & JANE N. FRASER,,,,OUT,,,,0,USD,,,,TB,2022
2023,Y,23FTJULYYR,2023-07-11,1,1,359,359,,,,,2022-03-05,1,DKB,C,,Y,,,KY,HARD SPUN,HARD SPUN,LAST PLAY,LAST PLAY,STORMY ATLANTIC,STORMY ATLANTIC,,,,,,,,BROOKDALE SALES AGENT,,,,TROY WINFREY AGENT,,,,45000,USD,https://vimeo.com/842656785,,,TB,2022
2023,Y,23FTJULYYR,2023-07-11,1,1,360,360,,,,,2022-04-01,1,DKB,F,,Y,,,KY,UNIFIED,UNIFIED,LEAD ME NOT,LEAD ME NOT,SPEIGHTSTOWN,SPEIGHTSTOWN,,,,,,,,CHUCK GIVENS,,,,NOT SOLD,,,,20000,USD,,,,TB,2022
2023,Y,23FTJULYYR,2023-07-11,1,1,361,361,,,,,2022-02-25,1,GRR,C,,Y,,,PA,PRACTICAL JOKE,PRACTICAL JOKE,LIFE'S A GAMBLE,LIFE'S A GAMBLE,MALIBU MOON,MALIBU MOON,,,,,,,,PARAMOUNT SALES AGENT I,,,,WINCHELL THOROUGHBREDS LLC,,,,100000,USD,https://vimeo.com/843537990?share=copy,,,TB,2022
2023,Y,23FTJULYYR,2023-07-11,1,1,362,362,,,,,2022-04-18,1,CH,C,,Y,,,KY,OUTWORK,OUTWORK,LIL VIE,LIL VIE,THE FACTOR,THE FACTOR,,,,,,,,DENALI STUD AGENT III,,,,OUT,,,,0,USD,,,,TB,2022
2023,Y,23FTJULYYR,2023-07-11,1,1,363,363,,,,,2022-03-13,1,B,F,,Y,,,KY,AMERICAN FREEDOM,AMERICAN FREEDOM,LIMITLESS,LIMITLESS,DISCREET CAT,DISCREET CAT,,,,,,,,AIRDRIE STUD RAISED & OFFERED,,,,ALL STAR BLOODSTOCK,,,,70000,USD,https://vimeo.com/843369837,,,TB,2022
2023,Y,23FTJULYYR,2023-07-11,1,1,364,364,,,,,2022-05-07,1,DKB,F,,Y,,,KY,TAKE CHARGE INDY,TAKE CHARGE INDY,LIVE THE MOMENT,LIVE THE MOMENT,UNCLE MO,UNCLE MO,,,,,,,,FRANKFORT PARK FARM AGENT,,,,AINT RICH,,,,57000,USD,https://vimeo.com/841702907?share=copy,,,TB,2022
2023,Y,23FTJULYYR,2023-07-11,1,1,365,365,,,,,2022-04-10,1,CH,C,,Y,,,KY,AUDIBLE,AUDIBLE,LOTTA ATTITUDE,LOTTA ATTITUDE,SHARP HUMOR,SHARP HUMOR,,,,,,,,SHELTOWEE SALES AGENT,,,,OUT,,,,0,USD,,,,TB,2022
2023,Y,23FTJULYYR,2023-07-11,1,1,366,366,,,,,2022-02-13,1,CH,F,,Y,,,KY,PRACTICAL JOKE,PRACTICAL JOKE,LOUDLY,LOUDLY,WAR FRONT,WAR FRONT,,,,,,,,CANDY MEADOWS SALES AGENT XXIV,,,,MICHAEL WILSONAGENT FOR CERASUS THOROUGHBREDS,,,,47000,USD,https://vimeo.com/840061977?share=copy,,,TB,2022
2023,Y,23FTJULYYR,2023-07-11,1,1,367,367,,,,,2022-04-04,1,CH,C,,Y,,,KY,ARMY MULE,ARMY MULE,LOVE IS ALIVE,LOVE IS ALIVE,ITSMYLUCKYDAY,ITSMYLUCKYDAY,,,,,,,,BROOKDALE SALES AGENT,,,,NOT SOLD,,,,80000,USD,https://vimeo.com/843031171,,,TB,2022
2023,Y,23FTJULYYR,2023-07-11,1,1,368,368,,,,,2022-02-26,1,DKB,C,,Y,,,FL,WIN WIN WIN,WIN WIN WIN,LOVEMELIKEYOUDO,LOVEMELIKEYOUDO,HARLAN'S HOLIDAY,HARLAN'S HOLIDAY,,,,,,,,AIRDRIE STUD RAISED & OFFERED,,,,EXLINE-BORDER & SCOTT MAWAKA,,,,150000,USD,https://vimeo.com/843370088,,,TB,2022
2023,Y,23FTJULYYR,2023-07-11,1,1,369,369,,,,,2022-01-16,1,CH,F,,Y,,,KY,VEKOMA,VEKOMA,LUCKY LADY LAWYER,LUCKY LADY LAWYER,LAWYER RON,LAWYER RON,,,,,,,,DENALI STUD AGENT II,,,,OUT,,,,0,USD,https://vimeo.com/843392949?share=copy,,,TB,2022
2023,Y,23FTJULYYR,2023-07-11,1,1,370,370,,,,,2022-02-25,1,GRR,C,,Y,,,KY,MR. MONEY,MR. MONEY,LUCY IN THE SKY,LUCY IN THE SKY,CALEB'S POSSE,CALEB'S POSSE,,,,,,,,STRAIGHT LINE EQUINE SALES AGENT,,,,HIDDEN BROOK AGENT,,,,82000,USD,,,,TB,2022
