SALEYEAR,SALETYPE,SALECODE,SALEDATE,BOOK,DAY,HIP,HIPNUM,HORSE,CHORSE,RATING,TATTOO,DATEFOAL,AGE,COLOR,SEX,GAIT,TYPE,RECORD,ET,ELIG,SIRE,CSIRE,DAM,CDAM,SIREOFDAM,CSIREOFDAM,DAMOFDAM,CDAMOFDAM,DAMTATT,DAMYOF,DDAMTATT,BREDTO,LASTBRED,CONLNAME,CONSNO,PEMCODE,PURFNAME,PURLNAME,SBCITY,SBSTATE,SBCOUNTRY,PRICE,CURRENCY,URL,NFFM,PRIVATE SALE,BREED,YEARFOAL
2023,Y,23FTSARMIX,2023-10-17,1,1,1,1,,,,,2023-03-08,0,B,C,,W,,,NY,BLAME,BLAME,YASS QUEEN,YASS QUEEN,MINESHAFT,MINESHAFT,,,,,,LILI KOBIELSKI,,THE NEW HILL FARM AGENT,,,,BRONCO BLOODSTOCK,,,,35000,,https://vimeo.com/874600388?share=copy,,,T,2023
2023,Y,23FTSARMIX,2023-10-17,1,1,2,2,,,,,2023-04-16,0,CH,F,,W,,,NY,VOLATILE,VOLATILE,ZIFENA (GB),ZIFENA (GB),ZAMINDAR,ZAMINDAR,,,,,,MCMAHON OF SARATOGA THB LLC,,MCMAHON OF SARATOGA THOROUGHBREDS LLC AGENT,,,,OUT,,,,0,,,,,T,2023
2023,Y,23FTSARMIX,2023-10-17,1,1,3,3,,,,,2023-04-23,0,B,F,,W,,,NY,GALILEAN,GALILEAN,ACUSHLA,ACUSHLA,TIZNOW,TIZNOW,,,,,,HIDDEN LAKE FARM LLC,,HIDDEN LAKE FARM LLC AGENT,,,,OUT,,,,0,,,,,T,2023
2023,Y,23FTSARMIX,2023-10-17,1,1,4,4,,,,,2023-03-27,0,B,C,,W,,,NY,GIFT BOX,GIFT BOX,A CUT AHEAD,A CUT AHEAD,TIZ WONDERFUL,TIZ WONDERFUL,,,,,,INDIAN CREEK FARM,,INDIAN CREEK AGENT FOR BOYD T. BROWNING JR.,,,,CYPRESSHEAD RACING LLC,,,,25000,,https://vimeo.com/873285011?share=copy,,,T,2023
2023,Y,23FTSARMIX,2023-10-17,1,1,5,5,,,,,2023-04-22,0,B,F,,W,,,NY,SOLOMINI,SOLOMINI,ADIRA,ADIRA,QUALITY ROAD,QUALITY ROAD,,,,,,MCMAHON OF SARATOGA THB LLC,,MCMAHON OF SARATOGA THOROUGHBREDS LLC AGENT,,,,OUT,,,,0,,,,,T,2023
2023,Y,23FTSARMIX,2023-10-17,1,1,6,6,ADULT IN THE ROOM,ADULT IN THE ROOM,,,2015-01-27,8,GRR,M,,B,,,MD,THE FACTOR,THE FACTOR,MUSIC PLEASE,MUSIC PLEASE,BOWMAN'S BAND,BOWMAN'S BAND,,,,,,INDIAN CREEK FARM,,INDIAN CREEK AGENT,,,,SUSAN K DEPAULA,,,,26000,,,,,T,2015
2023,Y,23FTSARMIX,2023-10-17,1,1,7,7,,,,,2023-02-17,0,B,C,,W,,,NY,LOOKIN AT LUCKY,LOOKIN AT LUCKY,ADULT IN THE ROOM,ADULT IN THE ROOM,THE FACTOR,THE FACTOR,,,,,,INDIAN CREEK FARM,,INDIAN CREEK AGENT,,,,REEVES THOROUGHBRED RACING,,,,50000,,,,,T,2023
2023,Y,23FTSARMIX,2023-10-17,1,1,8,8,,,,,2023-04-15,0,B,C,,W,,,NY,PRACTICAL JOKE,PRACTICAL JOKE,AILISH,AILISH,TWIRLING CANDY,TWIRLING CANDY,,,,,,HIDDEN LAKE FARM LLC,,HIDDEN LAKE FARM LLC AGENT,,,,OUT,,,,0,,,,,T,2023
2023,Y,23FTSARMIX,2023-10-17,1,1,9,9,,,,,2023-03-26,0,CH,C,,W,,,NY,VEKOMA,VEKOMA,ALANA'S ALLURE,ALANA'S ALLURE,SHACKLEFORD,SHACKLEFORD,,,,,,VINERY SALES,,VINERY SALES AGENT XXX,,,,GOOD LUCK FARM,,,,100000,,,,,T,2023
2023,Y,23FTSARMIX,2023-10-17,1,1,10,10,,,,,2023-02-17,0,CH,C,,W,,,NY,COUNTRY HOUSE,COUNTRY HOUSE,ALB,ALB,PULPIT,PULPIT,,,,,,SARATOGA GLEN FARM LLC,,SARATOGA GLEN FARM AGENT,,,,OUT,,,,0,,,,,T,2023
2023,Y,23FTSARMIX,2023-10-17,1,1,11,11,ALHUCEMA,ALHUCEMA,,,2008-01-31,15,CH,M,,B,,,KY,ALDEBARAN,ALDEBARAN,SUN IS UP (JPN),SUN IS UP (JPN),SUNDAY SILENCE,SUNDAY SILENCE,,,,,,HIDDEN LAKE FARM LLC,,HIDDEN LAKE FARM LLC AGENT,,,,DOMINIQUE DAMICO,,,,1000,,,,,T,2008
2023,Y,23FTSARMIX,2023-10-17,1,1,12,12,,,,,2023-05-15,0,B,C,,W,,,NY,FOG OF WAR,FOG OF WAR,ALINEA,ALINEA,HARD SPUN,HARD SPUN,,,,,,HIDDEN LAKE FARM LLC,,HIDDEN LAKE FARM LLC AGENT,,,,NOT SOLD,,,,1000,,,,,T,2023
2023,Y,23FTSARMIX,2023-10-17,1,1,13,13,,,,,2023-02-20,0,B,C,,W,,,NY,KING FOR A DAY,KING FOR A DAY,ALL OVER THE MAP,ALL OVER THE MAP,LIAM'S MAP,LIAM'S MAP,,,,,,VINERY SALES,,VINERY SALES AGENT XXXVII,,,,NOT SOLD,,,,9000,,,,,T,2023
2023,Y,23FTSARMIX,2023-10-17,1,1,14,14,ALLURING MISS,ALLURING MISS,,,2013-04-19,10,B,M,,B,,,KY,SHAMARDAL,SHAMARDAL,LOVE STYLE,LOVE STYLE,MR. PROSPECTOR,MR. PROSPECTOR,,,,,,VINERY SALES,,VINERY SALES AGENT XL,,,,LUIS SEGLIN,,,,2000,,,,,T,2013
2023,Y,23FTSARMIX,2023-10-17,1,1,15,15,,,,,2023-03-18,0,DKB,C,,W,,,NY,HARD SPUN,HARD SPUN,ALLURING MISS,ALLURING MISS,SHAMARDAL,SHAMARDAL,,,,,,VINERY SALES,,VINERY SALES AGENT XL,,,,FIRE BRIGADE BLOODSTOCK,,,,32500,,,,,T,2023
2023,Y,23FTSARMIX,2023-10-17,1,1,16,16,,,,,2023-03-05,0,B,C,,W,,,NY,CAIRO PRINCE,CAIRO PRINCE,A LOT OF FABRIC,A LOT OF FABRIC,GIROLAMO,GIROLAMO,,,,,,MCMAHON OF SARATOGA THB LLC,,MCMAHON OF SARATOGA THOROUGHBREDS LLC AGENT FOR ANDY & SUSAN BEADNELL,,,,NOT SOLD,,,,38000,,https://vimeo.com/874650266?share=copy,,,T,2023
2023,Y,23FTSARMIX,2023-10-17,1,1,17,17,,,,,2023-03-21,0,B,F,,W,,,NY,TACITUS,TACITUS,AMANDA LANE,AMANDA LANE,INTO MISCHIEF,INTO MISCHIEF,,,,,,TURNING POINT BLOODSTOCK,,TURNING POINT BLOODSTOCK AGENT,,,,TOGA PARTY STABLE,,,,22000,,https://vimeo.com/873172429?share=copy,,,T,2023
2023,Y,23FTSARMIX,2023-10-17,1,1,18,18,,,,,2023-04-20,0,B,F,,W,,,NY,MENDELSSOHN,MENDELSSOHN,ANDARIEL (IRE),ANDARIEL (IRE),EXCELEBRATION (IRE),EXCELEBRATION (IRE),,,,,,HIDDEN LAKE FARM LLC,,HIDDEN LAKE FARM LLC AGENT,,,,OUT,,,,0,,,,,T,2023
2023,Y,23FTSARMIX,2023-10-17,1,1,19,19,ANIMAL APPEAL,ANIMAL APPEAL,,,2012-03-20,11,B,M,,B,,,NY,LEROIDESANIMAUX (BRZ),LEROIDESANIMAUX (BRZ),APPEALING CARD,APPEALING CARD,VALID APPEAL,VALID APPEAL,,,,,,MCMAHON OF SARATOGA THB LLC,,MCMAHON OF SARATOGA THOROUGHBREDS LLC AGENT,,,,RACHID BROTHERS,,,,9000,,,,,T,2012
2023,Y,23FTSARMIX,2023-10-17,1,1,20,20,,,,,2023-03-31,0,B,C,,W,,,NY,ROCK YOUR WORLD,ROCK YOUR WORLD,ARISTRA,ARISTRA,AFLEET ALEX,AFLEET ALEX,,,,,,SEQUEL NEW YORK,,SEQUEL NEW YORK AGENT VII,,,,OUT,,,,0,,,,,T,2023
2023,Y,23FTSARMIX,2023-10-17,1,1,21,21,ASSURED,ASSURED,,,2010-02-13,13,B,M,,B,,,KY,EMPIRE MAKER,EMPIRE MAKER,SLEEP EASY,SLEEP EASY,SEATTLE SLEW,SEATTLE SLEW,,,,,,HIDDEN LAKE FARM LLC,,HIDDEN LAKE FARM LLC AGENT,,,,OUT,,,,0,,,,,T,2010
2023,Y,23FTSARMIX,2023-10-17,1,1,22,22,,,,,2023-03-12,0,B,F,,W,,,NY,CENTRAL BANKER,CENTRAL BANKER,AUGUST GALA,AUGUST GALA,BROKEN VOW,BROKEN VOW,,,,,,MCMAHON OF SARATOGA THB LLC,,MCMAHON OF SARATOGA THOROUGHBREDS LLC AGENT,,,,NOT SOLD,,,,18000,,,,,T,2023
2023,Y,23FTSARMIX,2023-10-17,1,1,23,23,,,,,2023-02-23,0,B,C,,W,,,NY,CONNECT,CONNECT,AWESOME AURORA,AWESOME AURORA,AWESOME AGAIN,AWESOME AGAIN,,,,,,MCMAHON OF SARATOGA THB LLC,,MCMAHON OF SARATOGA THOROUGHBREDS LLC AGENT,,,,OUT,,,,0,,,,,T,2023
2023,Y,23FTSARMIX,2023-10-17,1,1,24,24,,,,,2023-04-28,0,B,C,,W,,,NY,GALILEAN,GALILEAN,AWESOME D'ORO (IRE),AWESOME D'ORO (IRE),MEDAGLIA D'ORO,MEDAGLIA D'ORO,,,,,,HIDDEN LAKE FARM LLC,,HIDDEN LAKE FARM LLC AGENT,,,,FERNANDO AGUAYO,,,,1500,,,,,T,2023
2023,Y,23FTSARMIX,2023-10-17,1,1,25,25,BAHAMA BANKS,BAHAMA BANKS,,,2019-03-05,4,GRR,M,,B,,,KY,ARROGATE,ARROGATE,BANDANA,BANDANA,WAR FRONT,WAR FRONT,,,,,,SEQUEL NEW YORK,,SEQUEL NEW YORK AGENT FOR JUDDMONTE,,,,GLEN HILL FARM,,,,170000,,https://youtu.be/LTAj20XiQLU,,,T,2019
2023,Y,23FTSARMIX,2023-10-17,1,1,26,26,,,,,2023-03-30,0,B,F,,W,,,NY,UNIFIED,UNIFIED,BAJAN BEACH,BAJAN BEACH,SPEIGHTSTOWN,SPEIGHTSTOWN,,,,,,HIDDEN LAKE FARM LLC,,HIDDEN LAKE FARM LLC AGENT,,,,NOT SOLD,,,,12000,,,,,T,2023
2023,Y,23FTSARMIX,2023-10-17,1,1,27,27,BALLACOLLA,BALLACOLLA,,,2018-02-19,5,B,M,,B,,,KY,MUNNINGS,MUNNINGS,VENTOUX (GB),VENTOUX (GB),GALILEO (IRE),GALILEO (IRE),,,,,,SEQUEL NEW YORK,,SEQUEL NEW YORK AGENT FOR JUDDMONTE,,,,MCMAHON AND HILL BLOODSTOCK AGT,,,,130000,,https://youtu.be/XhYBb_7cHRc,,,T,2018
2023,Y,23FTSARMIX,2023-10-17,1,1,28,28,,,,,2023-02-20,0,DKB,C,,W,,,NY,UNIFIED,UNIFIED,BARES TRIPPER,BARES TRIPPER,SKY MESA,SKY MESA,,,,,,HIDDEN LAKE FARM LLC,,HIDDEN LAKE FARM LLC AGENT,,,,BLAS PEREZ STABLES,,,,3000,,,,,T,2023
2023,Y,23FTSARMIX,2023-10-17,1,1,29,29,BASIN BAY,BASIN BAY,,,2023-04-03,0,B,C,,W,,,NY,BASIN,BASIN,UNIQUELY MINE,UNIQUELY MINE,MINESHAFT,MINESHAFT,,,,,,VINERY SALES,,VINERY SALES AGENT XXIV,,,,NOT SOLD,,,,22000,,,,,T,2023
2023,Y,23FTSARMIX,2023-10-17,1,1,30,30,BEAM OF LIGHT,BEAM OF LIGHT,,,2017-03-21,6,DKB,M,,B,,,KY,TWIRLING CANDY,TWIRLING CANDY,AROUSING,AROUSING,CEE'S TIZZY,CEE'S TIZZY,,,,,,SEQUEL NEW YORK,,SEQUEL NEW YORK AGENT VI,,,,AMBER ACORD,,,,2000,,https://youtu.be/AmrvAJewkn8,,,T,2017
2023,Y,23FTSARMIX,2023-10-17,1,1,31,31,,,,,2023-04-14,0,B,F,,W,,,NY,INDEPENDENCE HALL,INDEPENDENCE HALL,BEAM OF LIGHT,BEAM OF LIGHT,TWIRLING CANDY,TWIRLING CANDY,,,,,,SEQUEL NEW YORK,,SEQUEL NEW YORK AGENT VI,,,,BRONCO BLOODSTOCK,,,,17000,,https://youtu.be/JNitPCq-f_s,,,T,2023
2023,Y,23FTSARMIX,2023-10-17,1,1,32,32,,,,,2023-04-11,0,B,C,,W,,,NY,ROCK YOUR WORLD,ROCK YOUR WORLD,BEARS MEASURE,BEARS MEASURE,TIZNOW,TIZNOW,,,,,,SARATOGA GLEN FARM LLC,,SARATOGA GLEN FARM AGENT,,,,OUT,,,,0,,,,,T,2023
2023,Y,23FTSARMIX,2023-10-17,1,1,33,33,BEE FAST,BEE FAST,,,2018-05-14,5,CH,M,,B,,,KY,ENGLISH CHANNEL,ENGLISH CHANNEL,IN DY RITZ,IN DY RITZ,A.P. INDY,A.P. INDY,,,,,,VINERY SALES,,VINERY SALES AGENT XXV,,,,OUT,,,,0,,,,,T,2018
2023,Y,23FTSARMIX,2023-10-17,1,1,34,34,,,,,2023-03-25,0,B,C,,W,,,NY,PAYNTER,PAYNTER,BET ON A CHICK,BET ON A CHICK,ALPHABET SOUP,ALPHABET SOUP,,,,,,VINERY SALES,,VINERY SALES AGENT FOR WINDHORSE THOROUGHBREDS LLC,,,,NOT SOLD,,,,7000,,https://vimeo.com/872928421?share=copy,,,T,2023
2023,Y,23FTSARMIX,2023-10-17,1,1,35,35,BIG Q,BIG Q,,,2017-01-20,6,B,M,,B,,,NY,BIG BROWN,BIG BROWN,GABY Q,GABY Q,FORESTRY,FORESTRY,,,,,,STUART MORRIS,,STUART MORRIS AGENT I,,,,COSMO K WICKES,,,,50000,,https://www.youtube.com/watch?v=-cAyRDu7iVE&list=PLQwjqm7md6-yImLFwX6oVAgjLCkHikRU4&index=1,,,T,2017
2023,Y,23FTSARMIX,2023-10-17,1,1,36,36,,,,,2023-03-04,0,DKB,F,,W,,,NY,GALILEAN,GALILEAN,BILEAPS AND BOUNDS,BILEAPS AND BOUNDS,DISCO RICO,DISCO RICO,,,,,,HIDDEN LAKE FARM LLC,,HIDDEN LAKE FARM LLC AGENT,,,,NOT SOLD,,,,1000,,,,,T,2023
2023,Y,23FTSARMIX,2023-10-17,1,1,37,37,,,,,2023-04-03,0,GRR,C,,W,,,NY,SOLOMINI,SOLOMINI,BILLIEHOLIDAYBLUES,BILLIEHOLIDAYBLUES,HARLEM ROCKER,HARLEM ROCKER,,,,,,HARRY L LANDRY BLOODSTOCK LLC,,HARRY L. LANDRY BLOODSTOCK LLC AGENT,,,,NOT SOLD,,,,9000,,,,,T,2023
2023,Y,23FTSARMIX,2023-10-17,1,1,38,38,,,,,2023-01-26,0,DKB,C,,W,,,NY,UNION RAGS,UNION RAGS,BITACORA,BITACORA,DOMINUS,DOMINUS,,,,,,STUART MORRIS,,STUART MORRIS AGENT FOR WALDORF FARM,,,,OUT,,,,0,,,,,T,2023
2023,Y,23FTSARMIX,2023-10-17,1,1,39,39,,,,,2023-04-28,0,B,F,,W,,,NY,SOLOMINI,SOLOMINI,BITTER GOLD,BITTER GOLD,MIDAS EYES,MIDAS EYES,,,,,,MCMAHON OF SARATOGA THB LLC,,MCMAHON OF SARATOGA THOROUGHBREDS LLC AGENT,,,,OUT,,,,0,,,,,T,2023
2023,Y,23FTSARMIX,2023-10-17,1,1,40,40,,,,,2023-04-08,0,DKB,C,,W,,,NY,INDEPENDENCE HALL,INDEPENDENCE HALL,BLISSFULLY,BLISSFULLY,MACHO UNO,MACHO UNO,,,,,,TURNING POINT BLOODSTOCK,,TURNING POINT BLOODSTOCK AGENT,,,,CYPRESS HEAD RACING,,,,27000,,https://vimeo.com/873169476?share=copy,,,T,2023
2023,Y,23FTSARMIX,2023-10-17,1,1,41,41,,,,,2023-05-06,0,B,C,,W,,,NY,HIGHER POWER,HIGHER POWER,BLUE CLARET,BLUE CLARET,BLUEGRASS CAT,BLUEGRASS CAT,,,,,,VINERY SALES,,VINERY SALES AGENT FOR LARRY BOTTING,,,,DEAN PURDOM,,,,5000,,,,,T,2023
2023,Y,23FTSARMIX,2023-10-17,1,1,42,42,,,,,2023-02-15,0,B,C,,W,,,NY,MODERNIST,MODERNIST,BLUEGRASS ELLIE,BLUEGRASS ELLIE,BLUEGRASS CAT,BLUEGRASS CAT,,,,,,SARATOGA GLEN FARM LLC,,SARATOGA GLEN FARM AGENT,,,,OUT,,,,0,,,,,T,2023
2023,Y,23FTSARMIX,2023-10-17,1,1,43,43,,,,,2023-02-10,0,B,F,,W,,,NY,MORE THAN READY,MORE THAN READY,BOATLOADOFNERVE,BOATLOADOFNERVE,MAGICIAN (IRE),MAGICIAN (IRE),,,,,,TURNING POINT BLOODSTOCK,,TURNING POINT BLOODSTOCK AGENT,,,,TRIPLE SSS EQUINE,,,,26000,,https://vimeo.com/874523162?share=copy,,,T,2023
2023,Y,23FTSARMIX,2023-10-17,1,1,44,44,,,,,2023-04-22,0,B,C,,W,,,NY,COMBATANT,COMBATANT,BOBBY'S BRICKHOUSE,BOBBY'S BRICKHOUSE,BOB AND JOHN,BOB AND JOHN,,,,,,VINERY SALES,,VINERY SALES AGENT FOR LARRY BOTTING,,,,ORACLE BLOODSTOCK AGENT,,,,17000,,,,,T,2023
2023,Y,23FTSARMIX,2023-10-17,1,1,45,45,,,,,2023-01-31,0,B,F,,W,,,KY,MCKINZIE,MCKINZIE,BONNY BELL,BONNY BELL,SUPER SAVER,SUPER SAVER,,,,,,SEQUEL NEW YORK,,SEQUEL NEW YORK AGENT VIII,,,,OUT,,,,0,,,,,T,2023
2023,Y,23FTSARMIX,2023-10-17,1,1,46,46,,,,,2023-04-19,0,B,F,,W,,,NY,GOOD SAMARITAN,GOOD SAMARITAN,BRIGHT LINE,BRIGHT LINE,FUSAICHI PEGASUS,FUSAICHI PEGASUS,,,,,,VINERY SALES,,VINERY SALES AGENT XLII,,,,NOT SOLD,,,,12000,,,,,T,2023
2023,Y,23FTSARMIX,2023-10-17,1,1,47,47,,,,,2023-03-09,0,B,C,,W,,,NY,VINO ROSSO,VINO ROSSO,BRIGHTLY MINE,BRIGHTLY MINE,DISCREETLY MINE,DISCREETLY MINE,,,,,,TURNING POINT BLOODSTOCK,,TURNING POINT BLOODSTOCK AGENT,,,,REEVES THOROUGHBRED RACING,,,,45000,,https://vimeo.com/874525719?share=copy,,,T,2023
2023,Y,23FTSARMIX,2023-10-17,1,1,48,48,BRISTOL'S BROOKE,BRISTOL'S BROOKE,,,2015-05-05,8,GRR,M,,B,,,KY,SPEIGHTSTOWN,SPEIGHTSTOWN,CULINARY,CULINARY,EL AMANTE,EL AMANTE,,,,,,LILI KOBIELSKI,,THE NEW HILL FARM AGENT,,,,FORTUNE FARM LLC,,,,20000,,,,,T,2015
2023,Y,23FTSARMIX,2023-10-17,1,1,49,49,,,,,2023-04-06,0,GRR,F,,W,,,NY,CODE OF HONOR,CODE OF HONOR,BRISTOL'S BROOKE,BRISTOL'S BROOKE,SPEIGHTSTOWN,SPEIGHTSTOWN,,,,,,LILI KOBIELSKI,,THE NEW HILL FARM AGENT,,,,MAIN ST PARTNERS,,,,15000,,https://vimeo.com/874602287?share=copy,,,T,2023
2023,Y,23FTSARMIX,2023-10-17,1,1,50,50,,,,,2023-03-25,0,B,F,,W,,,NY,SOLOMINI,SOLOMINI,BROAD CAUSEWAY,BROAD CAUSEWAY,GIANT'S CAUSEWAY,GIANT'S CAUSEWAY,,,,,,TURNING POINT BLOODSTOCK,,TURNING POINT BLOODSTOCK AGENT,,,,OUT,,,,0,,,,,T,2023
2023,Y,23FTSARMIX,2023-10-17,1,1,51,51,BUBBA'S PUTTER,BUBBA'S PUTTER,,,2020-02-16,3,B,M,,B,,,NY,BERNARDINI,BERNARDINI,HIGH PITCH,HIGH PITCH,MEDAGLIA D'ORO,MEDAGLIA D'ORO,,,,,,SEQUEL NEW YORK,,SEQUEL NEW YORK AGENT XI,,,,HARRY L LANDRY,,,,5000,,https://youtu.be/tigd4Rz-Fog,,,T,2020
2023,Y,23FTSARMIX,2023-10-17,1,1,52,52,CABALES,CABALES,,,2009-05-05,14,DKB,M,,B,,,KY,PULPIT,PULPIT,MUDSLINGER,MUDSLINGER,EL GRAN SENOR,EL GRAN SENOR,,,,,,VINERY SALES,,VINERY SALES AGENT XXI,,,,NOT SOLD,,,,48000,,,,,T,2009
2023,Y,23FTSARMIX,2023-10-17,1,1,53,53,CALI FITZ,CALI FITZ,,,2018-02-25,5,CH,M,,B,,,NY,CALIFORNIA CHROME,CALIFORNIA CHROME,FITZ JUST RIGHT,FITZ JUST RIGHT,SEATTLE FITZ (ARG),SEATTLE FITZ (ARG),,,,,,HIDDEN LAKE FARM LLC,,HIDDEN LAKE FARM LLC AGENT,,,,NOT SOLD,,,,1000,,,,,T,2018
2023,Y,23FTSARMIX,2023-10-17,1,1,54,54,,,,,2023-03-21,0,GRR,F,,W,,,NY,CARAVAGGIO,CARAVAGGIO,CALI FITZ,CALI FITZ,CALIFORNIA CHROME,CALIFORNIA CHROME,,,,,,HIDDEN LAKE FARM LLC,,HIDDEN LAKE FARM LLC AGENT,,,,OUT,,,,0,,,,,T,2023
2023,Y,23FTSARMIX,2023-10-17,1,1,55,55,,,,,2023-03-31,0,B,F,,W,,,NY,HONEST MISCHIEF,HONEST MISCHIEF,CARIBE D'ORO,CARIBE D'ORO,MEDAGLIA D'ORO,MEDAGLIA D'ORO,,,,,,VINERY SALES,,VINERY SALES AGENT FOR MAJESTIC VIEW FARMS INT'L,,,,RICE HORSE,,,,5000,,,,,T,2023
2023,Y,23FTSARMIX,2023-10-17,1,1,56,56,,,,,2023-04-03,0,B,C,,W,,,NY,COMBATANT,COMBATANT,CARLISLE BELLE,CARLISLE BELLE,MACHO UNO,MACHO UNO,,,,,,VINERY SALES,,VINERY SALES AGENT XLVII,,,,OUT,,,,0,,,,,T,2023
2023,Y,23FTSARMIX,2023-10-17,1,1,57,57,,,,,2023-02-21,0,B,F,,W,,,NY,MODERNIST,MODERNIST,CAUSIN' TROUBLE,CAUSIN' TROUBLE,NOBLE CAUSEWAY,NOBLE CAUSEWAY,,,,,,VINERY SALES,,VINERY SALES AGENT FOR WINDHORSE THOROUGHBREDS LLC,,,,ANGEL ORDONEZ,,,,12000,,https://vimeo.com/872928313?share=copy,,,T,2023
2023,Y,23FTSARMIX,2023-10-17,1,1,58,58,,,,,2023-04-01,0,B,F,,W,,,NY,HONEST MISCHIEF,HONEST MISCHIEF,CELEBRATE NOW,CELEBRATE NOW,STREET CRY (IRE),STREET CRY (IRE),,,,,,SEQUEL NEW YORK,,SEQUEL NEW YORK AGENT IV,,,,OUT,,,,0,,,,,T,2023
2023,Y,23FTSARMIX,2023-10-17,1,1,59,59,CELTIC SUNRISE,CELTIC SUNRISE,,,2011-03-17,12,B,M,,B,,,NY,FREUD,FREUD,UPPITY,UPPITY,COLONY LIGHT,COLONY LIGHT,,,,,,VINERY SALES,,VINERY SALES AGENT VII,,,,MAPLETON THOROUGHBRED FARM,,,,8000,,,,,T,2011
2023,Y,23FTSARMIX,2023-10-17,1,1,60,60,CHAMPAGNE THERAPY,CHAMPAGNE THERAPY,,,2013-03-30,10,DKB,M,,B,,,NY,FREUD,FREUD,SCOTTISH BUBBLY,SCOTTISH BUBBLY,CHEROKEE RUN,CHEROKEE RUN,,,,,,VINERY SALES,,VINERY SALES AGENT LIII,,,,FIRST MELODY RACING LLC,,,,4000,,https://vimeo.com/872885164?share=copy,,,T,2013
2023,Y,23FTSARMIX,2023-10-17,1,1,61,61,,,,,2023-05-23,0,DKB,C,,W,,,NY,MORE THAN READY,MORE THAN READY,CHAMPAGNE THERAPY,CHAMPAGNE THERAPY,FREUD,FREUD,,,,,,VINERY SALES,,VINERY SALES AGENT LIV,,,,UNDERDOG STABLES,,,,70000,,https://vimeo.com/872926319?share=copy,,,T,2023
2023,Y,23FTSARMIX,2023-10-17,1,1,62,62,CHARITABLE LINK,CHARITABLE LINK,,,2015-04-30,8,B,M,,B,,,KY,DATA LINK,DATA LINK,RULE ONE,RULE ONE,STREET CRY (IRE),STREET CRY (IRE),,,,,,STUART MORRIS,,STUART MORRIS AGENT FOR WALDORF FARM,,,,NOT SOLD,,,,5000,,https://www.youtube.com/watch?v=1HMsH5NzoAw&list=PLQwjqm7md6-yImLFwX6oVAgjLCkHikRU4&index=2,,,T,2015
2023,Y,23FTSARMIX,2023-10-17,1,1,63,63,,,,,2023-02-12,0,B,C,,W,,,NY,CONNECT,CONNECT,CHARITABLE LINK,CHARITABLE LINK,DATA LINK,DATA LINK,,,,,,STUART MORRIS,,STUART MORRIS AGENT FOR WALDORF FARM,,,,NOT SOLD,,,,34000,,https://www.youtube.com/watch?v=voLq8xhCe6w&list=PLQwjqm7md6-yImLFwX6oVAgjLCkHikRU4&index=8,,,T,2023
2023,Y,23FTSARMIX,2023-10-17,1,1,64,64,,,,,2023-02-16,0,B,C,,W,,,NY,VIOLENCE,VIOLENCE,CHATILLON,CHATILLON,GHOSTZAPPER,GHOSTZAPPER,,,,,,LILI KOBIELSKI,,THE NEW HILL FARM AGENT,,,,WINDYLEA FARM LLC,,,,49000,,https://vimeo.com/874597888?share=copy,,,T,2023
2023,Y,23FTSARMIX,2023-10-17,1,1,65,65,CHIC STREET,CHIC STREET,,,2013-03-02,10,DKB,M,,B,,,KY,STREET SENSE,STREET SENSE,MONDENSCHEIN,MONDENSCHEIN,BRAHMS,BRAHMS,,,,,,STUART MORRIS,,STUART MORRIS AGENT V,,,,NOT SOLD,,,,1000,,,,,T,2013
2023,Y,23FTSARMIX,2023-10-17,1,1,66,66,,,,,2023-02-11,0,DKB,F,,W,,,NY,MAJESTIC CITY,MAJESTIC CITY,CHIC STREET,CHIC STREET,STREET SENSE,STREET SENSE,,,,,,STUART MORRIS,,STUART MORRIS AGENT V,,,,OUT,,,,0,,,,,T,2023
2023,Y,23FTSARMIX,2023-10-17,1,1,67,67,CHINA RIDER,CHINA RIDER,,,2014-03-06,9,B,M,,B,,,ON,MAJESTIC WARRIOR,MAJESTIC WARRIOR,SMART ANGEL,SMART ANGEL,SMART STRIKE,SMART STRIKE,,,,,,VINERY SALES,,VINERY SALES AGENT XLIX,,,,CALIBURN FARM & PHOENIX FARM & RACING,,,,25000,,,,,T,2014
2023,Y,23FTSARMIX,2023-10-17,1,1,68,68,,,,,2023-03-30,0,B,C,,W,,,NY,MENDELSSOHN,MENDELSSOHN,CHINA RIDER,CHINA RIDER,MAJESTIC WARRIOR,MAJESTIC WARRIOR,,,,,,VINERY SALES,,VINERY SALES AGENT XLIX,,,,OUT,,,,0,,,,,T,2023
2023,Y,23FTSARMIX,2023-10-17,1,1,69,69,CIMBRIA,CIMBRIA,,,2009-04-06,14,B,M,,B,,,KY,WAR FRONT,WAR FRONT,BRIG,BRIG,TWO PUNCH,TWO PUNCH,,,,,,MCMAHON OF SARATOGA THB LLC,,MCMAHON OF SARATOGA THOROUGHBREDS LLC AGENT,,,,NOT SOLD,,,,4500,,,,,T,2009
2023,Y,23FTSARMIX,2023-10-17,1,1,70,70,,,,,2023-03-06,0,B,C,,W,,,NY,SOLOMINI,SOLOMINI,CIRCUS LIFE,CIRCUS LIFE,MORE THAN READY,MORE THAN READY,,,,,,VINERY SALES,,VINERY SALES AGENT III,,,,REEVES THOROUGHBRED RACING,,,,30000,,,,,T,2023
2023,Y,23FTSARMIX,2023-10-17,1,1,71,71,CITY SECTION,CITY SECTION,,,2013-03-08,10,B,M,,B,,,KY,CITY ZIP,CITY ZIP,CATCH A WARNING,CATCH A WARNING,CAVEAT,CAVEAT,,,,,,MCMAHON OF SARATOGA THB LLC,,MCMAHON OF SARATOGA THOROUGHBREDS LLC AGENT,,,,NOT SOLD,,,,2000,,,,,T,2013
2023,Y,23FTSARMIX,2023-10-17,1,1,72,72,,,,,2023-02-28,0,B,F,,W,,,NY,MAXIMUM SECURITY,MAXIMUM SECURITY,CITY SECTION,CITY SECTION,CITY ZIP,CITY ZIP,,,,,,MCMAHON OF SARATOGA THB LLC,,MCMAHON OF SARATOGA THOROUGHBREDS LLC AGENT,,,,OUT,,,,0,,,,,T,2023
2023,Y,23FTSARMIX,2023-10-17,1,1,73,73,,,,,2023-04-18,0,B,F,,W,,,NY,INDEPENDENCE HALL,INDEPENDENCE HALL,CLOUD JUMPER,CLOUD JUMPER,STREET CRY (IRE),STREET CRY (IRE),,,,,,SEQUEL NEW YORK,,SEQUEL NEW YORK AGENT XIV,,,,OUT,,,,0,,,,,T,2023
2023,Y,23FTSARMIX,2023-10-17,1,1,74,74,COOL SPRING,COOL SPRING,,,2015-04-02,8,DKB,M,,B,,,LA,CONCORD POINT,CONCORD POINT,THISTLE BEAR,THISTLE BEAR,GATORS N BEARS,GATORS N BEARS,,,,,,LILI KOBIELSKI,,THE NEW HILL FARM,,,,K.O.I.D. CO LTD,,,,9000,,https://vimeo.com/873909191?share=copy,,,T,2015
2023,Y,23FTSARMIX,2023-10-17,1,1,75,75,COURAGEISAMAJORITY,COURAGEISAMAJORITY,,,2012-01-30,11,B,M,,B,,,NY,MEDAGLIA D'ORO,MEDAGLIA D'ORO,HOSTESS,HOSTESS,CHESTER HOUSE,CHESTER HOUSE,,,,,,VINERY SALES,,VINERY SALES AGENT LVIII,,,,NOT SOLD,,,,13000,,,,,T,2012
2023,Y,23FTSARMIX,2023-10-17,1,1,76,76,,,,,2023-04-24,0,CH,C,,W,,,NY,CENTRAL BANKER,CENTRAL BANKER,COURTLY LARK,COURTLY LARK,SHAKESPEARE,SHAKESPEARE,,,,,,MCMAHON OF SARATOGA THB LLC,,MCMAHON OF SARATOGA THOROUGHBREDS LLC AGENT,,,,OUT,,,,0,,,,,T,2023
2023,Y,23FTSARMIX,2023-10-17,1,1,77,77,COURT OF LOVE,COURT OF LOVE,,,2014-04-15,9,B,M,,B,,,KY,LEMON DROP KID,LEMON DROP KID,AQUITAINE,AQUITAINE,EMPIRE MAKER,EMPIRE MAKER,,,,,,SEQUEL NEW YORK,,SEQUEL NEW YORK AGENT VI,,,,NOT SOLD,,,,29000,,https://youtu.be/UKIoJzVnuL4,,,T,2014
2023,Y,23FTSARMIX,2023-10-17,1,1,78,78,,,,,2023-04-04,0,B,C,,W,,,NY,INSTAGRAND,INSTAGRAND,COURT OF LOVE,COURT OF LOVE,LEMON DROP KID,LEMON DROP KID,,,,,,SEQUEL NEW YORK,,SEQUEL NEW YORK AGENT VI,,,,BL TRANSPORT,,,,40000,,https://youtu.be/2d_9qHV8lXE,,,T,2023
2023,Y,23FTSARMIX,2023-10-17,1,1,79,79,,,,,2023-04-29,0,B,C,,W,,,NY,MODERNIST,MODERNIST,DANCE I CAN,DANCE I CAN,ROARING FEVER,ROARING FEVER,,,,,,VINERY SALES,,VINERY SALES AGENT FOR LARRY BOTTING,,,,NOT SOLD,,,,9000,,,,,T,2023
2023,Y,23FTSARMIX,2023-10-17,1,1,80,80,,,,,2023-04-16,0,B,F,,W,,,NY,SOLOMINI,SOLOMINI,DARLING MAMBO,DARLING MAMBO,BROAD BRUSH,BROAD BRUSH,,,,,,HIDDEN LAKE FARM LLC,,HIDDEN LAKE FARM LLC AGENT,,,,WELLSPRING STABLES,,,,10000,,,,,T,2023
2023,Y,23FTSARMIX,2023-10-17,1,1,81,81,,,,,2023-03-05,0,DKB,F,,W,,,NY,GALILEAN,GALILEAN,DAWN LIGHTNING,DAWN LIGHTNING,THE FACTOR,THE FACTOR,,,,,,MCMAHON OF SARATOGA THB LLC,,MCMAHON OF SARATOGA THOROUGHBREDS LLC AGENT,,,,REEVES THOROUGHBRED RACING,,,,80000,,https://vimeo.com/874650291?share=copy,,,T,2023
2023,Y,23FTSARMIX,2023-10-17,1,1,82,82,,,,,2023-03-29,0,B,F,,W,,,NY,HONEST MISCHIEF,HONEST MISCHIEF,DEEPLY ANALYTICAL,DEEPLY ANALYTICAL,MAJESTIC CITY,MAJESTIC CITY,,,,,,HIDDEN LAKE FARM LLC,,HIDDEN LAKE FARM LLC AGENT,,,,NOT SOLD,,,,1000,,,,,T,2023
2023,Y,23FTSARMIX,2023-10-17,1,1,83,83,DEJAS TOO,DEJAS TOO,,,2018-02-10,5,B,M,,B,,,ON,AMI'S HOLIDAY,AMI'S HOLIDAY,UNFORGETTABLE TOO,UNFORGETTABLE TOO,YOU AND I,YOU AND I,,,,,,STUART MORRIS,,STUART MORRIS AGENT I,,,,HIGHCLERE INC,,,,15000,,https://www.youtube.com/watch?v=3XTpwcyYT74&list=PLQwjqm7md6-yImLFwX6oVAgjLCkHikRU4&index=3,,,T,2018
2023,Y,23FTSARMIX,2023-10-17,1,1,84,84,,,,,2023-02-28,0,CH,C,,W,,,NY,FROSTED,FROSTED,DELIGHTFUL MOMENT,DELIGHTFUL MOMENT,UNCLE MO,UNCLE MO,,,,,,MCMAHON OF SARATOGA THB LLC,,MCMAHON OF SARATOGA THOROUGHBREDS LLC AGENT,,,,OUT,,,,0,,,,,T,2023
2023,Y,23FTSARMIX,2023-10-17,1,1,85,85,,,,,2023-05-12,0,B,F,,W,,,NY,GALILEAN,GALILEAN,DEVIOUS CHIC,DEVIOUS CHIC,HARLAN'S HOLIDAY,HARLAN'S HOLIDAY,,,,,,MCMAHON OF SARATOGA THB LLC,,MCMAHON OF SARATOGA THOROUGHBREDS LLC AGENT,,,,ORANGE HAT,,,,3500,,,,,T,2023
2023,Y,23FTSARMIX,2023-10-17,1,1,86,86,,,,,2023-05-05,0,B,C,,W,,,NY,KING FOR A DAY,KING FOR A DAY,DIXIE GEM,DIXIE GEM,STONESIDER,STONESIDER,,,,,,VINERY SALES,,VINERY SALES AGENT XLIII,,,,OUT,,,,0,,,,,T,2023
2023,Y,23FTSARMIX,2023-10-17,1,1,87,87,,,,,2023-04-13,0,B,C,,W,,,NY,CENTRAL BANKER,CENTRAL BANKER,DOWNDRAFT,DOWNDRAFT,WARRIOR'S REWARD,WARRIOR'S REWARD,,,,,,RHAPSODY FARM LLC,,RHAPSODY FARM LLC AGENT,,,,ELEVATOR BLOODSTOCK,,,,33000,,,,,T,2023
2023,Y,23FTSARMIX,2023-10-17,1,1,88,88,DOWN THE ROAD,DOWN THE ROAD,,,2016-04-03,7,DKB,M,,B,,,KY,QUALITY ROAD,QUALITY ROAD,HISHI ASPEN,HISHI ASPEN,FORESTRY,FORESTRY,,,,,,HIDDEN LAKE FARM LLC,,HIDDEN LAKE FARM LLC AGENT,,,,KIANNA WESTFALL,,,,1000,,,,,T,2016
2023,Y,23FTSARMIX,2023-10-17,1,1,89,89,,,,,2023-02-26,0,B,F,,W,,,NY,YAUPON,YAUPON,DOWNTOWN DARIA,DOWNTOWN DARIA,SKY MESA,SKY MESA,,,,,,SARATOGA GLEN FARM LLC,,SARATOGA GLEN FARM AGENT,,,,MWG. LLC,,,,125000,,,,,T,2023
2023,Y,23FTSARMIX,2023-10-17,1,1,90,90,,,,,2023-03-04,0,B,F,,W,,,NY,COMBATANT,COMBATANT,DRAMA MAMA,DRAMA MAMA,CENTURY CITY (IRE),CENTURY CITY (IRE),,,,,,LILI KOBIELSKI,,THE NEW HILL FARM AGENT,,,,CYPRESS HEAD RACING,,,,15000,,https://vimeo.com/873888620?share=copy,,,T,2023
2023,Y,23FTSARMIX,2023-10-17,1,1,91,91,,,,,2023-01-27,0,DKB,C,,W,,,NY,MEDAGLIA D'ORO,MEDAGLIA D'ORO,EARTH SHAKING,EARTH SHAKING,WAR FRONT,WAR FRONT,,,,,,VINERY SALES,,VINERY SALES AGENT XXVI,,,,MACHMER HALL,,,,125000,,https://vimeo.com/872928167?share=copy,,,T,2023
2023,Y,23FTSARMIX,2023-10-17,1,1,92,92,,,,,2023-02-25,0,B,F,,W,,,NY,DIALED IN,DIALED IN,ENDURINGLY,ENDURINGLY,GHOSTZAPPER,GHOSTZAPPER,,,,,,VINERY SALES,,VINERY SALES AGENT XLVI,,,,WELLSPRING STABLES,,,,45000,,,,,T,2023
2023,Y,23FTSARMIX,2023-10-17,1,1,93,93,E PIRATESS UNUM,E PIRATESS UNUM,,,2019-01-21,4,B,M,,B,,,KY,UNIFIED,UNIFIED,RACHEL WALL,RACHEL WALL,BLAME,BLAME,,,,,,MCMAHON OF SARATOGA THB LLC,,MCMAHON OF SARATOGA THOROUGHBREDS LLC AGENT,,,,OUT,,,,0,,,,,T,2019
2023,Y,23FTSARMIX,2023-10-17,1,1,94,94,EPONA'S DREAM,EPONA'S DREAM,,,2018-02-27,5,CH,M,,B,,,NY,ORB,ORB,ICE COOL KITTY,ICE COOL KITTY,TOMORROWS CAT,TOMORROWS CAT,,,,,,VINERY SALES,,VINERY SALES AGENT IV,,,,NOT SOLD,,,,14000,,,,,T,2018
2023,Y,23FTSARMIX,2023-10-17,1,1,95,95,ETINCELLE,ETINCELLE,,,2006-03-09,17,B,M,,B,,,KY,DYNAFORMER,DYNAFORMER,MAGICAL FLASH,MAGICAL FLASH,MISWAKI,MISWAKI,,,,,,HIDDEN LAKE FARM LLC,,HIDDEN LAKE FARM LLC AGENT,,,,MAPLETON THOROUGHBRED FARM,,,,3500,,,,,T,2006
2023,Y,23FTSARMIX,2023-10-17,1,1,96,96,,,,,2023-03-26,0,DKB,C,,W,,,NY,BOLT D'ORO,BOLT D'ORO,EVER AWESOME,EVER AWESOME,AWESOME AGAIN,AWESOME AGAIN,,,,,,LILI KOBIELSKI,,THE NEW HILL FARM AGENT,,,,FIRE BRIGADE BLOODSTOCK,,,,45000,,https://vimeo.com/873888581?share=copy,,,T,2023
2023,Y,23FTSARMIX,2023-10-17,1,1,97,97,,,,,2023-03-22,0,B,F,,W,,,NY,MAXIMUS MISCHIEF,MAXIMUS MISCHIEF,EXCHANGE FUNDS,EXCHANGE FUNDS,SPEIGHTSTOWN,SPEIGHTSTOWN,,,,,,TURNING POINT BLOODSTOCK,,TURNING POINT BLOODSTOCK AGENT,,,,WELLSPRING STABLES LLC,,,,35000,,https://vimeo.com/874527742?share=copy,,,T,2023
2023,Y,23FTSARMIX,2023-10-17,1,1,98,98,,,,,2023-05-04,0,CH,F,,W,,,NY,COMBATANT,COMBATANT,EXTRA EFFORT,EXTRA EFFORT,FLASHBACK,FLASHBACK,,,,,,MCMAHON OF SARATOGA THB LLC,,MCMAHON OF SARATOGA THOROUGHBREDS LLC AGENT,,,,NOT SOLD,,,,1000,,,,,T,2023
2023,Y,23FTSARMIX,2023-10-17,1,1,99,99,FANCY BLUFF,FANCY BLUFF,,,2019-01-25,4,DKB,M,,B,,,KY,UNIFIED,UNIFIED,FASCINATE,FASCINATE,CURLIN,CURLIN,,,,,,INDIAN CREEK FARM,,INDIAN CREEK AGENT,,,,OUT,,,,0,,,,,T,2019
2023,Y,23FTSARMIX,2023-10-17,1,1,100,100,,,,,2023-03-12,0,B,C,,W,,,NY,PRACTICAL JOKE,PRACTICAL JOKE,FANCY BLUFF,FANCY BLUFF,UNIFIED,UNIFIED,,,,,,INDIAN CREEK FARM,,INDIAN CREEK AGENT,,,,OUT,,,,0,,,,,T,2023
2023,Y,23FTSARMIX,2023-10-17,1,1,101,101,,,,,2023-03-31,0,B,F,,W,,,NY,KING FOR A DAY,KING FOR A DAY,FASHION SHOW,FASHION SHOW,STREET CRY (IRE),STREET CRY (IRE),,,,,,TURNING POINT BLOODSTOCK,,TURNING POINT BLOODSTOCK AGENT,,,,OUT,,,,0,,https://vimeo.com/874530355?share=copy,,,T,2023
2023,Y,23FTSARMIX,2023-10-17,1,1,102,102,FENNICA,FENNICA,,,2008-03-08,15,B,M,,B,,,KY,EMPIRE MAKER,EMPIRE MAKER,STELLARIA,STELLARIA,ROBERTO,ROBERTO,,,,,,HIDDEN LAKE FARM LLC,,HIDDEN LAKE FARM LLC AGENT,,,,OUT,,,,0,,,,,T,2008
2023,Y,23FTSARMIX,2023-10-17,1,1,103,103,,,,,2023-04-06,0,B,C,,W,,,NY,MENDELSSOHN,MENDELSSOHN,FENNICA,FENNICA,EMPIRE MAKER,EMPIRE MAKER,,,,,,HIDDEN LAKE FARM LLC,,HIDDEN LAKE FARM LLC AGENT,,,,OUT,,,,0,,,,,T,2023
2023,Y,23FTSARMIX,2023-10-17,1,1,104,104,FINDERS KEY,FINDERS KEY,,,2009-02-25,14,B,M,,B,,,KY,DISCREET CAT,DISCREET CAT,IMPERIAL REIGN,IMPERIAL REIGN,INDIAN CHARLIE,INDIAN CHARLIE,,,,,,SONG HILL THOROUGHBREDS LLC,,SONG HILL THOROUGHBREDS LLC AGENT,,,,SONG HILL THOROUGHBRED,,,,5500,,,,,T,2009
2023,Y,23FTSARMIX,2023-10-17,1,1,105,105,,,,,2023-02-28,0,B,F,,W,,,NY,KING FOR A DAY,KING FOR A DAY,FIRM AND GRACIOUS,FIRM AND GRACIOUS,STONESIDER,STONESIDER,,,,,,SEQUEL NEW YORK,,SEQUEL NEW YORK AGENT FOR BARONE'S SUNNY CREST FARM,,,,TIN MAN STABLE,,,,1000,,,,,T,2023
2023,Y,23FTSARMIX,2023-10-17,1,1,106,106,,,,,2023-04-21,0,DKB,C,,W,,,NY,KNOWN AGENDA,KNOWN AGENDA,FIRST VALENTINE,FIRST VALENTINE,FLATTER,FLATTER,,,,,,VINERY SALES,,VINERY SALES AGENT FOR ROCKRIDGE STUD & CHESAPEAKE FARM,,,,AMERMAN RACING LLC,,,,55000,,https://vimeo.com/874455176?share=copy,,,T,2023
2023,Y,23FTSARMIX,2023-10-17,1,1,107,107,FITNESS FOR OFFICE (IRE),FITNESS FOR OFFICE (IRE),,,2018-04-29,5,B,M,,B,,,IRE,INTELLO (GER),INTELLO (GER),WAIT AND SEE (FR),WAIT AND SEE (FR),MONTJEU (IRE),MONTJEU (IRE),,,,,,INDIAN CREEK FARM,,INDIAN CREEK AGENT,,,,SULIMAN BLOODSTOCK,,,,2000,,,,,T,2018
2023,Y,23FTSARMIX,2023-10-17,1,1,108,108,,,,,2023-01-26,0,B,C,,W,,,NY,KING FOR A DAY,KING FOR A DAY,FLASHY NOTE,FLASHY NOTE,CATIENUS,CATIENUS,,,,,,MCMAHON OF SARATOGA THB LLC,,MCMAHON OF SARATOGA THOROUGHBREDS LLC AGENT,,,,NOT SOLD,,,,1000,,,,,T,2023
2023,Y,23FTSARMIX,2023-10-17,1,1,109,109,,,,,2023-03-23,0,B,C,,W,,,NY,HEART TO HEART,HEART TO HEART,FOLLOW THE KITTEN,FOLLOW THE KITTEN,KITTEN'S JOY,KITTEN'S JOY,,,,,,VINERY SALES,,VINERY SALES AGENT LV,,,,OUT,,,,0,,,,,T,2023
2023,Y,23FTSARMIX,2023-10-17,1,1,110,110,FORT DRUM,FORT DRUM,,,2018-03-20,5,CH,M,,B,,,FL,DECLARATION OF WAR,DECLARATION OF WAR,APRES SKI,APRES SKI,STORMY ATLANTIC,STORMY ATLANTIC,,,,,,VINERY SALES,,VINERY SALES AGENT IV,,,,NOT SOLD,,,,1000,,,,,T,2018
2023,Y,23FTSARMIX,2023-10-17,1,1,111,111,,,,,2023-03-14,0,B,F,,W,,,NY,MAXIMUM SECURITY,MAXIMUM SECURITY,FORT DRUM,FORT DRUM,DECLARATION OF WAR,DECLARATION OF WAR,,,,,,VINERY SALES,,VINERY SALES AGENT IV,,,,NOT SOLD,,,,1000,,https://vimeo.com/874142591?share=copy,,,T,2023
2023,Y,23FTSARMIX,2023-10-17,1,1,112,112,,,,,2023-04-29,0,B,F,,W,,,NY,CENTRAL BANKER,CENTRAL BANKER,FORTHELOVEOF ANNA,FORTHELOVEOF ANNA,PLEASANT TAP,PLEASANT TAP,,,,,,MCMAHON OF SARATOGA THB LLC,,MCMAHON OF SARATOGA THOROUGHBREDS LLC AGENT,,,,OUT,,,,0,,,,,T,2023
2023,Y,23FTSARMIX,2023-10-17,1,1,113,113,,,,,2023-04-28,0,GRR,C,,W,,,NY,KILLYBEGS CAPTAIN,KILLYBEGS CAPTAIN,FREEDOM'S FLAME,FREEDOM'S FLAME,FIRST SAMURAI,FIRST SAMURAI,,,,,,VINERY SALES,,VINERY SALES AGENT,,,,NOT SOLD,,,,3500,,,,,T,2023
2023,Y,23FTSARMIX,2023-10-17,1,1,114,114,FROSTED COOKIE,FROSTED COOKIE,,,2020-03-26,3,B,M,,B,,,KY,FROSTED,FROSTED,LOGIC OF ABSURDITY,LOGIC OF ABSURDITY,BODEMEISTER,BODEMEISTER,,,,,,SARATOGA GLEN FARM LLC,,SARATOGA GLEN FARM AGENT,,,,SHOWCASE STABLES,,,,1000,,,,,T,2020
2023,Y,23FTSARMIX,2023-10-17,1,1,115,115,,,,,2023-01-13,0,DKB,C,,W,,,NY,YAUPON,YAUPON,FROSTIE ANNE,FROSTIE ANNE,FROST GIANT,FROST GIANT,,,,,,VINERY SALES,,VINERY SALES AGENT FOR ROCKRIDGE STUD & SARATOGA GLEN & BEALS RACING,,,,GOOD LUCK FARM,,,,120000,,https://vimeo.com/874455154?share=copy,,,T,2023
2023,Y,23FTSARMIX,2023-10-17,1,1,116,116,,,,,2023-04-09,0,B,F,,W,,,NY,SOLOMINI,SOLOMINI,GALE STORM,GALE STORM,DENMAN (AUS),DENMAN (AUS),,,,,,TURNING POINT BLOODSTOCK,,TURNING POINT BLOODSTOCK AGENT,,,,NOT SOLD,,,,1000,,https://vimeo.com/874532594?share=copy,,,T,2023
2023,Y,23FTSARMIX,2023-10-17,1,1,117,117,GALIBEAN,GALIBEAN,,,2023-03-15,0,B,F,,W,,,NY,GALILEAN,GALILEAN,BEAN INDISCREET,BEAN INDISCREET,DISCREET CAT,DISCREET CAT,,,,,,HARRY L LANDRY BLOODSTOCK LLC,,HARRY L. LANDRY BLOODSTOCK LLC AGENT,,,,NOT SOLD,,,,9000,,,,,T,2023
2023,Y,23FTSARMIX,2023-10-17,1,1,118,118,GASP,GASP,,,2008-02-10,15,CH,M,,B,,,KY,HENNESSY,HENNESSY,WINNER'S EDGE,WINNER'S EDGE,SEEKING THE GOLD,SEEKING THE GOLD,,,,,,HIDDEN LAKE FARM LLC,,HIDDEN LAKE FARM LLC AGENT,,,,OUT,,,,0,,,,,T,2008
2023,Y,23FTSARMIX,2023-10-17,1,1,119,119,,,,,2023-03-09,0,B,C,,W,,,NY,KNOWN AGENDA,KNOWN AGENDA,GET BUSY LIVING,GET BUSY LIVING,DIALED IN,DIALED IN,,,,,,TURNING POINT BLOODSTOCK,,TURNING POINT BLOODSTOCK AGENT,,,,BIG DOM RACING STABLE,,,,17000,,https://vimeo.com/873167136?share=copy,,,T,2023
2023,Y,23FTSARMIX,2023-10-17,1,1,120,120,,,,,2023-02-25,0,B,F,,W,,,NY,ACCELERATE,ACCELERATE,GETTING ON,GETTING ON,TRAPPE SHOT,TRAPPE SHOT,,,,,,SEQUEL NEW YORK,,SEQUEL NEW YORK AGENT IX,,,,NOT SOLD,,,,1000,,https://youtu.be/JNcu91ppDpE,,,T,2023
2023,Y,23FTSARMIX,2023-10-17,1,1,121,121,GIANT BLOSSOM,GIANT BLOSSOM,,,2016-03-04,7,B,M,,B,,,PA,GIANT'S CAUSEWAY,GIANT'S CAUSEWAY,COTTON BLOSSOM,COTTON BLOSSOM,BROKEN VOW,BROKEN VOW,,,,,,VINERY SALES,,VINERY SALES AGENT LII,,,,FORTUNE FARM LLC,,,,50000,,,,,T,2016
2023,Y,23FTSARMIX,2023-10-17,1,1,122,122,GIRLABOUTOWN,GIRLABOUTOWN,,,2011-04-10,12,CH,M,,B,,,NY,A.P. INDY,A.P. INDY,CARMANDIA,CARMANDIA,WILD RUSH,WILD RUSH,,,,,,SEQUEL NEW YORK,,SEQUEL NEW YORK AGENT FOR CHESTER AND MARY BROMAN,,,,BARRY OSTRAGER,,,,30000,,,,,T,2011
2023,Y,23FTSARMIX,2023-10-17,1,1,123,123,,,,,2023-03-08,0,B,C,,W,,,NY,CLASSIC EMPIRE,CLASSIC EMPIRE,GIULIA AMMANNATI,GIULIA AMMANNATI,NOBLE MISSION (GB),NOBLE MISSION (GB),,,,,,MCMAHON OF SARATOGA THB LLC,,MCMAHON OF SARATOGA THOROUGHBREDS LLC AGENT FOR ANDY & SUSAN BEADNELL,,,,OUT,,,,0,,,,,T,2023
2023,Y,23FTSARMIX,2023-10-17,1,1,124,124,,,,,2023-03-27,0,B,F,,W,,,NY,TAPITURE,TAPITURE,GLITZY LADY,GLITZY LADY,LIAISON,LIAISON,,,,,,LILI KOBIELSKI,,THE NEW HILL FARM AGENT,,,,OUT,,,,0,,,,,T,2023
2023,Y,23FTSARMIX,2023-10-17,1,1,125,125,GOIAS (IRE),GOIAS (IRE),,,2016-04-02,7,B,M,,B,,,IRE,HARD SPUN,HARD SPUN,GENUINE QUALITY,GENUINE QUALITY,ELUSIVE QUALITY,ELUSIVE QUALITY,,,,,,HIDDEN LAKE FARM LLC,,HIDDEN LAKE FARM LLC AGENT,,,,OUT,,,,0,,,,,T,2016
2023,Y,23FTSARMIX,2023-10-17,1,1,126,126,,,,,2023-03-26,0,B,F,,W,,,NY,FOG OF WAR,FOG OF WAR,GOIAS (IRE),GOIAS (IRE),HARD SPUN,HARD SPUN,,,,,,HIDDEN LAKE FARM LLC,,HIDDEN LAKE FARM LLC AGENT,,,,NOT SOLD,,,,1000,,,,,T,2023
2023,Y,23FTSARMIX,2023-10-17,1,1,127,127,,,,,2023-02-21,0,B,F,,W,,,NY,HIGHER POWER,HIGHER POWER,GOLD ANKLET,GOLD ANKLET,LEMON DROP KID,LEMON DROP KID,,,,,,TURNING POINT BLOODSTOCK,,TURNING POINT BLOODSTOCK AGENT,,,,4 X 4 RACING STABLE,,,,10000,,https://vimeo.com/874534816?share=copy,,,T,2023
2023,Y,23FTSARMIX,2023-10-17,1,1,128,128,,,,,2023-02-13,0,B,F,,W,,,NY,BEAU LIAM,BEAU LIAM,GOLDWORK,GOLDWORK,OUTWORK,OUTWORK,,,,,,TURNING POINT BLOODSTOCK,,TURNING POINT BLOODSTOCK AGENT,,,,RAMIRO SALAZAR AGENT,,,,7500,,https://vimeo.com/873163820?share=copy,,,T,2023
2023,Y,23FTSARMIX,2023-10-17,1,1,129,129,,,,,2023-04-13,0,B,C,,W,,,NY,OMAHA BEACH,OMAHA BEACH,GOODN'READY,GOODN'READY,MORE THAN READY,MORE THAN READY,,,,,,SEQUEL NEW YORK,,SEQUEL NEW YORK AGENT X,,,,OUT,,,,0,,,,,T,2023
2023,Y,23FTSARMIX,2023-10-17,1,1,130,130,GRACEFUL LIGHT,GRACEFUL LIGHT,,,2013-03-08,10,CH,M,,B,,,PA,SILVER TRAIN,SILVER TRAIN,MONKTON MISS,MONKTON MISS,OUT OF PLACE,OUT OF PLACE,,,,,,LEGACY BLOODSTOCK,,LEGACY BLOODSTOCK AGENT I,,,,NOT SOLD,,,,1000,,,,,T,2013
2023,Y,23FTSARMIX,2023-10-17,1,1,131,131,,,,,2023-04-23,0,B,F,,W,,,NY,KING FOR A DAY,KING FOR A DAY,GRAND KISSES,GRAND KISSES,GRAND REWARD,GRAND REWARD,,,,,,TURNING POINT BLOODSTOCK,,TURNING POINT BLOODSTOCK AGENT,,,,OUT,,,,0,,,,,T,2023
2023,Y,23FTSARMIX,2023-10-17,1,1,132,132,GREATER GLORY,GREATER GLORY,,,2015-02-04,8,B,M,,B,,,KY,INTO MISCHIEF,INTO MISCHIEF,GREELEY'S GEISHA,GREELEY'S GEISHA,MR. GREELEY,MR. GREELEY,,,,,,VINERY SALES,,VINERY SALES AGENT XLV,,,,ARKOF FARM,,,,3000,,,,,T,2015
2023,Y,23FTSARMIX,2023-10-17,1,1,133,133,,,,,2023-02-21,0,CH,F,,W,,,NY,KNOWN AGENDA,KNOWN AGENDA,GREELEY GREELEY,GREELEY GREELEY,MR. GREELEY,MR. GREELEY,,,,,,SEQUEL NEW YORK,,SEQUEL NEW YORK AGENT VII,,,,NOT SOLD,,,,27000,,https://youtu.be/Mmectm9vGJE,,,T,2023
2023,Y,23FTSARMIX,2023-10-17,1,1,134,134,,,,,2023-02-10,0,B,C,,W,,,NY,MITOLE,MITOLE,GRETCHEN,GRETCHEN,CONVEYANCE,CONVEYANCE,,,,,,STUART MORRIS,,STUART MORRIS AGENT FOR HIGHCLERE,,,,BRONCO BLOODSTOCK,,,,90000,,https://www.youtube.com/watch?v=ntVs_SIdyS4&list=PLQwjqm7md6-yImLFwX6oVAgjLCkHikRU4&index=6,,,T,2023
2023,Y,23FTSARMIX,2023-10-17,1,1,135,135,GRIMPANTE,GRIMPANTE,,,2017-02-17,6,DKB,M,,B,,,KY,EMPIRE MAKER,EMPIRE MAKER,GLYCINE,GLYCINE,PULPIT,PULPIT,,,,,,VINERY SALES,,VINERY SALES AGENT XXIII,,,,ARKOF FARM,,,,2000,,,,,T,2017
2023,Y,23FTSARMIX,2023-10-17,1,1,136,136,,,,,2023-02-05,0,B,C,,W,,,NY,KING FOR A DAY,KING FOR A DAY,HALDANE,HALDANE,RAFFIE'S MAJESTY,RAFFIE'S MAJESTY,,,,,,LEGACY BLOODSTOCK,,LEGACY BLOODSTOCK AGENT,,,,OUT,,,,0,,,,,T,2023
2023,Y,23FTSARMIX,2023-10-17,1,1,137,137,HAPPY AS YOU GO,HAPPY AS YOU GO,,,2018-04-16,5,DKB,M,,B,,,OHIO,MOBIL,MOBIL,PRESERVATION HALL,PRESERVATION HALL,DIXIELAND BAND,DIXIELAND BAND,,,,,,LILI KOBIELSKI,,THE NEW HILL FARM,,,,OUT,,,,0,,,,,T,2018
2023,Y,23FTSARMIX,2023-10-17,1,1,138,138,,,,,2023-04-08,0,DKB,F,,W,,,NY,TACITUS,TACITUS,HEAVENLY VISION,HEAVENLY VISION,FORESTRY,FORESTRY,,,,,,MICHAEL OLIVETO,,HIBISCUS SALES,,,,OUT,,,,0,,https://vimeo.com/871914453,,,T,2023
2023,Y,23FTSARMIX,2023-10-17,1,1,139,139,,,,,2023-04-06,0,CH,C,,W,,,NY,IMPROBABLE,IMPROBABLE,HEAVEN'S HUMOR,HEAVEN'S HUMOR,DROSSELMEYER,DROSSELMEYER,,,,,,MCMAHON OF SARATOGA THB LLC,,MCMAHON OF SARATOGA THOROUGHBREDS LLC AGENT,,,,OUT,,,,0,,,,,T,2023
2023,Y,23FTSARMIX,2023-10-17,1,1,140,140,,,,,2023-03-31,0,B,C,,W,,,NY,MITOLE,MITOLE,HELOTES,HELOTES,PAYNTER,PAYNTER,,,,,,TURNING POINT BLOODSTOCK,,TURNING POINT BLOODSTOCK AGENT,,,,JOSE PIETRI,,,,10000,,https://vimeo.com/873160428?share=copy,,,T,2023
2023,Y,23FTSARMIX,2023-10-17,1,1,141,141,,,,,2023-04-22,0,B,C,,W,,,NY,RAGING BULL (FR),RAGING BULL (FR),HENNYVILLE,HENNYVILLE,HENNY HUGHES,HENNY HUGHES,,,,,,VINERY SALES,,VINERY SALES AGENT XXXVI,,,,OUT,,,,0,,,,,T,2023
2023,Y,23FTSARMIX,2023-10-17,1,1,142,142,,,,,2023-05-20,0,B,C,,W,,,NY,KING FOR A DAY,KING FOR A DAY,HIGHER INCENTIVE,HIGHER INCENTIVE,FREUD,FREUD,,,,,,GARY & LAUREL LEAST,,FOGGY BOTTOM FARM AGENT,,,,NOT SOLD,,,,1000,,,,,T,2023
2023,Y,23FTSARMIX,2023-10-17,1,1,143,143,,,,,2023-03-05,0,B,F,,W,,,NY,COMBATANT,COMBATANT,HIGH FLYING ADORE,HIGH FLYING ADORE,FUSAICHI PEGASUS,FUSAICHI PEGASUS,,,,,,VINERY SALES,,VINERY SALES AGENT XXXVIII,,,,FAST HORSES,,,,8000,,https://vimeo.com/874455129?share=copy,,,T,2023
2023,Y,23FTSARMIX,2023-10-17,1,1,144,144,,,,,2023-03-16,0,DKB,F,,W,,,NY,MO TOWN,MO TOWN,HIGH PITCH,HIGH PITCH,MEDAGLIA D'ORO,MEDAGLIA D'ORO,,,,,,SEQUEL NEW YORK,,SEQUEL NEW YORK AGENT XI,,,,TIN MAN STABLE,,,,10000,,https://youtu.be/KN_2ZtJFP_M,,,T,2023
2023,Y,23FTSARMIX,2023-10-17,1,1,145,145,HIKARU,HIKARU,,,2019-01-26,4,DKB,M,,B,,,NY,FIRST SAMURAI,FIRST SAMURAI,ELATHA,ELATHA,MALIBU MOON,MALIBU MOON,,,,,,HIDDEN LAKE FARM LLC,,HIDDEN LAKE FARM LLC AGENT,,,,OUT,,,,0,,,,,T,2019
2023,Y,23FTSARMIX,2023-10-17,1,1,146,146,,,,,2023-03-18,0,B,C,,W,,,NY,WAR DANCER,WAR DANCER,HONOR BELLE,HONOR BELLE,HONOR CODE,HONOR CODE,,,,,,VINERY SALES,,VINERY SALES AGENT LI,,,,NOT SOLD,,,,4000,,,,,T,2023
2023,Y,23FTSARMIX,2023-10-17,1,1,147,147,HUMMINGBIRD HILL,HUMMINGBIRD HILL,,,2010-03-27,13,CH,M,,B,,,KY,TAPIT,TAPIT,SHOP HERE,SHOP HERE,DEHERE,DEHERE,,,,,,HIDDEN LAKE FARM LLC,,HIDDEN LAKE FARM LLC AGENT,,,,NOT SOLD,,,,1000,,,,,T,2010
2023,Y,23FTSARMIX,2023-10-17,1,1,148,148,I'M ALREADY TAKEN,I'M ALREADY TAKEN,,,2019-04-05,4,B,F,,B,,,FL,KHOZAN,KHOZAN,FUTURE STORY,FUTURE STORY,TALE OF THE CAT,TALE OF THE CAT,,,,,,VINERY SALES,,VINERY SALES AGENT L,,,,NOT SOLD,,,,1000,,,,,T,2019
2023,Y,23FTSARMIX,2023-10-17,1,1,149,149,IMNOBODYSFOOL,IMNOBODYSFOOL,,,2023-04-01,0,B,F,,W,,,NY,CLASSIC EMPIRE,CLASSIC EMPIRE,QUEENARDINI,QUEENARDINI,BERNARDINI,BERNARDINI,,,,,,VINERY SALES,,VINERY SALES AGENT XXVIII,,,,OUT,,,,0,,,,,T,2023
2023,Y,23FTSARMIX,2023-10-17,1,1,150,150,,,,,2023-03-10,0,B,F,,W,,,NY,CENTRAL BANKER,CENTRAL BANKER,IMPISHNESS,IMPISHNESS,INTO MISCHIEF,INTO MISCHIEF,,,,,,MCMAHON OF SARATOGA THB LLC,,MCMAHON OF SARATOGA THOROUGHBREDS LLC AGENT,,,,NOT SOLD,,,,8000,,https://vimeo.com/874650319?share=copy,,,T,2023
2023,Y,23FTSARMIX,2023-10-17,1,1,151,151,,,,,2023-03-07,0,B,F,,W,,,NY,KNOWN AGENDA,KNOWN AGENDA,INDY MUSIC,INDY MUSIC,MACLEAN'S MUSIC,MACLEAN'S MUSIC,,,,,,SEQUEL NEW YORK,,SEQUEL NEW YORK AGENT I,,,,SHEPHERD EQUINE ADVISORS AGT   FOR INTERNATIONAL EQUINE LLC,,,,30000,,https://youtu.be/FFJfSjt-APQ,,,T,2023
2023,Y,23FTSARMIX,2023-10-17,1,1,152,152,,,,,2023-02-26,0,CH,C,,W,,,NY,INSTAGRAND,INSTAGRAND,INTERLACE,INTERLACE,DECLARATION OF WAR,DECLARATION OF WAR,,,,,,SEQUEL NEW YORK,,SEQUEL NEW YORK AGENT XII,,,,MARY SUE STABLES,,,,52000,,https://youtu.be/WAB1Ei0pa_Q,,,T,2023
2023,Y,23FTSARMIX,2023-10-17,1,1,153,153,INTO THE SOUTH,INTO THE SOUTH,,,2016-04-09,7,B,M,,B,,,KY,INTO MISCHIEF,INTO MISCHIEF,SOUTHBOUND,SOUTHBOUND,SOUTHERN IMAGE,SOUTHERN IMAGE,,,,,,VINERY SALES,,VINERY SALES AGENT FOR HEAD OF PLAINS LLC,,,,MCMAHON AND HILL BLOOSTOCK AGT,,,,12000,,,,,T,2016
2023,Y,23FTSARMIX,2023-10-17,1,1,154,154,,,,,2023-02-14,0,B,F,,W,,,NY,INDEPENDENCE HALL,INDEPENDENCE HALL,INTO VICTORY,INTO VICTORY,INTO MISCHIEF,INTO MISCHIEF,,,,,,TURNING POINT BLOODSTOCK,,TURNING POINT BLOODSTOCK AGENT,,,,CYPRESSHEAD RACING,,,,30000,,https://vimeo.com/873156732?share=copy,,,T,2023
2023,Y,23FTSARMIX,2023-10-17,1,1,155,155,,,,,2023-03-26,0,DKB,C,,W,,,NY,FLAMEAWAY,FLAMEAWAY,ISLE GET READY,ISLE GET READY,MORE THAN READY,MORE THAN READY,,,,,,MCMAHON OF SARATOGA THB LLC,,MCMAHON OF SARATOGA THOROUGHBREDS LLC AGENT,,,,ATLANTIC B/S,,,,17000,,https://vimeo.com/874650349?share=copy,,,T,2023
2023,Y,23FTSARMIX,2023-10-17,1,1,156,156,,,,,2023-03-24,0,B,C,,W,,,NY,KING FOR A DAY,KING FOR A DAY,ITS A CHANCE,ITS A CHANCE,STONESIDER,STONESIDER,,,,,,VINERY SALES,,VINERY SALES AGENT IX,,,,OUT,,,,0,,,,,T,2023
2023,Y,23FTSARMIX,2023-10-17,1,1,157,157,,,,,2023-03-15,0,B,C,,W,,,NY,MAXIMUS MISCHIEF,MAXIMUS MISCHIEF,J. A. CURLIN,J. A. CURLIN,CURLIN,CURLIN,,,,,,TURNING POINT BLOODSTOCK,,TURNING POINT BLOODSTOCK AGENT,,,,RAMIRO SALAZAR AGENT,,,,7500,,https://vimeo.com/874537806?share=copy,,,T,2023
2023,Y,23FTSARMIX,2023-10-17,1,1,158,158,,,,,2023-04-16,0,B,F,,W,,,NY,HONEST MISCHIEF,HONEST MISCHIEF,J C S STAR,J C S STAR,FREUD,FREUD,,,,,,VINERY SALES,,VINERY SALES AGENT FOR LARRY BOTTING,,,,DEAN PURDOM,,,,1500,,,,,T,2023
2023,Y,23FTSARMIX,2023-10-17,1,1,159,159,,,,,2023-05-13,0,B,F,,W,,,NY,BOLT D'ORO,BOLT D'ORO,JETBIRD,JETBIRD,WILDCAT HEIR,WILDCAT HEIR,,,,,,SEQUEL NEW YORK,,SEQUEL NEW YORK AGENT II,,,,OUT,,,,0,,,,,T,2023
2023,Y,23FTSARMIX,2023-10-17,1,1,160,160,,,,,2023-04-25,0,CH,C,,W,,,NY,TACITUS,TACITUS,JUDICIARY,JUDICIARY,UNION RAGS,UNION RAGS,,,,,,SARATOGA GLEN FARM LLC,,SARATOGA GLEN FARM AGENT FOR STEPHEN M. VIOLA & SARATOGA GLEN FARM LLC,,,,OWL STABLE,,,,30000,,,,,T,2023
2023,Y,23FTSARMIX,2023-10-17,1,1,161,161,,,,,2023-04-05,0,B,F,,W,,,NY,MITOLE,MITOLE,JUST HATTIE,JUST HATTIE,QUALITY ROAD,QUALITY ROAD,,,,,,LILI KOBIELSKI,,THE NEW HILL FARM AGENT,,,,CF FARM,,,,50000,,https://vimeo.com/873888513?share=copy,,,T,2023
2023,Y,23FTSARMIX,2023-10-17,1,1,162,162,,,,,2023-03-04,0,B,C,,W,,,NY,GALILEAN,GALILEAN,JUST PERFECT,JUST PERFECT,THEWAYYOUARE,THEWAYYOUARE,,,,,,HARRY L LANDRY BLOODSTOCK LLC,,HARRY L. LANDRY BLOODSTOCK LLC AGENT,,,,ATLANTIC B/S,,,,10000,,,,,T,2023
2023,Y,23FTSARMIX,2023-10-17,1,1,163,163,,,,,2023-04-11,0,CH,F,,W,,,NY,KNOWN AGENDA,KNOWN AGENDA,KATS GIRL CALA,KATS GIRL CALA,LEMON DROP KID,LEMON DROP KID,,,,,,LILI KOBIELSKI,,THE NEW HILL FARM AGENT,,,,NOT SOLD,,,,17000,,https://vimeo.com/873888472?share=copy,,,T,2023
2023,Y,23FTSARMIX,2023-10-17,1,1,164,164,KAZIMIERZ,KAZIMIERZ,,,2023-03-21,0,B,C,,W,,,NY,KING FOR A DAY,KING FOR A DAY,NORTHERN ANALYST,NORTHERN ANALYST,FREUD,FREUD,,,,,,VINERY SALES,,VINERY SALES AGENT VIII,,,,NOT SOLD,,,,4000,,https://youtu.be/XuTugOIYhYU,,,T,2023
2023,Y,23FTSARMIX,2023-10-17,1,1,165,165,,,,,2023-01-26,0,B,F,,W,,,NY,MODERNIST,MODERNIST,KENTUCKY DANCER,KENTUCKY DANCER,HAYNESFIELD,HAYNESFIELD,,,,,,TURNING POINT BLOODSTOCK,,TURNING POINT BLOODSTOCK AGENT,,,,CHIP LAWRENCE STABLE,,,,15000,,https://vimeo.com/873152872?share=copy,,,T,2023
2023,Y,23FTSARMIX,2023-10-17,1,1,166,166,,,,,2023-01-31,0,B,C,,W,,,NY,HONEST MISCHIEF,HONEST MISCHIEF,KEWLAND,KEWLAND,DIXIELAND BAND,DIXIELAND BAND,,,,,,VINERY SALES,,VINERY SALES AGENT XLIV,,,,OUT,,,,0,,,,,T,2023
2023,Y,23FTSARMIX,2023-10-17,1,1,167,167,KING SINGH,KING SINGH,,,2023-03-26,0,CH,C,,W,,,NY,COUNTRY HOUSE,COUNTRY HOUSE,DANCE BY EM,DANCE BY EM,TAPIT,TAPIT,,,,,,HARRY L LANDRY BLOODSTOCK LLC,,HARRY L. LANDRY BLOODSTOCK LLC AGENT,,,,BERGEN STABLES,,,,15000,,,,,T,2023
2023,Y,23FTSARMIX,2023-10-17,1,1,168,168,,,,,2023-04-16,0,B,C,,W,,,NY,FOG OF WAR,FOG OF WAR,KISS THE LADY,KISS THE LADY,QUIET AMERICAN,QUIET AMERICAN,,,,,,HIDDEN LAKE FARM LLC,,HIDDEN LAKE FARM LLC AGENT,,,,OUT,,,,0,,,,,T,2023
2023,Y,23FTSARMIX,2023-10-17,1,1,169,169,KITTY FOYLE,KITTY FOYLE,,,2015-04-20,8,GRR,M,,B,,,KY,TAPIT,TAPIT,LAVENDER SKY,LAVENDER SKY,MT. LIVERMORE,MT. LIVERMORE,,,,,,HIDDEN LAKE FARM LLC,,HIDDEN LAKE FARM LLC AGENT,,,,HIDDEN LAKE FARM LLC & THOMAS FAMILY ENTERPSRISE LLC,,,,10000,,,,,T,2015
2023,Y,23FTSARMIX,2023-10-17,1,1,170,170,,,,,2023-03-12,0,B,F,,W,,,NY,MENDELSSOHN,MENDELSSOHN,KITTY FOYLE,KITTY FOYLE,TAPIT,TAPIT,,,,,,HIDDEN LAKE FARM LLC,,HIDDEN LAKE FARM LLC AGENT,,,,OUT,,,,0,,,,,T,2023
2023,Y,23FTSARMIX,2023-10-17,1,1,171,171,,,,,2023-04-15,0,B,C,,W,,,NY,MIDNIGHT LUTE,MIDNIGHT LUTE,LA CONDESA,LA CONDESA,FREUD,FREUD,,,,,,VINERY SALES,,VINERY SALES AGENT XXX,,,,WINDYLEA FARM LLC,,,,52000,,,,,T,2023
2023,Y,23FTSARMIX,2023-10-17,1,1,172,172,,,,,2023-05-02,0,B,C,,W,,,NY,CENTRAL BANKER,CENTRAL BANKER,LADY DAPHNE,LADY DAPHNE,HARLAN'S HOLIDAY,HARLAN'S HOLIDAY,,,,,,MCMAHON OF SARATOGA THB LLC,,MCMAHON OF SARATOGA THOROUGHBREDS LLC AGENT,,,,OUT,,,,0,,,,,T,2023
2023,Y,23FTSARMIX,2023-10-17,1,1,173,173,,,,,2023-02-11,0,B,C,,W,,,NY,MO TOWN,MO TOWN,LADY ON HOLIDAY,LADY ON HOLIDAY,HARLAN'S HOLIDAY,HARLAN'S HOLIDAY,,,,,,HIDDEN LAKE FARM LLC,,HIDDEN LAKE FARM LLC AGENT,,,,BRONCO BLOODSTOCK,,,,25000,,,,,T,2023
2023,Y,23FTSARMIX,2023-10-17,1,1,174,174,LADY OVERBOARD,LADY OVERBOARD,,,2013-04-18,10,B,M,,B,,,OHIO,MIDSHIPMAN,MIDSHIPMAN,TICKY TACKY,TICKY TACKY,CONQUISTADOR CIELO,CONQUISTADOR CIELO,,,,,,VINERY SALES,,VINERY SALES AGENT XLVIII,,,,OUT,,,,0,,,,,T,2013
2023,Y,23FTSARMIX,2023-10-17,1,1,175,175,,,,,2023-02-13,0,GRR,C,,W,,,NY,HONEST MISCHIEF,HONEST MISCHIEF,LAPSANG,LAPSANG,SMOKE GLACKEN,SMOKE GLACKEN,,,,,,LILI KOBIELSKI,,THE NEW HILL FARM AGENT,,,,GOOD LUCK FARM,,,,23000,,https://vimeo.com/874606471?share=copy,,,T,2023
2023,Y,23FTSARMIX,2023-10-17,1,1,176,176,LEFTY CANNON,LEFTY CANNON,,,2019-04-06,4,B,M,,B,,,KY,TWIRLING CANDY,TWIRLING CANDY,CONQUESTA,CONQUESTA,EMPIRE MAKER,EMPIRE MAKER,,,,,,VINERY SALES,,VINERY SALES AGENT FOR HEAD OF PLAINS LLC,,,,NOT SOLD,,,,1000,,,,,T,2019
2023,Y,23FTSARMIX,2023-10-17,1,1,177,177,,,,,2023-02-15,0,B,F,,W,,,NY,MAXIMUS MISCHIEF,MAXIMUS MISCHIEF,LEMON DROP KITTY,LEMON DROP KITTY,LEMON DROP KID,LEMON DROP KID,,,,,,TURNING POINT BLOODSTOCK,,TURNING POINT BLOODSTOCK AGENT,,,,MARY SUE STABLES,,,,43000,,https://vimeo.com/874540314?share=copy,,,T,2023
2023,Y,23FTSARMIX,2023-10-17,1,1,178,178,LET'S GO BABY,LET'S GO BABY,,,2016-03-09,7,DKB,M,,B,,,KY,MIDNIGHT LUTE,MIDNIGHT LUTE,HOT ATTRACTION,HOT ATTRACTION,PULPIT,PULPIT,,,,,,INDIAN CREEK FARM,,INDIAN CREEK AGENT,,,,RACHID BROTHERS,,,,20000,,,,,T,2016
2023,Y,23FTSARMIX,2023-10-17,1,1,179,179,,,,,2023-03-07,0,B,F,,W,,,NY,COMBATANT,COMBATANT,LEXINGTON PEARL,LEXINGTON PEARL,ELUSIVE QUALITY,ELUSIVE QUALITY,,,,,,LEGACY BLOODSTOCK,,LEGACY BLOODSTOCK AGENT V,,,,SEAN S. PERL BLOODSTOCK LLC,,,,23000,,https://vimeo.com/874436544?share=copy,,,T,2023
2023,Y,23FTSARMIX,2023-10-17,1,1,180,180,,,,,2023-04-02,0,GRR,F,,W,,,NY,TACITUS,TACITUS,LITTLE BULLET,LITTLE BULLET,UNCLE MO,UNCLE MO,,,,,,SARATOGA GLEN FARM LLC,,SARATOGA GLEN FARM AGENT,,,,WELLSPRING STABLES LLC,,,,30000,,,,,T,2023
2023,Y,23FTSARMIX,2023-10-17,1,1,181,181,,,,,2023-04-30,0,B,C,,W,,,NY,GAME WINNER,GAME WINNER,LONE TIGRESS,LONE TIGRESS,TALE OF THE CAT,TALE OF THE CAT,,,,,,TURNING POINT BLOODSTOCK,,TURNING POINT BLOODSTOCK AGENT,,,,RASCAL BLOODSTOCK,,,,60000,,https://vimeo.com/874543557?share=copy,,,T,2023
2023,Y,23FTSARMIX,2023-10-17,1,1,182,182,LOVELY ESCORT,LOVELY ESCORT,,,2015-03-23,8,DKB,M,,B,,,NY,HERE COMES BEN,HERE COMES BEN,PRIVATE ESCORT,PRIVATE ESCORT,DANCE WITH RAVENS,DANCE WITH RAVENS,,,,,,VINERY SALES,,VINERY SALES AGENT XXXIX,,,,NOT SOLD,,,,9000,,,,,T,2015
2023,Y,23FTSARMIX,2023-10-17,1,1,183,183,,,,,2023-04-26,0,B,C,,W,,,NY,KING FOR A DAY,KING FOR A DAY,LUCK IN THE CITY,LUCK IN THE CITY,BEST OF LUCK,BEST OF LUCK,,,,,,VINERY SALES,,VINERY SALES AGENT FOR LARRY BOTTING,,,,NOT SOLD,,,,3500,,,,,T,2023
2023,Y,23FTSARMIX,2023-10-17,1,1,184,184,,,,,2023-04-28,0,B,F,,W,,,NY,JIMMY CREED,JIMMY CREED,LUNA,LUNA,ORB,ORB,,,,,,VINERY SALES,,VINERY SALES AGENT XIII,,,,KEN WILLIAMS AGENT FOR ROYAL BREEZE THOROUGHBREDS,,,,11500,,,,,T,2023
2023,Y,23FTSARMIX,2023-10-17,1,1,185,185,LUNA CLOCK,LUNA CLOCK,,,2019-03-14,4,CH,M,,B,,,KY,MALIBU MOON,MALIBU MOON,LITTLE SWOON,LITTLE SWOON,YOU AND I,YOU AND I,,,,,,STUART MORRIS,,STUART MORRIS AGENT III,,,,SEBASTIAN BERNARD,,,,40000,,https://www.youtube.com/watch?v=Xu2sCRFQe4g&list=PLQwjqm7md6-yImLFwX6oVAgjLCkHikRU4&index=5,,,T,2019
2023,Y,23FTSARMIX,2023-10-17,1,1,186,186,,,,,2023-05-16,0,B,C,,W,,,NY,FOG OF WAR,FOG OF WAR,LURE OF THE SEA (IRE),LURE OF THE SEA (IRE),SEA THE STARS (IRE),SEA THE STARS (IRE),,,,,,HIDDEN LAKE FARM LLC,,HIDDEN LAKE FARM LLC AGENT,,,,NOT SOLD,,,,1000,,,,,T,2023
2023,Y,23FTSARMIX,2023-10-17,1,1,187,187,,,,,2023-02-09,0,DKB,F,,W,,,NY,IMPROBABLE,IMPROBABLE,MADITA (GER),MADITA (GER),SOLDIER HOLLOW (GB),SOLDIER HOLLOW (GB),,,,,,TURNING POINT BLOODSTOCK,,TURNING POINT BLOODSTOCK AGENT,,,,BRONCO BLOODSTOCK,,,,42000,,https://vimeo.com/873148654?share=copy,,,T,2023
2023,Y,23FTSARMIX,2023-10-17,1,1,188,188,,,,,2023-03-10,0,B,C,,W,,,NY,MR. MONOMOY,MR. MONOMOY,MAGIC HAPPENS,MAGIC HAPPENS,AWESOME PATRIOT,AWESOME PATRIOT,,,,,,STUART MORRIS,,STUART MORRIS AGENT VIII,,,,NOT SOLD,,,,8000,,,,,T,2023
2023,Y,23FTSARMIX,2023-10-17,1,1,189,189,,,,,2023-05-12,0,B,C,,W,,,NY,BEAU LIAM,BEAU LIAM,MAJESTIC MONARCH,MAJESTIC MONARCH,MAJESTIC WARRIOR,MAJESTIC WARRIOR,,,,,,VINERY SALES,,VINERY SALES AGENT XL,,,,ELEVATOR BLOODSTOCK,,,,27000,,https://vimeo.com/874455092?share=copy,,,T,2023
2023,Y,23FTSARMIX,2023-10-17,1,1,190,190,MARCELLINA D'ORO,MARCELLINA D'ORO,,,2010-03-23,13,B,M,,B,,,KY,MEDAGLIA D'ORO,MEDAGLIA D'ORO,PHILLY'S PHILLY,PHILLY'S PHILLY,A.P. INDY,A.P. INDY,,,,,,HIDDEN LAKE FARM LLC,,HIDDEN LAKE FARM LLC AGENT,,,,OUT,,,,0,,,,,T,2010
2023,Y,23FTSARMIX,2023-10-17,1,1,191,191,,,,,2023-04-04,0,GRR,C,,W,,,NY,COMBATANT,COMBATANT,MATINEE EXPRESS,MATINEE EXPRESS,ZENSATIONAL,ZENSATIONAL,,,,,,HARRY L LANDRY BLOODSTOCK LLC,,HARRY L. LANDRY BLOODSTOCK LLC AGENT,,,,OUT,,,,0,,,,,T,2023
2023,Y,23FTSARMIX,2023-10-17,1,1,192,192,MAYHAP,MAYHAP,,,2018-04-15,5,B,M,,B,,,KY,BODEMEISTER,BODEMEISTER,SUPPOSEDLY,SUPPOSEDLY,POLISH NUMBERS,POLISH NUMBERS,,,,,,SARATOGA GLEN FARM LLC,,SARATOGA GLEN FARM AGENT,,,,THOMAS FAMILY ENTERPRISES,,,,1500,,https://www.youtube.com/watch?v=FgAUunTJYzY,,,T,2018
2023,Y,23FTSARMIX,2023-10-17,1,1,193,193,,,,,2023-01-15,0,B,C,,W,,,NY,MODERNIST,MODERNIST,METEORIC MATRON,METEORIC MATRON,MINESHAFT,MINESHAFT,,,,,,TURNING POINT BLOODSTOCK,,TURNING POINT BLOODSTOCK AGENT,,,,CJ RACING STABLE,,,,18000,,https://vimeo.com/873144519?share=copy,,,T,2023
2023,Y,23FTSARMIX,2023-10-17,1,1,194,194,,,,,2023-04-19,0,B,C,,W,,,NY,VINO ROSSO,VINO ROSSO,MGR TREASURE,MGR TREASURE,OVERANALYZE,OVERANALYZE,,,,,,TURNING POINT BLOODSTOCK,,TURNING POINT BLOODSTOCK AGENT,,,,ATLANTIC B/S,,,,30000,,https://vimeo.com/874546200?share=copy,,,T,2023
2023,Y,23FTSARMIX,2023-10-17,1,1,195,195,,,,,2023-04-28,0,B,C,,W,,,NY,MODERNIST,MODERNIST,MIA ROSA,MIA ROSA,TEMPLE CITY,TEMPLE CITY,,,,,,VINERY SALES,,VINERY SALES AGENT XII,,,,C & S THOROUGHBREDS,,,,6000,,,,,T,2023
2023,Y,23FTSARMIX,2023-10-17,1,1,196,196,MIDNIGHT WATCH,MIDNIGHT WATCH,,,2010-01-12,13,CH,M,,B,,,KY,STORMY ATLANTIC,STORMY ATLANTIC,TRADE ONLY,TRADE ONLY,UNBRIDLED,UNBRIDLED,,,,,,HIDDEN LAKE FARM LLC,,HIDDEN LAKE FARM LLC AGENT,,,,MICHAEL SLEZAK AGENT,,,,1500,,,,,T,2010
2023,Y,23FTSARMIX,2023-10-17,1,1,197,197,,,,,2023-04-08,0,B,F,,W,,,NY,GALILEAN,GALILEAN,MIDNITESALRIGHT,MIDNITESALRIGHT,MIDNIGHT LUTE,MIDNIGHT LUTE,,,,,,LILI KOBIELSKI,,THE NEW HILL FARM,,,,NOT SOLD,,,,19000,,https://vimeo.com/873876973?share=copy,,,T,2023
2023,Y,23FTSARMIX,2023-10-17,1,1,198,198,,,,,2023-04-05,0,B,C,,W,,,NY,KING FOR A DAY,KING FOR A DAY,MILKY WHEY GAL,MILKY WHEY GAL,COSMONAUT,COSMONAUT,,,,,,VINERY SALES,,VINERY SALES AGENT,,,,NOT SOLD,,,,3500,,,,,T,2023
2023,Y,23FTSARMIX,2023-10-17,1,1,199,199,MISCHIEVOUS MOLLY,MISCHIEVOUS MOLLY,,,2020-03-29,3,DKB,M,,B,,,NY,INTO MISCHIEF,INTO MISCHIEF,MOLLYBALL,MOLLYBALL,TAKE CHARGE INDY,TAKE CHARGE INDY,,,,,,STUART MORRIS,,STUART MORRIS AGENT VI,,,,STEPHEN M VIOLA THOROUGHBREDS LLC,,,,9000,,https://www.youtube.com/watch?v=gEzvwV341pc&list=PLQwjqm7md6-yImLFwX6oVAgjLCkHikRU4&index=11,,,T,2020
2023,Y,23FTSARMIX,2023-10-17,1,1,200,200,MISLED,MISLED,,,2016-03-28,7,B,M,,B,,,KY,INTO MISCHIEF,INTO MISCHIEF,MARNIER,MARNIER,HENNESSY,HENNESSY,,,,,,STUART MORRIS,,STUART MORRIS AGENT V,,,,ARKOF FARM,,,,9000,,,,,T,2016
2023,Y,23FTSARMIX,2023-10-17,1,1,201,201,,,,,2023-04-12,0,CH,C,,W,,,NY,MAJESTIC CITY,MAJESTIC CITY,MISLED,MISLED,INTO MISCHIEF,INTO MISCHIEF,,,,,,STUART MORRIS,,STUART MORRIS AGENT V,,,,OUT,,,,0,,,,,T,2023
2023,Y,23FTSARMIX,2023-10-17,1,1,202,202,,,,,2023-04-12,0,B,C,,W,,,NY,ROCK YOUR WORLD,ROCK YOUR WORLD,MISS BLARNEY STONE,MISS BLARNEY STONE,DYNAFORMER,DYNAFORMER,,,,,,VINERY SALES,,VINERY SALES AGENT LX,,,,RICE HORSE,,,,31000,,https://vimeo.com/874455068?share=copy,,,T,2023
2023,Y,23FTSARMIX,2023-10-17,1,1,203,203,MISS BUFF,MISS BUFF,,,2018-02-18,5,CH,M,,B,,,NY,FRIEND OR FOE,FRIEND OR FOE,SPEIGHTFUL AFFAIR,SPEIGHTFUL AFFAIR,SPEIGHTSTOWN,SPEIGHTSTOWN,,,,,,SEQUEL NEW YORK,,SEQUEL NEW YORK AGENT FOR CHESTER AND MARY BROMAN,,,,SEBASTIAN BERNARD,,,,21000,,,,,T,2018
2023,Y,23FTSARMIX,2023-10-17,1,1,204,204,,,,,2023-04-13,0,CH,C,,W,,,NY,GLOBAL CAMPAIGN,GLOBAL CAMPAIGN,MISSILETOE KISS,MISSILETOE KISS,GOLDEN MISSILE,GOLDEN MISSILE,,,,,,STUART MORRIS,,STUART MORRIS AGENT IV,,,,NOT SOLD,,,,19000,,https://www.youtube.com/watch?v=xEX3WKnrYvw&list=PLQwjqm7md6-yImLFwX6oVAgjLCkHikRU4&index=10,,,T,2023
2023,Y,23FTSARMIX,2023-10-17,1,1,205,205,MISSPENNYMISCHIEF,MISSPENNYMISCHIEF,,,2023-03-18,0,DKB,F,,W,,,NY,HONEST MISCHIEF,HONEST MISCHIEF,OLGA PAYNE,OLGA PAYNE,E DUBAI,E DUBAI,,,,,,VINERY SALES,,VINERY SALES AGENT FOR DOROTHY BAILIN (WHISPER HILL FARM NY),,,,NOT SOLD,,,,9500,,,,,T,2023
2023,Y,23FTSARMIX,2023-10-17,1,1,206,206,MISTY DAYLIGHT,MISTY DAYLIGHT,,,2005-04-23,18,B,M,,B,,,VA,SEEKING DAYLIGHT,SEEKING DAYLIGHT,MISTY DANCER,MISTY DANCER,LYPHARD,LYPHARD,,,,,,GARY & LAUREL LEAST,,FOGGY BOTTOM FARM AGENT,,,,FOGGY BOTTOM FARM,,,,2200,,,,,T,2005
2023,Y,23FTSARMIX,2023-10-17,1,1,207,207,,,,,2023-05-10,0,CH,F,,W,,,NY,A SHIN FORWARD,A SHIN FORWARD,MIZSHIPMAN,MIZSHIPMAN,MIDSHIPMAN,MIDSHIPMAN,,,,,,MCMAHON OF SARATOGA THB LLC,,MCMAHON OF SARATOGA THOROUGHBREDS LLC AGENT FOR VIVIEN G. MALLOY,,,,OUT,,,,0,,,,,T,2023
2023,Y,23FTSARMIX,2023-10-17,1,1,208,208,,,,,2023-02-26,0,B,F,,W,,,NY,GALILEAN,GALILEAN,MME BELLE BREZING,MME BELLE BREZING,MR. GREELEY,MR. GREELEY,,,,,,HIDDEN LAKE FARM LLC,,HIDDEN LAKE FARM LLC AGENT,,,,NOT SOLD,,,,1000,,,,,T,2023
2023,Y,23FTSARMIX,2023-10-17,1,1,209,209,,,,,2023-05-01,0,B,C,,W,,,NY,SOLOMINI,SOLOMINI,MO BOBBY,MO BOBBY,LAOBAN,LAOBAN,,,,,,VINERY SALES,,VINERY SALES AGENT FOR LARRY BOTTING,,,,OUT,,,,0,,,,,T,2023
2023,Y,23FTSARMIX,2023-10-17,1,1,210,210,,,,,2023-04-12,0,B,F,,W,,,NY,REDESDALE,REDESDALE,MOCA MOOSE,MOCA MOOSE,ELTISH,ELTISH,,,,,,MCMAHON OF SARATOGA THB LLC,,MCMAHON OF SARATOGA THOROUGHBREDS LLC AGENT,,,,OUT,,,,0,,,,,T,2023
2023,Y,23FTSARMIX,2023-10-17,1,1,211,211,,,,,2023-04-23,0,DKB,F,,W,,,NY,COMBATANT,COMBATANT,MONEYBACKGUARANTEE,MONEYBACKGUARANTEE,CENTRAL BANKER,CENTRAL BANKER,,,,,,MCMAHON OF SARATOGA THB LLC,,MCMAHON OF SARATOGA THOROUGHBREDS LLC AGENT,,,,OUT,,,,0,,,,,T,2023
2023,Y,23FTSARMIX,2023-10-17,1,1,212,212,MONHEGAN,MONHEGAN,,,2015-02-03,8,B,M,,B,,,KY,ENGLISH CHANNEL,ENGLISH CHANNEL,WISCASSET,WISCASSET,KRIS S.,KRIS S.,,,,,,HIDDEN LAKE FARM LLC,,HIDDEN LAKE FARM LLC AGENT,,,,HARRY L LANDRY,,,,4000,,,,,T,2015
2023,Y,23FTSARMIX,2023-10-17,1,1,213,213,,,,,2023-01-25,0,B,C,,W,,,NY,KNOWN AGENDA,KNOWN AGENDA,MOON UNIT ZAPPER,MOON UNIT ZAPPER,GHOSTZAPPER,GHOSTZAPPER,,,,,,VINERY SALES,,VINERY SALES AGENT XXXI,,,,NOT SOLD,,,,11000,,,,,T,2023
2023,Y,23FTSARMIX,2023-10-17,1,1,214,214,,,,,2023-03-05,0,B,C,,W,,,NY,CENTRAL BANKER,CENTRAL BANKER,MORETHANVICTORIOUS,MORETHANVICTORIOUS,MORE THAN READY,MORE THAN READY,,,,,,LEGACY BLOODSTOCK,,LEGACY BLOODSTOCK AGENT V,,,,OUT,,,,0,,,,,T,2023
2023,Y,23FTSARMIX,2023-10-17,1,1,215,215,,,,,2023-02-27,0,DKB,C,,W,,,NY,REDESDALE,REDESDALE,MY ALLURING LADY,MY ALLURING LADY,RUNHAPPY,RUNHAPPY,,,,,,PAMELA ZIELINSKI,,DAMROCK FARM LLC AGENT FOR PAMELA ZIELINSKI,,,,KIMDON RACING LLC,,,,8000,,,,,T,2023
2023,Y,23FTSARMIX,2023-10-17,1,1,216,216,,,,,2023-03-01,0,B,C,,W,,,NY,UNION RAGS,UNION RAGS,MY COUSIN MARTHA,MY COUSIN MARTHA,STAY THIRSTY,STAY THIRSTY,,,,,,VINERY SALES,,VINERY SALES AGENT FOR ROCKRIDGE STUD & ASCENDANT FARMS,,,,BRONCO BLOODSTOCK,,,,30000,,,,,T,2023
2023,Y,23FTSARMIX,2023-10-17,1,1,217,217,,,,,2023-04-04,0,B,F,,W,,,NY,CENTRAL BANKER,CENTRAL BANKER,MY GOLDEN GIRL,MY GOLDEN GIRL,GOLDEN MISSILE,GOLDEN MISSILE,,,,,,VINERY SALES,,VINERY SALES AGENT LI,,,,NOT SOLD,,,,2500,,,,,T,2023
2023,Y,23FTSARMIX,2023-10-17,1,1,218,218,,,,,2023-04-09,0,B,C,,W,,,NY,CENTRAL BANKER,CENTRAL BANKER,MYSELF,MYSELF,GIANT'S CAUSEWAY,GIANT'S CAUSEWAY,,,,,,MCMAHON OF SARATOGA THB LLC,,MCMAHON OF SARATOGA THOROUGHBREDS LLC AGENT,,,,ATLANTIC BLOODSTOCK,,,,20000,,https://vimeo.com/874657582?share=copy,,,T,2023
2023,Y,23FTSARMIX,2023-10-17,1,1,219,219,,,,,2023-05-07,0,DKB,F,,W,,,NY,ENTICED,ENTICED,MYTHICAL TALE,MYTHICAL TALE,TIZNOW,TIZNOW,,,,,,STUART MORRIS,,STUART MORRIS AGENT V,,,,K R RACING,,,,3500,,https://www.youtube.com/watch?v=p000HpI9iHE&list=PLQwjqm7md6-yImLFwX6oVAgjLCkHikRU4&index=7,,,T,2023
2023,Y,23FTSARMIX,2023-10-17,1,1,220,220,NANTUCKET SUMMER,NANTUCKET SUMMER,,,2017-03-14,6,DKB,M,,B,,,KY,MORE THAN READY,MORE THAN READY,FACT FILE,FACT FILE,DIXIE UNION,DIXIE UNION,,,,,,VINERY SALES,,VINERY SALES AGENT FOR HEAD OF PLAINS LLC,,,,OUT,,,,0,,,,,T,2017
2023,Y,23FTSARMIX,2023-10-17,1,1,221,221,,,,,2023-02-26,0,CH,F,,W,,,NY,SOLOMINI,SOLOMINI,NATURAL MIST,NATURAL MIST,EMCEE,EMCEE,,,,,,RHAPSODY FARM LLC,,RHAPSODY FARM LLC AGENT,,,,MOUSE STABLES,,,,30000,,,,,T,2023
2023,Y,23FTSARMIX,2023-10-17,1,1,222,222,NAVY CRUISER,NAVY CRUISER,,,2017-01-25,6,B,M,,B,,,KY,DECLARATION OF WAR,DECLARATION OF WAR,TARNISHED,TARNISHED,MEDAGLIA D'ORO,MEDAGLIA D'ORO,,,,,,HIDDEN LAKE FARM LLC,,HIDDEN LAKE FARM LLC AGENT,,,,OUT,,,,0,,,,,T,2017
2023,Y,23FTSARMIX,2023-10-17,1,1,223,223,,,,,2023-03-19,0,B,F,,W,,,NY,SOLOMINI,SOLOMINI,NAVY CRUISER,NAVY CRUISER,DECLARATION OF WAR,DECLARATION OF WAR,,,,,,HIDDEN LAKE FARM LLC,,HIDDEN LAKE FARM LLC AGENT,,,,NOT SOLD,,,,1000,,,,,T,2023
2023,Y,23FTSARMIX,2023-10-17,1,1,224,224,,,,,2023-03-04,0,B,F,,W,,,NY,KNOWN AGENDA,KNOWN AGENDA,NEW GIRL IN TOWN,NEW GIRL IN TOWN,BOYS AT TOSCONOVA,BOYS AT TOSCONOVA,,,,,,INDIAN CREEK FARM,,INDIAN CREEK AGENT,,,,OUT,,,,0,,,,,T,2023
2023,Y,23FTSARMIX,2023-10-17,1,1,225,225,NO JINXIN ME,NO JINXIN ME,,,2020-04-07,3,DKB,M,,B,,,NY,GOOD MAGIC,GOOD MAGIC,KIBOSH,KIBOSH,DISCREET CAT,DISCREET CAT,,,,,,SEQUEL NEW YORK,,SEQUEL NEW YORK AGENT FOR CHESTER AND MARY BROMAN,,,,NOT SOLD,,,,29000,,,,,T,2020
2023,Y,23FTSARMIX,2023-10-17,1,1,226,226,,,,,2023-03-10,0,B,F,,W,,,NY,WAR DANCER,WAR DANCER,NOTACHARLIE'SANGEL,NOTACHARLIE'SANGEL,FAPPIE'S NOTEBOOK,FAPPIE'S NOTEBOOK,,,,,,VINERY SALES,,VINERY SALES AGENT V,,,,ORACLE BLOODSTOCKAGENT,,,,30000,,https://vimeo.com/874148785?share=copy,,,T,2023
2023,Y,23FTSARMIX,2023-10-17,1,1,227,227,NOTHINGBUTASMILE,NOTHINGBUTASMILE,,,2014-03-04,9,B,M,,B,,,NY,MACLEAN'S MUSIC,MACLEAN'S MUSIC,SALTY FARMA,SALTY FARMA,SALT LAKE,SALT LAKE,,,,,,SEQUEL NEW YORK,,SEQUEL NEW YORK AGENT VI,,,,MISTY MOUNTAIN THOROUGHBREDS LLC,,,,1000,,https://youtu.be/V_ZFykjh4sY,,,T,2014
2023,Y,23FTSARMIX,2023-10-17,1,1,228,228,,,,,2023-05-19,0,B,C,,W,,,NY,GOLDENCENTS,GOLDENCENTS,NOTHINGBUTASMILE,NOTHINGBUTASMILE,MACLEAN'S MUSIC,MACLEAN'S MUSIC,,,,,,SEQUEL NEW YORK,,SEQUEL NEW YORK AGENT VI,,,,OUT,,,,0,,,,,T,2023
2023,Y,23FTSARMIX,2023-10-17,1,1,229,229,,,,,2023-04-09,0,B,C,,W,,,NY,ARMY MULE,ARMY MULE,ONE HOT SENORITA,ONE HOT SENORITA,SHARP HUMOR,SHARP HUMOR,,,,,,VINERY SALES,,VINERY SALES AGENT X,,,,BRONCO BLOODSTOCK,,,,20000,,,,,T,2023
2023,Y,23FTSARMIX,2023-10-17,1,1,230,230,,,,,2023-03-09,0,B,F,,W,,,NY,SOLOMINI,SOLOMINI,ONE MORE ACT,ONE MORE ACT,PATRIOT ACT,PATRIOT ACT,,,,,,TURNING POINT BLOODSTOCK,,TURNING POINT BLOODSTOCK AGENT,,,,NOT SOLD,,,,1000,,https://vimeo.com/874553458?share=copy,,,T,2023
2023,Y,23FTSARMIX,2023-10-17,1,1,231,231,,,,,2023-04-03,0,B,F,,W,,,NY,TONALIST,TONALIST,ONEMORESWEETKISS,ONEMORESWEETKISS,BEDFORD FALLS,BEDFORD FALLS,,,,,,LILI KOBIELSKI,,THE NEW HILL FARM AGENT,,,,REEVES THOROUGHBRED RACING,,,,9000,,https://vimeo.com/873876929?share=copy,,,T,2023
2023,Y,23FTSARMIX,2023-10-17,1,1,232,232,ORIENT MOON,ORIENT MOON,,,2009-02-21,14,B,M,,B,,,KY,MALIBU MOON,MALIBU MOON,CAREER ORIENTED,CAREER ORIENTED,CAT'S CAREER,CAT'S CAREER,,,,,,INDIAN CREEK FARM,,INDIAN CREEK AGENT,,,,PAUL JACKSON,,,,20000,,,,,T,2009
2023,Y,23FTSARMIX,2023-10-17,1,1,233,233,,,,,2023-03-30,0,CH,C,,W,,,NY,PRACTICAL JOKE,PRACTICAL JOKE,ORIENT MOON,ORIENT MOON,MALIBU MOON,MALIBU MOON,,,,,,INDIAN CREEK FARM,,INDIAN CREEK AGENT,,,,OUT,,,,0,,,,,T,2023
2023,Y,23FTSARMIX,2023-10-17,1,1,234,234,,,,,2023-03-28,0,B,F,,W,,,NY,SLUMBER (GB),SLUMBER (GB),OVER FORLI (CHI),OVER FORLI (CHI),MILT'S OVERTURE,MILT'S OVERTURE,,,,,,LILI KOBIELSKI,,THE NEW HILL FARM,,,,MADAKET STABLES LLC,,,,18000,,https://vimeo.com/873876865?share=copy,,,T,2023
2023,Y,23FTSARMIX,2023-10-17,1,1,235,235,,,,,2023-03-03,0,B,C,,W,,,NY,GALILEAN,GALILEAN,PALUXY PRINCESS,PALUXY PRINCESS,GHOSTZAPPER,GHOSTZAPPER,,,,,,HIDDEN LAKE FARM LLC,,HIDDEN LAKE FARM LLC AGENT,,,,HIDDEN LAKE FARM,,,,1000,,,,,T,2023
2023,Y,23FTSARMIX,2023-10-17,1,1,236,236,PAMMI DEAREST,PAMMI DEAREST,,,2016-03-01,7,DKB,M,,B,,,KY,VERRAZANO,VERRAZANO,CHAOTIC CAT,CHAOTIC CAT,TALE OF THE CAT,TALE OF THE CAT,,,,,,LEGACY BLOODSTOCK,,LEGACY BLOODSTOCK AGENT II,,,,NOT SOLD,,,,50000,,https://vimeo.com/874436351?share=copy,,,T,2016
2023,Y,23FTSARMIX,2023-10-17,1,1,237,237,,,,,2023-02-01,0,B,C,,W,,,NY,CONNECT,CONNECT,PAMMI DEAREST,PAMMI DEAREST,VERRAZANO,VERRAZANO,,,,,,LEGACY BLOODSTOCK,,LEGACY BLOODSTOCK AGENT II,,,,NOT SOLD,,,,40000,,https://vimeo.com/872535489?share=copy,,,T,2023
2023,Y,23FTSARMIX,2023-10-17,1,1,238,238,PARIS SUNSET,PARIS SUNSET,,,2015-01-22,8,B,M,,B,,,KY,KITTEN'S JOY,KITTEN'S JOY,TESSIE FLIP,TESSIE FLIP,GRAND SLAM,GRAND SLAM,,,,,,STUART MORRIS,,STUART MORRIS AGENT II,,,,OUT,,,,0,,,,,T,2015
2023,Y,23FTSARMIX,2023-10-17,1,1,239,239,,,,,2023-03-31,0,B,F,,W,,,NY,DIALED IN,DIALED IN,PARIS SUNSET,PARIS SUNSET,KITTEN'S JOY,KITTEN'S JOY,,,,,,STUART MORRIS,,STUART MORRIS AGENT II,,,,BASIL RABANAL,,,,30000,,https://www.youtube.com/watch?v=pN7XqrvmGf8,,,T,2023
2023,Y,23FTSARMIX,2023-10-17,1,1,240,240,,,,,2023-04-20,0,B,F,,W,,,NY,HONEST MISCHIEF,HONEST MISCHIEF,PEERESS,PEERESS,AMERICAIN,AMERICAIN,,,,,,GARY & LAUREL LEAST,,FOGGY BOTTOM FARM AGENT,,,,WHISPERING ANGEL,,,,1000,,,,,T,2023
2023,Y,23FTSARMIX,2023-10-17,1,1,241,241,,,,,2023-03-07,0,CH,F,,W,,,NY,COMBATANT,COMBATANT,PERFECT FIT,PERFECT FIT,MAJESTICPERFECTION,MAJESTICPERFECTION,,,,,,VINERY SALES,,VINERY SALES AGENT FOR ROCKRIDGE STUD,,,,OUT,,,,0,,,,,T,2023
2023,Y,23FTSARMIX,2023-10-17,1,1,242,242,,,,,2023-04-05,0,B,F,,W,,,NY,FOG OF WAR,FOG OF WAR,PERFECT REINS,PERFECT REINS,MEDAGLIA D'ORO,MEDAGLIA D'ORO,,,,,,HIDDEN LAKE FARM LLC,,HIDDEN LAKE FARM LLC AGENT,,,,OUT,,,,0,,,,,T,2023
2023,Y,23FTSARMIX,2023-10-17,1,1,243,243,,,,,2023-04-27,0,B,C,,W,,,NY,FREE DROP BILLY,FREE DROP BILLY,PHOENIX PARK,PHOENIX PARK,LOOKIN AT LUCKY,LOOKIN AT LUCKY,,,,,,TURNING POINT BLOODSTOCK,,TURNING POINT BLOODSTOCK AGENT,,,,OUT,,,,0,,,,,T,2023
2023,Y,23FTSARMIX,2023-10-17,1,1,244,244,,,,,2023-02-26,0,B,C,,W,,,NY,BEAU LIAM,BEAU LIAM,PICCOLO FLATS,PICCOLO FLATS,A. P. WARRIOR,A. P. WARRIOR,,,,,,VINERY SALES,,VINERY SALES AGENT XXII,,,,TA BLOODSTOCK,,,,40000,,https://vimeo.com/874455032?share=copy,,,T,2023
2023,Y,23FTSARMIX,2023-10-17,1,1,245,245,PILLOW FIGHT,PILLOW FIGHT,,,2023-02-14,0,DKB,C,,W,,,NY,SLUMBER (GB),SLUMBER (GB),WORTH FIGHTING FOR,WORTH FIGHTING FOR,BROKEN VOW,BROKEN VOW,,,,,,VINERY SALES,,VINERY SALES AGENT FOR ROCKRIDGE STUD,,,,MADAKET STABLES LLC,,,,30000,,https://vimeo.com/874454990?share=copy,,,T,2023
2023,Y,23FTSARMIX,2023-10-17,1,1,246,246,PINK PEPPERMINT,PINK PEPPERMINT,,,2017-01-22,6,GRR,M,,B,,,KY,CREATIVE CAUSE,CREATIVE CAUSE,BREAKFAST TIME,BREAKFAST TIME,KITTEN'S JOY,KITTEN'S JOY,,,,,,VINERY SALES,,VINERY SALES AGENT FOR HEAD OF PLAINS LLC,,,,BRONCO BLOODSTOCK,,,,60000,,,,,T,2017
2023,Y,23FTSARMIX,2023-10-17,1,1,247,247,,,,,2023-02-09,0,B,C,,W,,,NY,MODERNIST,MODERNIST,PIONEEROF NEW YORK,PIONEEROF NEW YORK,PIONEEROF THE NILE,PIONEEROF THE NILE,,,,,,VINERY SALES,,VINERY SALES AGENT XXXI,,,,RAMIRO SALAZAR AGENT,,,,5000,,,,,T,2023
2023,Y,23FTSARMIX,2023-10-17,1,1,248,248,,,,,2023-02-26,0,DKB,F,,W,,,NY,INDEPENDENCE HALL,INDEPENDENCE HALL,PLEASANT HARBOR,PLEASANT HARBOR,ROCKPORT HARBOR,ROCKPORT HARBOR,,,,,,RHAPSODY FARM LLC,,RHAPSODY FARM LLC AGENT,,,,BRONCO BLOODSTOCK,,,,75000,,,,,T,2023
2023,Y,23FTSARMIX,2023-10-17,1,1,249,249,,,,,2023-03-31,0,CH,C,,W,,,NY,FREUD,FREUD,PLENTY OF CHROME,PLENTY OF CHROME,BIG DRAMA,BIG DRAMA,,,,,,VINERY SALES,,VINERY SALES AGENT XXIX,,,,HEATHER LARSON,,,,3000,,,,,T,2023
2023,Y,23FTSARMIX,2023-10-17,1,1,250,250,,,,,2023-04-19,0,B,F,,W,,,NY,GALILEAN,GALILEAN,PLINKING,PLINKING,TALKIN MAN,TALKIN MAN,,,,,,HIDDEN LAKE FARM LLC,,HIDDEN LAKE FARM LLC AGENT,,,,NOT SOLD,,,,19000,,,,,T,2023
2023,Y,23FTSARMIX,2023-10-17,1,1,251,251,,,,,2023-02-11,0,B,C,,W,,,NY,GOOD MAGIC,GOOD MAGIC,POPSTAR,POPSTAR,MEDAGLIA D'ORO,MEDAGLIA D'ORO,,,,,,VINERY SALES,,VINERY SALES AGENT IV,,,,C F FARM,,,,230000,,https://vimeo.com/874153535?share=copy,,,T,2023
2023,Y,23FTSARMIX,2023-10-17,1,1,252,252,,,,,2023-03-17,0,B,C,,W,,,NY,MODERNIST,MODERNIST,PRAIRIE TRIP,PRAIRIE TRIP,TRIPPI,TRIPPI,,,,,,VINERY SALES,,VINERY SALES AGENT FOR MAJESTIC VIEW FARMS INT'L,,,,NOT SOLD,,,,24000,,,,,T,2023
2023,Y,23FTSARMIX,2023-10-17,1,1,253,253,PRETTY SHEA D,PRETTY SHEA D,,,2015-03-20,8,B,M,,B,,,KY,PAYNTER,PAYNTER,ECHO HARBOR,ECHO HARBOR,BOSTON HARBOR,BOSTON HARBOR,,,,,,HIDDEN LAKE FARM LLC,,HIDDEN LAKE FARM LLC AGENT,,,,OUT,,,,0,,,,,T,2015
2023,Y,23FTSARMIX,2023-10-17,1,1,254,254,PRISCA,PRISCA,,,2020-03-18,3,DKB,M,,B,,,KY,CLASSIC EMPIRE,CLASSIC EMPIRE,BOLD ASSURANCE,BOLD ASSURANCE,STORMY ATLANTIC,STORMY ATLANTIC,,,,,,VINERY SALES,,VINERY SALES AGENT FOR HEAD OF PLAINS LLC,,,,NOT SOLD,,,,7000,,,,,T,2020
2023,Y,23FTSARMIX,2023-10-17,1,1,255,255,PUFF PIECE,PUFF PIECE,,,2013-02-24,10,DKB,M,,B,,,NY,FLATTER,FLATTER,VIVI'S BOOK,VIVI'S BOOK,LYCIUS,LYCIUS,,,,,,MCMAHON OF SARATOGA THB LLC,,MCMAHON OF SARATOGA THOROUGHBREDS LLC AGENT FOR VIVIEN G. MALLOY,,,,NOT SOLD,,,,1000,,,,,T,2013
2023,Y,23FTSARMIX,2023-10-17,1,1,256,256,,,,,2023-02-06,0,B,F,,W,,,NY,KING FOR A DAY,KING FOR A DAY,QUALIFYING,QUALIFYING,QUALITY ROAD,QUALITY ROAD,,,,,,VINERY SALES,,VINERY SALES AGENT XXXIV,,,,M G RACING,,,,2000,,,,,T,2023
2023,Y,23FTSARMIX,2023-10-17,1,1,257,257,,,,,2023-02-11,0,B,F,,W,,,NY,KNOWN AGENDA,KNOWN AGENDA,QUEEN BESS,QUEEN BESS,TIZNOW,TIZNOW,,,,,,TURNING POINT BLOODSTOCK,,TURNING POINT BLOODSTOCK AGENT,,,,NOT SOLD,,,,17000,,https://vimeo.com/873140999?share=copy,,,T,2023
2023,Y,23FTSARMIX,2023-10-17,1,1,258,258,QUEEN OF LIES,QUEEN OF LIES,,,2018-04-16,5,CH,M,,B,,,NY,BURATINO (IRE),BURATINO (IRE),QUEEN OF MAY,QUEEN OF MAY,BERNARDINI,BERNARDINI,,,,,,INDIAN CREEK FARM,,INDIAN CREEK AGENT,,,,OUT,,,,0,,,,,T,2018
2023,Y,23FTSARMIX,2023-10-17,1,1,259,259,,,,,2023-02-26,0,CH,C,,W,,,NY,SOLOMINI,SOLOMINI,RADIANT BEAUTY,RADIANT BEAUTY,ORB,ORB,,,,,,RHAPSODY FARM LLC,,RHAPSODY FARM LLC AGENT,,,,NOT SOLD,,,,6000,,,,,T,2023
2023,Y,23FTSARMIX,2023-10-17,1,1,260,260,,,,,2023-02-28,0,B,F,,W,,,NY,VEKOMA,VEKOMA,RAVING,RAVING,CALIFORNIA CHROME,CALIFORNIA CHROME,,,,,,LILI KOBIELSKI,,THE NEW HILL FARM,,,,NOT SOLD,,,,37000,,https://vimeo.com/873876824?share=copy,,,T,2023
2023,Y,23FTSARMIX,2023-10-17,1,1,261,261,RECEIVE A GIFT,RECEIVE A GIFT,,,2020-04-11,3,CH,M,,B,,,KY,FROSTED,FROSTED,MYRIAD,MYRIAD,GHOSTZAPPER,GHOSTZAPPER,,,,,,SARATOGA GLEN FARM LLC,,SARATOGA GLEN FARM AGENT,,,,NOT SOLD,,,,9000,,https://www.youtube.com/watch?v=8QusuF29xb8&feature=youtu.be,,,T,2020
2023,Y,23FTSARMIX,2023-10-17,1,1,262,262,,,,,2023-04-29,0,CH,F,,W,,,NY,ENGAGE,ENGAGE,RED'S ROUND TABLE,RED'S ROUND TABLE,CUVEE,CUVEE,,,,,,HIDDEN LAKE FARM LLC,,HIDDEN LAKE FARM LLC AGENT,,,,NOT SOLD,,,,19000,,,,,T,2023
2023,Y,23FTSARMIX,2023-10-17,1,1,263,263,,,,,2023-03-12,0,DKB,F,,W,,,NY,CENTRAL BANKER,CENTRAL BANKER,REIKA,REIKA,STREET SENSE,STREET SENSE,,,,,,MCMAHON OF SARATOGA THB LLC,,MCMAHON OF SARATOGA THOROUGHBREDS LLC AGENT,,,,BERGEN STABLES,,,,7000,,,,,T,2023
2023,Y,23FTSARMIX,2023-10-17,1,1,264,264,,,,,2023-05-03,0,B,C,,W,,,NY,GALILEAN,GALILEAN,R FROSTY ONE,R FROSTY ONE,SOUTHERN SUCCESS,SOUTHERN SUCCESS,,,,,,HIDDEN LAKE FARM LLC,,HIDDEN LAKE FARM LLC AGENT,,,,NOT SOLD,,,,1000,,,,,T,2023
2023,Y,23FTSARMIX,2023-10-17,1,1,265,265,ROCKIN HEATHER,ROCKIN HEATHER,,,2008-03-19,15,DKB,M,,B,,,KY,IN EXCESS (IRE),IN EXCESS (IRE),HEATHERDOESNTBLUFF,HEATHERDOESNTBLUFF,OLD TRIESTE,OLD TRIESTE,,,,,,VINERY SALES,,VINERY SALES AGENT XLVIII,,,,OUT,,,,0,,,,,T,2008
2023,Y,23FTSARMIX,2023-10-17,1,1,266,266,,,,,2023-02-13,0,B,F,,W,,,NY,INDEPENDENCE HALL,INDEPENDENCE HALL,ROCK 'N WOLIN,ROCK 'N WOLIN,NOT FOR LOVE,NOT FOR LOVE,,,,,,LILI KOBIELSKI,,THE NEW HILL FARM,,,,REEVES THOROUGHBRED RACING,,,,40000,,https://vimeo.com/874093623?share=copy,,,T,2023
2023,Y,23FTSARMIX,2023-10-17,1,1,267,267,ROCK THIS TOWNE,ROCK THIS TOWNE,,,2020-03-12,3,DKB,M,,B,,,KY,MO TOWN,MO TOWN,SHOPPED OUT,SHOPPED OUT,MINESHAFT,MINESHAFT,,,,,,INDIAN CREEK FARM,,INDIAN CREEK AGENT,,,,LEMB STABLES,,,,55000,,,,,T,2020
2023,Y,23FTSARMIX,2023-10-17,1,1,268,268,ROSE' TO BLAME,ROSE' TO BLAME,,,2017-02-10,6,B,M,,B,,,KY,BLAME,BLAME,SATIRICAL,SATIRICAL,DISTORTED HUMOR,DISTORTED HUMOR,,,,,,LEGACY BLOODSTOCK,,LEGACY BLOODSTOCK AGENT II,,,,LAMBHOLM AGT,,,,75000,,https://vimeo.com/874436241?share=copy,,Y,T,2017
2023,Y,23FTSARMIX,2023-10-17,1,1,269,269,,,,,2023-03-21,0,GRR,C,,W,,,NY,LIAM'S MAP,LIAM'S MAP,ROSE' TO BLAME,ROSE' TO BLAME,BLAME,BLAME,,,,,,LEGACY BLOODSTOCK,,LEGACY BLOODSTOCK AGENT II,,,,CHERRY KNOLL,,,,110000,,https://vimeo.com/872535705?share=copy,,,T,2023
2023,Y,23FTSARMIX,2023-10-17,1,1,270,270,,,,,2023-03-01,0,DKB,F,,W,,,NY,TIZ THE LAW,TIZ THE LAW,RUNFASTANDLOUD,RUNFASTANDLOUD,NATIVE RULER,NATIVE RULER,,,,,,LILI KOBIELSKI,,THE NEW HILL FARM,,,,CYPRESSHEAD RACING,,,,52000,,https://vimeo.com/873863874?share=copy,,,T,2023
2023,Y,23FTSARMIX,2023-10-17,1,1,271,271,,,,,2023-04-01,0,GRR,F,,W,,,NY,CENTRAL BANKER,CENTRAL BANKER,SAILONSILVERGIRL,SAILONSILVERGIRL,MIZZEN MAST,MIZZEN MAST,,,,,,RHAPSODY FARM LLC,,RHAPSODY FARM LLC AGENT,,,,MICHELLE REDDING,,,,7000,,,,,T,2023
2023,Y,23FTSARMIX,2023-10-17,1,1,272,272,,,,,2023-03-08,0,B,C,,W,,,NY,TAKE CHARGE INDY,TAKE CHARGE INDY,SAILOR'S TREASURE,SAILOR'S TREASURE,GOLDENCENTS,GOLDENCENTS,,,,,,VINERY SALES,,VINERY SALES AGENT LVII,,,,NOT SOLD,,,,1000,,https://vimeo.com/872928674?share=copy,,,T,2023
2023,Y,23FTSARMIX,2023-10-17,1,1,273,273,SALLY O'BRIEN,SALLY O'BRIEN,,,2017-04-23,6,CH,M,,B,,,KY,DISTORTED HUMOR,DISTORTED HUMOR,STAR TORINA,STAR TORINA,A.P. INDY,A.P. INDY,,,,,,INDIAN CREEK FARM,,INDIAN CREEK AGENT,,,,FORTUNE FARM LLC,,,,55000,,,,,T,2017
2023,Y,23FTSARMIX,2023-10-17,1,1,274,274,,,,,2023-02-17,0,B,F,,W,,,NY,CODE OF HONOR,CODE OF HONOR,SAMANDAH,SAMANDAH,PIONEEROF THE NILE,PIONEEROF THE NILE,,,,,,TURNING POINT BLOODSTOCK,,TURNING POINT BLOODSTOCK AGENT,,,,OUT,,,,0,,,,,T,2023
2023,Y,23FTSARMIX,2023-10-17,1,1,275,275,,,,,2023-03-03,0,B,C,,W,,,NY,HONEST MISCHIEF,HONEST MISCHIEF,SARAH'S KITTEN,SARAH'S KITTEN,KITTEN'S JOY,KITTEN'S JOY,,,,,,LILI KOBIELSKI,,THE NEW HILL FARM AGENT,,,,SETH GREGORY AGENT,,,,10000,,https://vimeo.com/873863819?share=copy,,,T,2023
2023,Y,23FTSARMIX,2023-10-17,1,1,276,276,SEEYOUINTHETOWN,SEEYOUINTHETOWN,,,2008-02-08,15,B,M,,B,,,KY,SPEIGHTSTOWN,SPEIGHTSTOWN,INVITING,INVITING,EXPLOIT,EXPLOIT,,,,,,VINERY SALES,,VINERY SALES AGENT XLVIII,,,,OUT,,,,0,,,,,T,2008
2023,Y,23FTSARMIX,2023-10-17,1,1,277,277,,,,,2023-03-14,0,DKB,F,,W,,,NY,UNIFIED,UNIFIED,SENSE OF PEACE,SENSE OF PEACE,MISSION IMPAZIBLE,MISSION IMPAZIBLE,,,,,,SEQUEL NEW YORK,,SEQUEL NEW YORK AGENT XIII,,,,NOT SOLD,,,,1000,,https://youtu.be/itDRRAVw-UY,,,T,2023
2023,Y,23FTSARMIX,2023-10-17,1,1,278,278,,,,,2023-03-26,0,DKB,F,,W,,,NY,TIZ THE LAW,TIZ THE LAW,SHANTAY YOU STAY,SHANTAY YOU STAY,JAPAN,JAPAN,,,,,,STUART MORRIS,,STUART MORRIS AGENT FOR WALDORF FARM,,,,LAMBHOLM AGENT,,,,52000,,https://www.youtube.com/watch?v=GgHJ1bYw9xk,,,T,2023
2023,Y,23FTSARMIX,2023-10-17,1,1,279,279,,,,,2023-02-02,0,DKB,F,,W,,,NY,UNIFIED,UNIFIED,SHE THROWS HEAT,SHE THROWS HEAT,HONOR CODE,HONOR CODE,,,,,,VINERY SALES,,VINERY SALES AGENT XXXVIII,,,,OUT,,,,0,,,,,T,2023
2023,Y,23FTSARMIX,2023-10-17,1,1,280,280,,,,,2023-04-29,0,B,F,,W,,,NY,ECHO TOWN,ECHO TOWN,SILVER SANDS,SILVER SANDS,EL PRADO (IRE),EL PRADO (IRE),,,,,,HIDDEN LAKE FARM LLC,,HIDDEN LAKE FARM LLC AGENT,,,,OUT,,,,0,,,,,T,2023
2023,Y,23FTSARMIX,2023-10-17,1,1,281,281,,,,,2023-02-03,0,CH,F,,W,,,NY,SOLOMINI,SOLOMINI,SKY GAL,SKY GAL,SKY MESA,SKY MESA,,,,,,MCMAHON OF SARATOGA THB LLC,,MCMAHON OF SARATOGA THOROUGHBREDS LLC AGENT,,,,NOT SOLD,,,,1000,,https://vimeo.com/874656941?share=copy,,,T,2023
2023,Y,23FTSARMIX,2023-10-17,1,1,282,282,SLIGHTLY TIPSY,SLIGHTLY TIPSY,,,2015-04-23,8,DKB,M,,B,,,NORTH CAROLINA,UNCLE MO,UNCLE MO,SONOROUS,SONOROUS,UNBRIDLED'S SONG,UNBRIDLED'S SONG,,,,,,LILI KOBIELSKI,,THE NEW HILL FARM AGENT,,,,LUIS SEGLIN AGENT,,,,3000,,https://vimeo.com/873909154?share=copy,,,T,2015
2023,Y,23FTSARMIX,2023-10-17,1,1,283,283,SOUL OPPOSITION,SOUL OPPOSITION,,,2010-03-01,13,CH,M,,B,,,NY,THUNDER GULCH,THUNDER GULCH,SOUL POSSESSION,SOUL POSSESSION,BELONG TO ME,BELONG TO ME,,,,,,VINERY SALES,,VINERY SALES AGENT I,,,,NOT SOLD,,,,1000,,,,,T,2010
2023,Y,23FTSARMIX,2023-10-17,1,1,284,284,,,,,2023-02-02,0,B,C,,W,,,NY,MIDNIGHT LUTE,MIDNIGHT LUTE,SOUTHERN CHARMER,SOUTHERN CHARMER,DIXIE UNION,DIXIE UNION,,,,,,VINERY SALES,,VINERY SALES AGENT LIX,,,,NOT SOLD,,,,27000,,https://vimeo.com/874454966?share=copy,,,T,2023
2023,Y,23FTSARMIX,2023-10-17,1,1,285,285,SPARKLING CITY,SPARKLING CITY,,,2007-03-12,16,B,M,,B,,,KY,CAPE TOWN,CAPE TOWN,NAVAJO PASS,NAVAJO PASS,SECRETARIAT,SECRETARIAT,,,,,,SEQUEL NEW YORK,,SEQUEL NEW YORK AGENT III,,,,OUT,,,,0,,,,,T,2007
2023,Y,23FTSARMIX,2023-10-17,1,1,286,286,,,,,2023-03-09,0,B,F,,W,,,NY,BOLT D'ORO,BOLT D'ORO,SPARKLING CITY,SPARKLING CITY,CAPE TOWN,CAPE TOWN,,,,,,SEQUEL NEW YORK,,SEQUEL NEW YORK AGENT III,,,,BRONCO BLOODSTOCK,,,,55000,,https://vimeo.com/874417005?share=copy,,,T,2023
2023,Y,23FTSARMIX,2023-10-17,1,1,287,287,SPECIAL CHARM (IRE),SPECIAL CHARM (IRE),,,2009-03-13,14,DKB,M,,B,,,IRE,DANSILI (GB),DANSILI (GB),OLYMPIC CHARMER,OLYMPIC CHARMER,OLYMPIO,OLYMPIO,,,,,,STUART MORRIS,,STUART MORRIS AGENT V,,,,NOT SOLD,,,,1000,,,,,T,2009
2023,Y,23FTSARMIX,2023-10-17,1,1,288,288,,,,,2023-03-17,0,CH,C,,W,,,NY,CENTRAL BANKER,CENTRAL BANKER,SPIRITUALITY,SPIRITUALITY,GEMOLOGIST,GEMOLOGIST,,,,,,MCMAHON OF SARATOGA THB LLC,,MCMAHON OF SARATOGA THOROUGHBREDS LLC AGENT,,,,NOT SOLD,,,,4000,,,,,T,2023
2023,Y,23FTSARMIX,2023-10-17,1,1,289,289,STACIAS RUBY,STACIAS RUBY,,,2019-03-28,4,B,M,,B,,,KY,HONOR CODE,HONOR CODE,CLASSIEST GEM,CLASSIEST GEM,DEHERE,DEHERE,,,,,,LILI KOBIELSKI,,THE NEW HILL FARM,,,,FMQ STABLES,,,,25000,,https://vimeo.com/873909113?share=copy,,,T,2019
2023,Y,23FTSARMIX,2023-10-17,1,1,290,290,,,,,2023-03-09,0,GRR,C,,W,,,NY,ROCK YOUR WORLD,ROCK YOUR WORLD,STERLING BEAUTY,STERLING BEAUTY,CENTRAL BANKER,CENTRAL BANKER,,,,,,LILI KOBIELSKI,,THE NEW HILL FARM,,,,NOT SOLD,,,,29000,,https://vimeo.com/873863770?share=copy,,,T,2023
2023,Y,23FTSARMIX,2023-10-17,1,1,291,291,,,,,2023-05-24,0,CH,C,,W,,,NY,HARD SPUN,HARD SPUN,ST. MALO'S GATE,ST. MALO'S GATE,DYNAFORMER,DYNAFORMER,,,,,,MCMAHON OF SARATOGA THB LLC,,MCMAHON OF SARATOGA THOROUGHBREDS LLC AGENT,,,,NOT SOLD,,,,65000,,https://vimeo.com/874656402?share=copy,,,T,2023
2023,Y,23FTSARMIX,2023-10-17,1,1,292,292,STORMY SALUTE,STORMY SALUTE,,,2012-04-05,11,B,M,,B,,,KY,STORMY ATLANTIC,STORMY ATLANTIC,HONOUR COLONY,HONOUR COLONY,HONOUR AND GLORY,HONOUR AND GLORY,,,,,,INDIAN CREEK FARM,,INDIAN CREEK AGENT,,,,RACHID BROTHERS,,,,2000,,,,,T,2012
2023,Y,23FTSARMIX,2023-10-17,1,1,293,293,,,,,2023-05-02,0,B,F,,W,,,NY,CATHOLIC BOY,CATHOLIC BOY,STORMY SALUTE,STORMY SALUTE,STORMY ATLANTIC,STORMY ATLANTIC,,,,,,INDIAN CREEK FARM,,INDIAN CREEK AGENT,,,,ROYAL BREEZE THOROUGHBREDS,,,,1000,,,,,T,2023
2023,Y,23FTSARMIX,2023-10-17,1,1,294,294,,,,,2023-05-11,0,B,C,,W,,,NY,BUSTIN STONES,BUSTIN STONES,SUCCESSFUL SONG,SUCCESSFUL SONG,SUCCESSFUL APPEAL,SUCCESSFUL APPEAL,,,,,,VINERY SALES,,VINERY SALES AGENT XXVI,,,,WALDORF FARM,,,,8500,,https://vimeo.com/872926096?share=copy,,,T,2023
2023,Y,23FTSARMIX,2023-10-17,1,1,295,295,,,,,2023-02-21,0,B,F,,W,,,NY,MOR SPIRIT,MOR SPIRIT,SUMMER BLOSSOM,SUMMER BLOSSOM,AMERICAIN,AMERICAIN,,,,,,VINERY SALES,,VINERY SALES AGENT XXXIII,,,,NOT SOLD,,,,1000,,https://vimeo.com/874136293?share=copy,,,T,2023
2023,Y,23FTSARMIX,2023-10-17,1,1,296,296,SUPER STONE,SUPER STONE,,,2015-02-21,8,CH,M,,B,,,NY,BUSTIN STONES,BUSTIN STONES,STORMY BEAR,STORMY BEAR,STORM CAT,STORM CAT,,,,,,STUART MORRIS,,STUART MORRIS AGENT FOR WALDORF FARM,,,,OUT,,,,0,,https://www.youtube.com/watch?v=BeFA1mAjUhI&list=PLQwjqm7md6-yImLFwX6oVAgjLCkHikRU4&index=12,,,T,2015
2023,Y,23FTSARMIX,2023-10-17,1,1,297,297,,,,,2023-01-17,0,CH,C,,W,,,NY,TACITUS,TACITUS,SUPER STONE,SUPER STONE,BUSTIN STONES,BUSTIN STONES,,,,,,STUART MORRIS,,STUART MORRIS AGENT FOR WALDORF FARM,,,,OUT,,,,0,,https://www.youtube.com/watch?v=FDqKwKFLOS0&list=PLQwjqm7md6-yImLFwX6oVAgjLCkHikRU4&index=13,,,T,2023
2023,Y,23FTSARMIX,2023-10-17,1,1,298,298,,,,,2023-04-17,0,B,F,,W,,,NY,GOOD SAMARITAN,GOOD SAMARITAN,SU SAY SOCKS,SU SAY SOCKS,DIVINE PARK,DIVINE PARK,,,,,,TURNING POINT BLOODSTOCK,,TURNING POINT BLOODSTOCK AGENT,,,,NOT SOLD,,,,1000,,https://vimeo.com/874614072?share=copy,,,T,2023
2023,Y,23FTSARMIX,2023-10-17,1,1,299,299,,,,,2023-02-11,0,B,F,,W,,,NY,KNOWN AGENDA,KNOWN AGENDA,SWEETIE DARLING,SWEETIE DARLING,BERNARDINI,BERNARDINI,,,,,,TURNING POINT BLOODSTOCK,,TURNING POINT BLOODSTOCK AGENT,,,,RUDY RODRIGUEZ,,,,16000,,https://vimeo.com/873136516?share=copy,,,T,2023
2023,Y,23FTSARMIX,2023-10-17,1,1,300,300,SWEET JUBILEE,SWEET JUBILEE,,,2020-02-25,3,B,M,,B,,,KY,UNCLE MO,UNCLE MO,WINE PRINCESS,WINE PRINCESS,GHOSTZAPPER,GHOSTZAPPER,,,,,,SEQUEL NEW YORK,,SEQUEL NEW YORK AGENT FOR JUDDMONTE,,,,SHEPHERD EQUINE ADVISORS AGT FOR LARRY HIRSCH,,,,140000,,https://youtu.be/71ekU7u7I8o,,,T,2020
2023,Y,23FTSARMIX,2023-10-17,1,1,301,301,,,,,2023-04-04,0,B,C,,W,,,NY,GALILEAN,GALILEAN,SWEET PEACHES,SWEET PEACHES,D' FUNNYBONE,D' FUNNYBONE,,,,,,HIDDEN LAKE FARM LLC,,HIDDEN LAKE FARM LLC AGENT,,,,RICE HORSE,,,,1000,,,,,T,2023
2023,Y,23FTSARMIX,2023-10-17,1,1,302,302,SWEET SELENA,SWEET SELENA,,,2023-02-25,0,GR,F,,W,,,ON,KNICKS GO,KNICKS GO,RUBY FROST,RUBY FROST,THE FACTOR,THE FACTOR,,,,,,SEQUEL NEW YORK,,SEQUEL NEW YORK AGENT V,,,,MACHMER HALL,,,,50000,,https://youtu.be/BXC9mV3L7Z4,,,T,2023
2023,Y,23FTSARMIX,2023-10-17,1,1,303,303,TACITOR,TACITOR,,,2023-03-23,0,GRR,C,,W,,,NY,TACITUS,TACITUS,SLIGHTLY TIPSY,SLIGHTLY TIPSY,UNCLE MO,UNCLE MO,,,,,,LILI KOBIELSKI,,THE NEW HILL FARM AGENT,,,,VALIUM STABLE,,,,17000,,https://vimeo.com/873863717?share=copy,,,T,2023
2023,Y,23FTSARMIX,2023-10-17,1,1,304,304,,,,,2023-03-17,0,DKB,F,,W,,,NY,LEXITONIAN,LEXITONIAN,TALK YOU OUT OF IT,TALK YOU OUT OF IT,OVERANALYZE,OVERANALYZE,,,,,,SARATOGA GLEN FARM LLC,,SARATOGA GLEN FARM AGENT,,,,ARROWHEAD FARM,,,,60000,,,,,T,2023
2023,Y,23FTSARMIX,2023-10-17,1,1,305,305,TAP TOE,TAP TOE,,,2023-03-27,0,GRR,F,,W,,,NY,LOOKIN AT LEE,LOOKIN AT LEE,TAPCEPTIONAL,TAPCEPTIONAL,CONCORD POINT,CONCORD POINT,,,,,,HARRY L LANDRY BLOODSTOCK LLC,,HARRY L. LANDRY BLOODSTOCK LLC AGENT,,,,NOT SOLD,,,,9000,,,,,T,2023
2023,Y,23FTSARMIX,2023-10-17,1,1,306,306,,,,,2023-05-12,0,CH,F,,W,,,NY,HONEST MISCHIEF,HONEST MISCHIEF,THATZA WRAP,THATZA WRAP,HARD SPUN,HARD SPUN,,,,,,TURNING POINT BLOODSTOCK,,TURNING POINT BLOODSTOCK AGENT,,,,AP STABLE,,,,2000,,https://vimeo.com/874553491?share=copy,,,T,2023
2023,Y,23FTSARMIX,2023-10-17,1,1,307,307,,,,,2023-02-07,0,B,F,,W,,,NY,RUNHAPPY,RUNHAPPY,THE GREAT JOHANNA,THE GREAT JOHANNA,TEUFLESBERG,TEUFLESBERG,,,,,,MCMAHON OF SARATOGA THB LLC,,MCMAHON OF SARATOGA THOROUGHBREDS LLC AGENT,,,,OUT,,,,0,,,,,T,2023
2023,Y,23FTSARMIX,2023-10-17,1,1,308,308,THINKING OF MOM,THINKING OF MOM,,,2011-03-15,12,B,M,,B,,,KY,ARTIE SCHILLER,ARTIE SCHILLER,MARQ OF BEAUTY,MARQ OF BEAUTY,MARQUETRY,MARQUETRY,,,,,,VINERY SALES,,VINERY SALES AGENT LVIII,,,,OUT,,,,0,,,,,T,2011
2023,Y,23FTSARMIX,2023-10-17,1,1,309,309,TIME COUNTS,TIME COUNTS,,,2008-03-07,15,B,M,,B,,,FL,CLOSING ARGUMENT,CLOSING ARGUMENT,FIESTY COUNTESS,FIESTY COUNTESS,COUNT THE TIME,COUNT THE TIME,,,,,,MCMAHON OF SARATOGA THB LLC,,MCMAHON OF SARATOGA THOROUGHBREDS LLC AGENT,,,,JOHN MUTH AGENT FOR KENNETH HACKEL,,,,2000,,,,,T,2008
2023,Y,23FTSARMIX,2023-10-17,1,1,310,310,TIME WARP,TIME WARP,,,2016-03-26,7,GRR,M,,B,,,NY,CAIRO PRINCE,CAIRO PRINCE,TWO HEARTS,TWO HEARTS,DEPUTY MINISTER,DEPUTY MINISTER,,,,,,SARATOGA GLEN FARM LLC,,SARATOGA GLEN FARM AGENT,,,,PETER T PUTRIMENT,,,,2500,,https://www.youtube.com/watch?v=cAudQC83beI&feature=youtu.be,,,T,2016
2023,Y,23FTSARMIX,2023-10-17,1,1,311,311,,,,,2023-04-29,0,B,C,,W,,,NY,STREET BOSS,STREET BOSS,TIME WARP,TIME WARP,CAIRO PRINCE,CAIRO PRINCE,,,,,,SEQUEL NEW YORK,,SEQUEL NEW YORK AGENT VI,,,,NOT SOLD,,,,1000,,https://youtu.be/Fb0v4fTzYVY,,,T,2023
2023,Y,23FTSARMIX,2023-10-17,1,1,312,312,,,,,2023-05-05,0,B,F,,W,,,NY,ARMY MULE,ARMY MULE,TIPSY AT MIDNIGHT,TIPSY AT MIDNIGHT,MIDNIGHT LUTE,MIDNIGHT LUTE,,,,,,TURNING POINT BLOODSTOCK,,TURNING POINT BLOODSTOCK AGENT,,,,MOUSE STABLES,,,,57000,,https://vimeo.com/874616089?share=copy,,,T,2023
2023,Y,23FTSARMIX,2023-10-17,1,1,313,313,,,,,2023-03-22,0,B,F,,W,,,NY,CENTRAL BANKER,CENTRAL BANKER,TIZJET,TIZJET,TIZNOW,TIZNOW,,,,,,MCMAHON OF SARATOGA THB LLC,,MCMAHON OF SARATOGA THOROUGHBREDS LLC AGENT,,,,NOT SOLD,,,,9000,,,,,T,2023
2023,Y,23FTSARMIX,2023-10-17,1,1,314,314,,,,,2023-05-16,0,B,C,,W,,,NY,SOLOMINI,SOLOMINI,TONI TOOLS,TONI TOOLS,ROARING FEVER,ROARING FEVER,,,,,,MCMAHON OF SARATOGA THB LLC,,MCMAHON OF SARATOGA THOROUGHBREDS LLC AGENT,,,,OUT,,,,0,,,,,T,2023
2023,Y,23FTSARMIX,2023-10-17,1,1,315,315,,,,,2023-02-03,0,B,F,,W,,,NY,INSTAGRAND,INSTAGRAND,TOO MUCH KANDY,TOO MUCH KANDY,KANTHAROS,KANTHAROS,,,,,,MCMAHON OF SARATOGA THB LLC,,MCMAHON OF SARATOGA THOROUGHBREDS LLC AGENT,,,,NOT SOLD,,,,9500,,https://vimeo.com/874656354?share=copy,,,T,2023
2023,Y,23FTSARMIX,2023-10-17,1,1,316,316,,,,,2023-05-07,0,B,F,,W,,,NY,THOUSAND WORDS,THOUSAND WORDS,TOUCH ME ONCE,TOUCH ME ONCE,TOUCH GOLD,TOUCH GOLD,,,,,,SARATOGA GLEN FARM LLC,,SARATOGA GLEN FARM AGENT,,,,OUT,,,,0,,,,,T,2023
2023,Y,23FTSARMIX,2023-10-17,1,1,317,317,,,,,2023-02-14,0,B,F,,W,,,NY,HONEST MISCHIEF,HONEST MISCHIEF,TRADEABLE,TRADEABLE,EXCHANGE RATE,EXCHANGE RATE,,,,,,VINERY SALES,,VINERY SALES AGENT XLIV,,,,OUT,,,,0,,,,,T,2023
2023,Y,23FTSARMIX,2023-10-17,1,1,318,318,,,,,2023-04-09,0,B,F,,W,,,NY,VOLATILE,VOLATILE,TRADING KISSES,TRADING KISSES,AROUSE,AROUSE,,,,,,LILI KOBIELSKI,,THE NEW HILL FARM AGENT,,,,GOOD LUCK FARM,,,,25000,,https://vimeo.com/874604305?share=copy,,,T,2023
2023,Y,23FTSARMIX,2023-10-17,1,1,319,319,,,,,2023-02-17,0,DKB,C,,W,,,NY,BASIN,BASIN,TRAFFIC LANE,TRAFFIC LANE,OUTWORK,OUTWORK,,,,,,SARATOGA GLEN FARM LLC,,SARATOGA GLEN FARM AGENT,,,,WGLM,,,,25000,,,,,T,2023
2023,Y,23FTSARMIX,2023-10-17,1,1,320,320,,,,,2023-04-12,0,B,F,,W,,,NY,KING FOR A DAY,KING FOR A DAY,TRES CHARMANT,TRES CHARMANT,FREUD,FREUD,,,,,,VINERY SALES,,VINERY SALES AGENT FOR LARRY BOTTING,,,,OUT,,,,0,,,,,T,2023
2023,Y,23FTSARMIX,2023-10-17,1,1,321,321,,,,,2023-03-08,0,DKB,C,,W,,,NY,FROSTED,FROSTED,TWO FOOT UP,TWO FOOT UP,COPELAN TOO,COPELAN TOO,,,,,,STUART MORRIS,,STUART MORRIS AGENT FOR WALDORF FARM,,,,OUT,,,,0,,https://www.youtube.com/watch?v=9tZcvc7F7sQ&list=PLQwjqm7md6-yImLFwX6oVAgjLCkHikRU4&index=14,,,T,2023
2023,Y,23FTSARMIX,2023-10-17,1,1,322,322,TWO SUSANS,TWO SUSANS,,,2010-03-08,13,DKB,M,,B,,,NY,PURGE,PURGE,BEDSIDE MANNER,BEDSIDE MANNER,DR. BLUM,DR. BLUM,,,,,,VINERY SALES,,VINERY SALES AGENT LX,,,,NOT SOLD,,,,1000,,,,,T,2010
2023,Y,23FTSARMIX,2023-10-17,1,1,323,323,,,,,2023-05-14,0,B,C,,W,,,NY,CENTRAL BANKER,CENTRAL BANKER,TWO SUSANS,TWO SUSANS,PURGE,PURGE,,,,,,VINERY SALES,,VINERY SALES AGENT LX,,,,OUT,,,,0,,,,,T,2023
2023,Y,23FTSARMIX,2023-10-17,1,1,324,324,,,,,2023-05-07,0,B,F,,W,,,NY,LEXITONIAN,LEXITONIAN,UBELONGTOMEMISSY,UBELONGTOMEMISSY,BELONG TO ME,BELONG TO ME,,,,,,MICHAEL OLIVETO,,HIBISCUS SALES,,,,CALUMET FARM,,,,55000,,https://vimeo.com/874463842?share=copy,,,T,2023
2023,Y,23FTSARMIX,2023-10-17,1,1,325,325,ULTIMATE SHOPPER,ULTIMATE SHOPPER,,,2010-04-18,13,GRR,M,,B,,,KY,YES IT'S TRUE,YES IT'S TRUE,SHOP GLACK,SHOP GLACK,SMOKE GLACKEN,SMOKE GLACKEN,,,,,,HIDDEN LAKE FARM LLC,,HIDDEN LAKE FARM LLC AGENT,,,,BLUE ROSE FARM,,,,35000,,,,,T,2010
2023,Y,23FTSARMIX,2023-10-17,1,1,326,326,,,,,2023-05-10,0,GRR,C,,W,,,NY,GALILEAN,GALILEAN,ULTIMATE SHOPPER,ULTIMATE SHOPPER,YES IT'S TRUE,YES IT'S TRUE,,,,,,HIDDEN LAKE FARM LLC,,HIDDEN LAKE FARM LLC AGENT,,,,4 X 4 RACING STABLE,,,,11500,,,,,T,2023
2023,Y,23FTSARMIX,2023-10-17,1,1,327,327,UNIQUELY MINE,UNIQUELY MINE,,,2017-02-16,6,B,M,,B,,,KY,MINESHAFT,MINESHAFT,SANDTINA,SANDTINA,SANDPIT (BRZ),SANDPIT (BRZ),,,,,,VINERY SALES,,VINERY SALES AGENT XXIV,,,,NOT SOLD,,,,3000,,,,,T,2017
2023,Y,23FTSARMIX,2023-10-17,1,1,328,328,,,,,2023-02-13,0,CH,C,,W,,,NY,LOOKIN AT LEE,LOOKIN AT LEE,UNTAKEN,UNTAKEN,NOONMARK,NOONMARK,,,,,,TURNING POINT BLOODSTOCK,,TURNING POINT BLOODSTOCK AGENT,,,,CELTIC MAGIC THOROUGHBREDS,,,,2500,,https://vimeo.com/874553533?share=copy,,,T,2023
2023,Y,23FTSARMIX,2023-10-17,1,1,329,329,,,,,2023-02-23,0,DKB,F,,W,,,NY,INDEPENDENCE HALL,INDEPENDENCE HALL,VALENTINE'S PEARL,VALENTINE'S PEARL,SPEIGHTSTOWN,SPEIGHTSTOWN,,,,,,VINERY SALES,,VINERY SALES AGENT FOR WINDHORSE THOROUGHBREDS LLC,,,,NOT SOLD,,,,24000,,https://vimeo.com/872926011?share=copy,,,T,2023
2023,Y,23FTSARMIX,2023-10-17,1,1,330,330,,,,,2023-04-27,0,DKB,F,,W,,,NY,HONEST MISCHIEF,HONEST MISCHIEF,WALTON PLACE,WALTON PLACE,UNBRIDLED'S SONG,UNBRIDLED'S SONG,,,,,,SARATOGA GLEN FARM LLC,,SARATOGA GLEN FARM AGENT,,,,OUT,,,,0,,,,,T,2023
2023,Y,23FTSARMIX,2023-10-17,1,1,331,331,,,,,2023-02-07,0,DKB,F,,W,,,NY,MO TOWN,MO TOWN,WARM SHOWER,WARM SHOWER,DYNAFORMER,DYNAFORMER,,,,,,HIDDEN LAKE FARM LLC,,HIDDEN LAKE FARM LLC AGENT,,,,NOT SOLD,,,,1000,,,,,T,2023
2023,Y,23FTSARMIX,2023-10-17,1,1,332,332,,,,,2023-01-30,0,B,C,,W,,,NY,COAL FRONT,COAL FRONT,WAY BACK HOME,WAY BACK HOME,TAKE CHARGE INDY,TAKE CHARGE INDY,,,,,,VINERY SALES,,VINERY SALES AGENT XLII,,,,OUT,,,,0,,,,,T,2023
2023,Y,23FTSARMIX,2023-10-17,1,1,333,333,,,,,2023-04-29,0,B,F,,W,,,NY,GALILEAN,GALILEAN,WEST COAST GIRL,WEST COAST GIRL,MEDAGLIA D'ORO,MEDAGLIA D'ORO,,,,,,HIDDEN LAKE FARM LLC,,HIDDEN LAKE FARM LLC AGENT,,,,AMBER ACORD,,,,1000,,,,,T,2023
2023,Y,23FTSARMIX,2023-10-17,1,1,334,334,,,,,2023-04-02,0,B,F,,W,,,NY,UPSTART,UPSTART,WHITE SANGRIA,WHITE SANGRIA,GIANT'S CAUSEWAY,GIANT'S CAUSEWAY,,,,,,VINERY SALES,,VINERY SALES AGENT XI,,,,OUT,,,,0,,,,,T,2023
2023,Y,23FTSARMIX,2023-10-17,1,1,335,335,,,,,2023-04-27,0,B,F,,W,,,NY,GALILEAN,GALILEAN,WHITE WEDDING DAY,WHITE WEDDING DAY,CRIMSON GUARD,CRIMSON GUARD,,,,,,VINERY SALES,,VINERY SALES AGENT LVI,,,,OUT,,,,0,,,,,T,2023
2023,Y,23FTSARMIX,2023-10-17,1,1,336,336,,,,,2023-05-10,0,CH,C,,W,,,NY,LEXITONIAN,LEXITONIAN,WILDNEXCITABLE,WILDNEXCITABLE,VICAR,VICAR,,,,,,STUART MORRIS,,STUART MORRIS AGENT IV,,,,EZEQUIEL MEDINA,,,,15000,,https://www.youtube.com/watch?v=ww380UXh1fU&list=PLQwjqm7md6-yImLFwX6oVAgjLCkHikRU4&index=15,,,T,2023
2023,Y,23FTSARMIX,2023-10-17,1,1,337,337,,,,,2023-02-26,0,B,F,,W,,,NY,INSTAGRAND,INSTAGRAND,WITHOUT THOUGHT,WITHOUT THOUGHT,SMART STRIKE,SMART STRIKE,,,,,,VINERY SALES,,VINERY SALES AGENT XI,,,,OUT,,,,0,,,,,T,2023
