SALEYEAR,SALETYPE,SALECODE,SALEDATE,BOOK,DAY,HIP,HIPNUM,HORSE,CHORSE,RATING,TATTOO,DATEFOAL,AGE,COLOR,SEX,GAIT,TYPE,RECORD,ET,ELIG,SIRE,CSIRE,DAM,CDAM,SIREOFDAM,CSIREOFDAM,DAMOFDAM,CDAMOFDAM,DAMTATT,DAMYOF,DDAMTATT,BREDTO,LASTBRED,CONSLNAME,CONSNO,PEMCODE,PURFNAME,PURLNAME,SBCITY,SBSTATE,SBCOUNTRY,PRICE,CURRENCY,URL,NFFM,PRIVATE SALE,BREED,YEARFOAL
2023,Y,23FTSAUG,8/13/2023,1,1,301,301,,,,,3/18/2022,1,B,C,,Y,,,NY,HONEST MISCHIEF,HONEST MISCHIEF,LATE FOR CHURCH,LATE FOR CHURCH,FOREFATHERS,FOREFATHERS,,,,,,,,SEQUEL NY AGENT VIII,,,,III BEAUTYS THOROUGHBREDS LLC,,,,46000,,https://vimeo.com/852173876,,,T,2022
2023,Y,23FTSAUG,8/13/2023,1,1,302,302,,,,,5/13/2022,1,B,C,,Y,,,NY,KING FOR A DAY,KING FOR A DAY,LAVENDER HILL,LAVENDER HILL,LANGFUHR,LANGFUHR,,,,,,,,TAYLOR MADE SALES AGENCY AGENT LXXII,,,,DR. CORNELIUS LINK,,,,17500,,https://vimeo.com/853862168,,Y,T,2022
2023,Y,23FTSAUG,8/13/2023,1,1,303,303,,,,,3/4/2022,1,CH,C,,Y,,,NY,SOLOMINI,SOLOMINI,LAZEKA,LAZEKA,BELONG TO ME,BELONG TO ME,,,,,,,,TAYLOR MADE SALES AGENCY AGENT LXII,,,,OUT,,,,0,,https://youtu.be/dNqybPFRcrA,,,T,2022
2023,Y,23FTSAUG,8/13/2023,1,1,304,304,,,,,2/17/2022,1,B,F,,Y,,,NY,GLOBAL CAMPAIGN,GLOBAL CAMPAIGN,LEFREAKCESTCHIC,LEFREAKCESTCHIC,BELLAMY ROAD,BELLAMY ROAD,,,,,,,,VINERY SALES AGENT IV,,,,OUT,,,,0,,,,,T,2022
2023,Y,23FTSAUG,8/13/2023,1,1,305,305,,,,,2/1/2022,1,DKB,F,,Y,,,NY,VIOLENCE,VIOLENCE,LEGALLY BAY,LEGALLY BAY,READ THE FOOTNOTES,READ THE FOOTNOTES,,,,,,,,TAYLOR MADE SALES AGENCY AGENT XVII,,,,NOT SOLD,,,,32000,,https://youtu.be/upWGVntFQ90,,,T,2022
2023,Y,23FTSAUG,8/13/2023,1,1,306,306,,,,,3/10/2022,1,B,C,,Y,,,NY,VIOLENCE,VIOLENCE,LIAM'S LOOKOUT,LIAM'S LOOKOUT,LIAM'S MAP,LIAM'S MAP,,,,,,,,HILL 'N' DALE AT XALAPA AGENT,,,,BACCARI BLOODSTOCK,,,,380000,,https://vimeo.com/849941252?share=copy,,,T,2022
2023,Y,23FTSAUG,8/13/2023,1,1,307,307,,,,,3/21/2022,1,DKB,C,,Y,,,NY,CENTRAL BANKER,CENTRAL BANKER,LIBERTY FUZE,LIBERTY FUZE,MASS MEDIA,MASS MEDIA,,,,,,,,DENALI STUD AGENT IX,,,,OUT,,,,0,,,,,T,2022
2023,Y,23FTSAUG,8/13/2023,1,1,308,308,,,,,2/4/2022,1,CH,F,,Y,,,NY,GLOBAL CAMPAIGN,GLOBAL CAMPAIGN,LIENAU,LIENAU,GIO PONTI,GIO PONTI,,,,,,,,HUNTER VALLEY FARM AGENT,,,,OUT,,,,0,,,,,T,2022
2023,Y,23FTSAUG,8/13/2023,1,1,309,309,,,,,3/1/2022,1,DKB,F,,Y,,,NY,OMAHA BEACH,OMAHA BEACH,LIFT,LIFT,PULPIT,PULPIT,,,,,,,,SONG HILL THOROUGHBREDS LLC AGENT,,,,OUT,,,,0,,,,,T,2022
2023,Y,23FTSAUG,8/13/2023,1,1,310,310,,,,,2/13/2022,1,CH,C,,Y,,,NY,FROSTED,FROSTED,LITERATA,LITERATA,READ THE FOOTNOTES,READ THE FOOTNOTES,,,,,,,,VINERY SALES AGENT FOR MAJESTIC VIEW FARMS & PARADISE FARMS CORP.,,,,KINGS EQUINE,,,,40000,,,,,T,2022
2023,Y,23FTSAUG,8/13/2023,1,1,311,311,,,,,4/5/2022,1,CH,C,,Y,,,NY,SPEIGHTSTER,SPEIGHTSTER,LITTLE BRAVE,LITTLE BRAVE,INDIAN CHARLIE,INDIAN CHARLIE,,,,,,,,HUNTER VALLEY FARM AGENT,,,,TOM MCCROCKLIN AGENT,,,,40000,,https://vimeo.com/850502690?share=copy,,,T,2022
2023,Y,23FTSAUG,8/13/2023,1,1,312,312,,,,,2/21/2022,1,B,F,,Y,,,NY,VINO ROSSO,VINO ROSSO,LITTLE MISS RAELYN,LITTLE MISS RAELYN,SUPER NINETY NINE,SUPER NINETY NINE,,,,,,,,VINERY SALES AGENT IX,,,,BRONCO BLOODSTOCK,,,,65000,,,,,T,2022
2023,Y,23FTSAUG,8/13/2023,1,1,313,313,,,,,2/16/2022,1,B,F,,Y,,,NY,STREET SENSE,STREET SENSE,LIZA LU,LIZA LU,MENIFEE,MENIFEE,,,,,,,,MCMAHON OF SARATOGA THOROUGHBREDS LLC AGENT,,,,NOT SOLD,,,,110000,,,,,T,2022
2023,Y,23FTSAUG,8/13/2023,1,1,314,314,,,,,2/28/2022,1,B,F,,Y,,,NY,HONEST MISCHIEF,HONEST MISCHIEF,LODE LADY,LODE LADY,POSSE,POSSE,,,,,,,,BALLYSAX BLOODSTOCK AGENT VI,,,,SHEPHERD EQUINE ADVISORS AGT FOR INTERNATIONAL EQUINE,,,,100000,,https://vimeo.com/851379589?share=copy,,,T,2022
2023,Y,23FTSAUG,8/13/2023,1,1,315,315,,,,,2/13/2022,1,B,F,,Y,,,NY,NOT THIS TIME,NOT THIS TIME,LOOKIN SHARP,LOOKIN SHARP,LOOKIN AT LUCKY,LOOKIN AT LUCKY,,,,,,,,WINTER QUARTER FARM AGENT,,,,NOT SOLD,,,,145000,,,,,T,2022
2023,Y,23FTSAUG,8/13/2023,1,1,316,316,,,,,4/6/2022,1,B,F,,Y,,,NY,GAME WINNER,GAME WINNER,MAGNIFICENT MARGO,MAGNIFICENT MARGO,CONGRATS,CONGRATS,,,,,,,,FORT CHRISTOPHER'S THOROUGHBREDS LLC AGENT,,,,OUT,,,,0,,,,,T,2022
2023,Y,23FTSAUG,8/13/2023,1,1,317,317,,,,,3/26/2022,1,B,C,,Y,,,NY,MCKINZIE,MCKINZIE,MAID OF METTLE,MAID OF METTLE,DIALED IN,DIALED IN,,,,,,,,GAINESWAY AGENT IX,,,,NOT SOLD,,,,70000,,https://vimeo.com/852307997/8bf796ae98,,,T,2022
2023,Y,23FTSAUG,8/13/2023,1,1,318,318,,,,,3/30/2022,1,B,C,,Y,,,NY,WAR OF WILL,WAR OF WILL,MAID ON A MISSION,MAID ON A MISSION,STRATEGIC MISSION,STRATEGIC MISSION,,,,,,,,STRAIGHT LINE EQUINE SALES AGENT,,,,TMC,,,,100000,,https://youtu.be/rZB-kHNAVUs,,,T,2022
2023,Y,23FTSAUG,8/13/2023,1,1,319,319,,,,,3/28/2022,1,DKB,C,,Y,,,NY,MCKINZIE,MCKINZIE,MAJESTIQUE,MAJESTIQUE,MAJESTIC WARRIOR,MAJESTIC WARRIOR,,,,,,,,MCMAHON OF SARATOGA THOROUGHBREDS LLC AGENT,,,,NOT SOLD,,,,57000,,,,,T,2022
2023,Y,23FTSAUG,8/13/2023,1,1,320,320,,,,,5/16/2022,1,B,F,,Y,,,NY,GOLDENCENTS,GOLDENCENTS,MAJOR THREAT,MAJOR THREAT,COLONEL JOHN,COLONEL JOHN,,,,,,,,PARAMOUNT SALES AGENT XV,,,,NOT SOLD,,,,17000,,https://vimeo.com/853149252?share=copy,,,T,2022
2023,Y,23FTSAUG,8/13/2023,1,1,321,321,,,,,1/17/2022,1,CH,F,,Y,,,NY,THOUSAND WORDS,THOUSAND WORDS,MAKING A POINT,MAKING A POINT,FREUD,FREUD,,,,,,,,SARATOGA GLEN FARM LLC AGENT,,,,OUT,,,,0,,,,,T,2022
2023,Y,23FTSAUG,8/13/2023,1,1,322,322,,,,,2/17/2022,1,DKB,F,,Y,,,NY,HIGHER POWER,HIGHER POWER,MANNER OF SPEAKING,MANNER OF SPEAKING,LANGFUHR,LANGFUHR,,,,,,,,ANGEL ORDONEZ THOROUGHBREDS AGENT,,,,NOT SOLD,,,,69000,,https://youtu.be/cIMlIi1Q7a0,,,T,2022
2023,Y,23FTSAUG,8/13/2023,1,1,323,323,,,,,5/2/2022,1,B,C,,Y,,,NY,MACLEAN'S MUSIC,MACLEAN'S MUSIC,MARGIE IS LIVID,MARGIE IS LIVID,TEMPLE CITY,TEMPLE CITY,,,,,,,,MARSHALL W. SILVERMAN AGENT,,,,LONG GROVE BLOODSTOCK LLC,,,,5000,,https://vimeo.com/853731060?share=copy,,,T,2022
2023,Y,23FTSAUG,8/13/2023,1,1,324,324,,,,,3/29/2022,1,CH,C,,Y,,,NY,GLOBAL CAMPAIGN,GLOBAL CAMPAIGN,MARISTAR,MARISTAR,GIANT'S CAUSEWAY,GIANT'S CAUSEWAY,,,,,,,,FOUR STAR SALES AGENT,,,,NOT SOLD,,,,42000,,https://vimeo.com/852124166?share=copy,,,T,2022
2023,Y,23FTSAUG,8/13/2023,1,1,325,325,,,,,2/10/2022,1,DKB,F,,Y,,,NY,INSTAGRAND,INSTAGRAND,MARSHTINI,MARSHTINI,BERNARDINI,BERNARDINI,,,,,,,,MCMAHON OF SARATOGA THOROUGHBREDS LLC AGENT,,,,TAPROOT BLOODSTOCK AGENT,,,,100000,,,,,T,2022
2023,Y,23FTSAUG,8/13/2023,1,1,326,326,,,,,5/10/2022,1,B,F,,Y,,,NY,HONOR A. P.,HONOR A. P.,DERWIN'S LADY,DERWIN'S LADY,LANGFUHR,LANGFUHR,,,,,,,,THE NEW HILL FARM,,,,RESPECT THE VALLEYS LLC & LAUREL GLEN FARM,,,,26000,,https://vimeo.com/853149180?share=copy,,,T,2022
2023,Y,23FTSAUG,8/13/2023,1,1,327,327,,,,,5/3/2022,1,DKB,F,,Y,,,NY,DAREDEVIL,DAREDEVIL,MAXIMOVA,MAXIMOVA,DANEHILL DANCER (IRE),DANEHILL DANCER (IRE),,,,,,,,DENALI STUD AGENT FOR GALLAGHER'S STUD,,,,WEST POINT & LYDEN L.E.B.AGT,,,,170000,,https://vimeo.com/853557676?share=copy,,,T,2022
2023,Y,23FTSAUG,8/13/2023,1,1,328,328,,,,,5/5/2022,1,DKB,C,,Y,,,NY,KANTHAROS,KANTHAROS,MEMENTO D'ORO,MEMENTO D'ORO,MEDAGLIA D'ORO,MEDAGLIA D'ORO,,,,,,,,DENALI STUD AGENT XIII,,,,NOT SOLD,,,,55000,,https://vimeo.com/853185250?share=copy,,,T,2022
2023,Y,23FTSAUG,8/13/2023,1,1,329,329,,,,,3/24/2022,1,B,C,,Y,,,NY,CITY OF LIGHT,CITY OF LIGHT,MESANA,MESANA,MIZZEN MAST,MIZZEN MAST,,,,,,,,PREFERRED EQUINE AGENT,,,,NOT SOLD,,,,50000,,https://vimeo.com/853557488?share=copy,,,T,2022
2023,Y,23FTSAUG,8/13/2023,1,1,330,330,,,,,1/13/2022,1,B,C,,Y,,,NY,COMPLEXITY,COMPLEXITY,METEORIC MATRON,METEORIC MATRON,MINESHAFT,MINESHAFT,,,,,,,,FOUR STAR SALES AGENT,,,,KLARAVICH STABLES,,,,150000,,https://vimeo.com/849816810?share=copy,,,T,2022
2023,Y,23FTSAUG,8/13/2023,1,1,331,331,,,,,4/24/2022,1,DKB,C,,Y,,,NY,TOM'S D'ETAT,TOM'S D'ETAT,MGR TREASURE,MGR TREASURE,OVERANALYZE,OVERANALYZE,,,,,,,,TURNING POINT BLOODSTOCK AGENT,,,,J ASENCION MONTEAGUDO AVILA,,,,9000,,https://vimeo.com/852017642?share=copy,,,T,2022
2023,Y,23FTSAUG,8/13/2023,1,1,332,332,,,,,3/1/2022,1,DKB,F,,Y,,,NY,CANDY RIDE (ARG),CANDY RIDE (ARG),MIDNIGHT DISGUISE,MIDNIGHT DISGUISE,MIDNIGHT LUTE,MIDNIGHT LUTE,,,,,,,,DENALI STUD AGENT FOR STEPWISE FARM,,,,OUT,,,,0,,https://vimeo.com/847969629?share=copy,,,T,2022
2023,Y,23FTSAUG,8/13/2023,1,1,333,333,,,,,4/14/2022,1,B,C,,Y,,,NY,MACLEAN'S MUSIC,MACLEAN'S MUSIC,MIDNITESALRIGHT,MIDNITESALRIGHT,MIDNIGHT LUTE,MIDNIGHT LUTE,,,,,,,,HUNTER VALLEY FARM AGENT,,,,CHALK RACING,,,,100000,,https://vimeo.com/850502817?share=copy,,,T,2022
2023,Y,23FTSAUG,8/13/2023,1,1,334,334,,,,,4/20/2022,1,GRR,C,,Y,,,NY,CENTRAL BANKER,CENTRAL BANKER,MIGHT BE,MIGHT BE,POSSE,POSSE,,,,,,,,LEGACY BLOODSTOCK AGENT,,,,OUT,,,,0,,,,,T,2022
2023,Y,23FTSAUG,8/13/2023,1,1,335,335,,,,,4/17/2022,1,GRR,C,,Y,,,NY,MO TOWN,MO TOWN,MIGHTY FINE,MIGHTY FINE,HIGH COTTON,HIGH COTTON,,,,,,,,SEQUEL NY AGENT III,,,,CLOVIS CRANE FOR KEEP THE BALL ROLLIN,,,,40000,,https://vimeo.com/852843941,,,T,2022
2023,Y,23FTSAUG,8/13/2023,1,1,336,336,,,,,3/11/2022,1,DKB,C,,Y,,,NY,KING FOR A DAY,KING FOR A DAY,MINE AS WELL,MINE AS WELL,MINESHAFT,MINESHAFT,,,,,,,,TURNING POINT BLOODSTOCK AGENT,,,,NOT SOLD,,,,24000,,,,,T,2022
2023,Y,23FTSAUG,8/13/2023,1,1,337,337,,,,,2/12/2022,1,DKB,F,,Y,,,NY,OUTWORK,OUTWORK,MISS BODINE,MISS BODINE,VINDICATION,VINDICATION,,,,,,,,MCMAHON OF SARATOGA THOROUGHBREDS LLC AGENT,,,,RONALD STEWART,,,,90000,,,,,T,2022
2023,Y,23FTSAUG,8/13/2023,1,1,338,338,,,,,2/13/2022,1,B,F,,Y,,,NY,HONEST MISCHIEF,HONEST MISCHIEF,MISS BUFF,MISS BUFF,FRIEND OR FOE,FRIEND OR FOE,,,,,,,,SEQUEL NY AGENT FOR CHESTER & MARY BROMAN,,,,PARADISUS ACRES THOROUGHBREDS,,,,30000,,https://vimeo.com/852843714,,,T,2022
2023,Y,23FTSAUG,8/13/2023,1,1,339,339,,,,,4/10/2022,1,B,C,,Y,,,NY,UPSTART,UPSTART,MISS EMELINA,MISS EMELINA,BIG BROWN,BIG BROWN,,,,,,,,VINERY SALES AGENT VII,,,,NOT SOLD,,,,35000,,,,,T,2022
2023,Y,23FTSAUG,8/13/2023,1,1,340,340,,,,,5/12/2022,1,B,C,,Y,,,NY,HONEST MISCHIEF,HONEST MISCHIEF,MISS MALIBU STYLE,MISS MALIBU STYLE,MALIBU MOON,MALIBU MOON,,,,,,,,SEQUEL NY AGENT IX,,,,TOM MCCROCKLIN AGENT,,,,120000,,https://vimeo.com/850117355?share=copy,,,T,2022
2023,Y,23FTSAUG,8/13/2023,1,1,341,341,,,,,2/27/2022,1,DKB,F,,Y,,,NY,TIZ THE LAW,TIZ THE LAW,MISS NANCY,MISS NANCY,ARCH,ARCH,,,,,,,,HUNTER VALLEY FARM AGENT,,,,OUT,,,,0,,https://vimeo.com/850396270?share=copy,,,T,2022
2023,Y,23FTSAUG,8/13/2023,1,1,343,343,,,,,1/20/2022,1,B,C,,Y,,,NY,COMPLEXITY,COMPLEXITY,MO JOY,MO JOY,UNCLE MO,UNCLE MO,,,,,,,,TURNING POINT BLOODSTOCK AGENT,,,,NOT SOLD,,,,27000,,https://vimeo.com/852018029?share=copy,,,T,2022
2023,Y,23FTSAUG,8/13/2023,1,1,344,344,,,,,3/30/2022,1,B,F,,Y,,,NY,MO TOWN,MO TOWN,MO JUSTICE,MO JUSTICE,LEMON DROP KID,LEMON DROP KID,,,,,,,,ANGEL ORDONEZ THOROUGHBREDS AGENT,,,,DON ROBINSON AGT,,,,100000,,https://youtu.be/wYPQaNBwOo0,,,T,2022
2023,Y,23FTSAUG,8/13/2023,1,1,345,345,,,,,4/24/2022,1,CH,C,,Y,,,NY,OMAHA BEACH,OMAHA BEACH,MOMENT OF SPEIGHT (IRE),MOMENT OF SPEIGHT (IRE),SPEIGHTSTOWN,SPEIGHTSTOWN,,,,,,,,DENALI STUD AGENT III,,,,AUGUST DAWN FARM,,,,150000,,https://vimeo.com/853557924?share=copy,,,T,2022
2023,Y,23FTSAUG,8/13/2023,1,1,346,346,,,,,4/2/2022,1,B,C,,Y,,,NY,SOLOMINI,SOLOMINI,MOOLAH SCHMOOLAH,MOOLAH SCHMOOLAH,UNION RAGS,UNION RAGS,,,,,,,,HIDDEN BROOK AGENT,,,,STEVE CARR AGENT FOR ORANGIO FIUMERA & LIEBERMAN,,,,75000,,,,,T,2022
2023,Y,23FTSAUG,8/13/2023,1,1,347,347,,,,,3/8/2022,1,DKB,C,,Y,,,NY,VOLATILE,VOLATILE,MOON DELIGHT,MOON DELIGHT,MALIBU MOON,MALIBU MOON,,,,,,,,TURNING POINT BLOODSTOCK AGENT,,,,NOT SOLD,,,,32000,,https://vimeo.com/852018384?share=copy,,,T,2022
2023,Y,23FTSAUG,8/13/2023,1,1,348,348,,,,,5/4/2022,1,CH,F,,Y,,,NY,MACLEAN'S MUSIC,MACLEAN'S MUSIC,MORE THAN LOVE,MORE THAN LOVE,MORE THAN READY,MORE THAN READY,,,,,,,,HIDDEN LAKE FARM LLC AGENT,,,,NOT SOLD,,,,73000,,https://vimeo.com/853875182?share=copy,,,T,2022
2023,Y,23FTSAUG,8/13/2023,1,1,349,349,,,,,4/26/2022,1,CH,F,,Y,,,NY,VEKOMA,VEKOMA,MO SAVINGS,MO SAVINGS,UNCLE MO,UNCLE MO,,,,,,,,STRAIGHT LINE EQUINE SALES AGENT,,,,ECLIPSE THOROUGHBRED PARTNERS & REPOLE STABLES,,,,235000,,https://vimeo.com/853149118?share=copy,,,T,2022
2023,Y,23FTSAUG,8/13/2023,1,1,350,350,,,,,2/28/2022,1,DKB,C,,Y,,,NY,TEMPLE CITY,TEMPLE CITY,MUSIC OF LIFE,MUSIC OF LIFE,BODEMEISTER,BODEMEISTER,,,,,,,,TAYLOR MADE SALES AGENCY AGENT CXIII,,,,LISA BARTKOWSKI AGT FOR ANTHONY SMITH,,,,40000,,https://youtu.be/DqRKq5Qnl5w,,,T,2022
2023,Y,23FTSAUG,8/13/2023,1,1,351,351,,,,,5/15/2022,1,DKB,C,,Y,,,NY,MUNNINGS,MUNNINGS,MY DIXIE DOODLE,MY DIXIE DOODLE,DIXIE UNION,DIXIE UNION,,,,,,,,C & S THOROUGHBREDS AGENT,,,,OUT,,,,0,,,,,T,2022
2023,Y,23FTSAUG,8/13/2023,1,1,352,352,,,,,4/9/2022,1,B,C,,Y,,,NY,OSCAR PERFORMANCE,OSCAR PERFORMANCE,MY SASSY SARAH,MY SASSY SARAH,SUMMER FRONT,SUMMER FRONT,,,,,,,,INDIAN CREEK AGENT,,,,MIKE RYAN AGENT,,,,75000,,https://vimeo.com/849940685?share=copy,,,T,2022
2023,Y,23FTSAUG,8/13/2023,1,1,353,353,,,,,4/24/2022,1,B,C,,Y,,,NY,KING FOR A DAY,KING FOR A DAY,NEVERSAIDIWASSWEET,NEVERSAIDIWASSWEET,EUROSILVER,EUROSILVER,,,,,,,,SETH GREGORY BLOODSTOCK AGENT I,,,,CLEAR STARS STABLE,,,,50000,,,,,T,2022
2023,Y,23FTSAUG,8/13/2023,1,1,354,354,,,,,2/20/2022,1,CH,C,,Y,,,NY,VEKOMA,VEKOMA,NICE SMILE,NICE SMILE,SMILING TIGER,SMILING TIGER,,,,,,,,FOUR STAR SALES AGENT,,,,KLARAVICH STABLES,,,,200000,,https://vimeo.com/849817436?share=copy,,,T,2022
2023,Y,23FTSAUG,8/13/2023,1,1,355,355,,,,,4/17/2022,1,B,C,,Y,,,NY,CENTRAL BANKER,CENTRAL BANKER,NICOLE'S MISS EL,NICOLE'S MISS EL,ELTISH,ELTISH,,,,,,,,VINERY SALES AGENT XI,,,,ORACLE AGENT,,,,62000,,https://vimeo.com/851498903?share=copy,,,T,2022
2023,Y,23FTSAUG,8/13/2023,1,1,356,356,,,,,3/7/2022,1,GRR,F,,Y,,,NY,AUDIBLE,AUDIBLE,NILE RISING,NILE RISING,PIONEEROF THE NILE,PIONEEROF THE NILE,,,,,,,,PREFERRED EQUINE AGENT,,,,OUT,,,,0,,,,,T,2022
2023,Y,23FTSAUG,8/13/2023,1,1,357,357,,,,,1/20/2022,1,CH,F,,Y,,,NY,MITOLE,MITOLE,NO HAYNE NO GAYNE,NO HAYNE NO GAYNE,HAYNESFIELD,HAYNESFIELD,,,,,,,,TAYLOR MADE SALES AGENCY AGENT LV,,,,NOT SOLD,,,,72000,,https://youtu.be/lQXyIx_P8SI,,,T,2022
2023,Y,23FTSAUG,8/13/2023,1,1,358,358,,,,,4/14/2022,1,CH,F,,Y,,,NY,MORE THAN READY,MORE THAN READY,NOMINATE,NOMINATE,PALACE MALICE,PALACE MALICE,,,,,,,,HILL 'N' DALE AT XALAPA AGENT,,,,SAILORS RUN,,,,100000,,https://vimeo.com/853133561?share=copy,,,T,2022
2023,Y,23FTSAUG,8/13/2023,1,1,359,359,,,,,3/6/2022,1,B,F,,Y,,,NY,MACLEAN'S MUSIC,MACLEAN'S MUSIC,NO MO TEMPER,NO MO TEMPER,UNCLE MO,UNCLE MO,,,,,,,,TAYLOR MADE SALES AGENCY AGENT LXXXVIII,,,,LOADEM IN THE DARK,,,,65000,,https://youtu.be/oiJGxVOY7rA,,,T,2022
2023,Y,23FTSAUG,8/13/2023,1,1,360,360,,,,,5/1/2022,1,DKB,C,,Y,,,NY,UNIFIED,UNIFIED,NOT A PEEP,NOT A PEEP,SUCCESSFUL APPEAL,SUCCESSFUL APPEAL,,,,,,,,DENALI STUD AGENT II,,,,OUT,,,,0,,,,,T,2022
2023,Y,23FTSAUG,8/13/2023,1,1,361,361,,,,,5/18/2022,1,B,C,,Y,,,NY,KARAKONTIE (JPN),KARAKONTIE (JPN),NOTHINGBUTASMILE,NOTHINGBUTASMILE,MACLEAN'S MUSIC,MACLEAN'S MUSIC,,,,,,,,BLUEWATER SALES LLC AGENT XIII,,,,OUT,,,,0,,,,,T,2022
2023,Y,23FTSAUG,8/13/2023,1,1,362,362,,,,,3/30/2022,1,CH,F,,Y,,,NY,VIOLENCE,VIOLENCE,NOUDHA,NOUDHA,AMERICAN PHAROAH,AMERICAN PHAROAH,,,,,,,,MILL RIDGE SALES AGENT,,,,WEST BLDSTK AGT FOR REPOLE STABLE & TEAM PENNEY,,,,102000,,https://www.youtube.com/watch?v=858UnfjbnDE,,,T,2022
2023,Y,23FTSAUG,8/13/2023,1,1,363,363,,,,,2/25/2022,1,B,C,,Y,,,NY,MCKINZIE,MCKINZIE,ONE LOOK,ONE LOOK,HENNY HUGHES,HENNY HUGHES,,,,,,,,VINERY SALES AGENT XXIII,,,,OUT,,,,0,,,,,T,2022
2023,Y,23FTSAUG,8/13/2023,1,1,364,364,,,,,3/28/2022,1,B,F,,Y,,,NY,LOOKIN AT LEE,LOOKIN AT LEE,ONE WISE COWGIRL,ONE WISE COWGIRL,WISEMAN'S FERRY,WISEMAN'S FERRY,,,,,,,,ELITE AGENT,,,,OUT,,,,0,,,,,T,2022
2023,Y,23FTSAUG,8/13/2023,1,1,365,365,,,,,2/7/2022,1,B,F,,Y,,,NY,LOOKIN AT LUCKY,LOOKIN AT LUCKY,ORIENT MOON,ORIENT MOON,MALIBU MOON,MALIBU MOON,,,,,,,,INDIAN CREEK AGENT,,,,NBS STABLE/JOHN BALLANTYNE,,,,180000,,https://vimeo.com/849940739?share=copy,,,T,2022
2023,Y,23FTSAUG,8/13/2023,1,1,366,366,,,,,5/14/2022,1,B,C,,Y,,,NY,IMPROBABLE,IMPROBABLE,OUR HOPE DIAMOND,OUR HOPE DIAMOND,GEMOLOGIST,GEMOLOGIST,,,,,,,,VINERY SALES AGENT V,,,,NOT SOLD,,,,29000,,,,,T,2022
2023,Y,23FTSAUG,8/13/2023,1,1,367,367,,,,,2/5/2022,1,DKB,C,,Y,,,NY,MUNNINGS,MUNNINGS,OVERHEATED,OVERHEATED,DISTORTED HUMOR,DISTORTED HUMOR,,,,,,,,FOUR STAR SALES AGENT,,,,WOODSONG ENTERPRISES,,,,100000,,https://vimeo.com/853726856?share=copy,,,T,2022
2023,Y,23FTSAUG,8/13/2023,1,1,368,368,,,,,2/6/2022,1,B,F,,Y,,,NY,VINO ROSSO,VINO ROSSO,PAMMI DEAREST,PAMMI DEAREST,VERRAZANO,VERRAZANO,,,,,,,,ST GEORGE SALES AGENT V,,,,GARY FAZIO,,,,37000,,https://vimeo.com/850396160,,,T,2022
2023,Y,23FTSAUG,8/13/2023,1,1,369,369,,,,,3/26/2022,1,B,F,,Y,,,NY,GUN RUNNER,GUN RUNNER,PANTSONFIRE (IRE),PANTSONFIRE (IRE),SIR PERCY (GB),SIR PERCY (GB),,,,,,,,TAYLOR MADE SALES AGENCY AGENT V,,,,TRADE WINDS FARM,,,,290000,,https://youtu.be/Z69G-mgt1To,,,T,2022
2023,Y,23FTSAUG,8/13/2023,1,1,370,370,,,,,2/16/2022,1,B,F,,Y,,,NY,GLOBAL CAMPAIGN,GLOBAL CAMPAIGN,PASSIONATE DIVA,PASSIONATE DIVA,STREET CRY (IRE),STREET CRY (IRE),,,,,,,,HIDDEN BROOK AGENT,,,,MADAKET STABLES LLC,,,,75000,,,,,T,2022
2023,Y,23FTSAUG,8/13/2023,1,1,371,371,,,,,5/23/2022,1,DKB,C,,Y,,,NY,CLASSIC EMPIRE,CLASSIC EMPIRE,PASTEL GAL,PASTEL GAL,LEMON DROP KID,LEMON DROP KID,,,,,,,,HUNTER VALLEY FARM AGENT,,,,JOSEPH BUCCI,,,,100000,,https://vimeo.com/850502882?share=copy,,,T,2022
2023,Y,23FTSAUG,8/13/2023,1,1,372,372,,,,,4/18/2022,1,CH,C,,Y,,,NY,IMPROBABLE,IMPROBABLE,PERAZZI,PERAZZI,CURLIN,CURLIN,,,,,,,,GAINESWAY AGENT III,,,,CHC INC SIENA FARM MAVERICK RACING,,,,300000,,https://vimeo.com/852308673/99ef084084,,,T,2022
2023,Y,23FTSAUG,8/13/2023,1,1,373,373,,,,,2/21/2022,1,B,F,,Y,,,NY,LEOFRIC,LEOFRIC,PERFECT FIT,PERFECT FIT,MAJESTICPERFECTION,MAJESTICPERFECTION,,,,,,,,ANGEL ORDONEZ THOROUGHBREDS AGENT,,,,NOT SOLD,,,,29000,,https://youtu.be/cJ_2L8eLOZ8,,,T,2022
2023,Y,23FTSAUG,8/13/2023,1,1,374,374,,,,,3/1/2022,1,DKB,C,,Y,,,NY,TWIRLING CANDY,TWIRLING CANDY,PHAROAH FAWCETT,PHAROAH FAWCETT,AMERICAN PHAROAH,AMERICAN PHAROAH,,,,,,,,TAYLOR MADE SALES AGENCY AGENT FOR WALDORF FARM,,,,NOT SOLD,,,,37000,,https://youtu.be/bIiJsOvuLWo,,,T,2022
2023,Y,23FTSAUG,8/13/2023,1,1,375,375,,,,,4/4/2022,1,CH,C,,Y,,,NY,SOLOMINI,SOLOMINI,PICTURE DAY,PICTURE DAY,INCLUDE,INCLUDE,,,,,,,,MCMAHON OF SARATOGA THOROUGHBREDS LLC AGENT,,,,MICHAEL MAKER,,,,50000,,,,,T,2022
2023,Y,23FTSAUG,8/13/2023,1,1,376,376,,,,,4/27/2022,1,B,C,,Y,,,NY,MORE THAN READY,MORE THAN READY,PORTMAGEE,PORTMAGEE,HARD SPUN,HARD SPUN,,,,,,,,WINTER QUARTER FARM AGENT,,,,NOT SOLD,,,,200000,,,,,T,2022
2023,Y,23FTSAUG,8/13/2023,1,1,377,377,,,,,4/5/2022,1,B,C,,Y,,,NY,MUNNINGS,MUNNINGS,POSSESSIVE,POSSESSIVE,BERNARDINI,BERNARDINI,,,,,,,,JIM FITZGERALD AGENT,,,,NOT SOLD,,,,145000,,https://vimeo.com/851438596?share=copy,,,T,2022
2023,Y,23FTSAUG,8/13/2023,1,1,378,378,,,,,3/10/2022,1,CH,C,,Y,,,NY,VINO ROSSO,VINO ROSSO,PREMIERE DAME,PREMIERE DAME,PIONEEROF THE NILE,PIONEEROF THE NILE,,,,,,,,SEQUEL NY AGENT IV,,,,DEWITT FRANKLIN MULLINS AGT,,,,50000,,https://vimeo.com/852844075,,,T,2022
2023,Y,23FTSAUG,8/13/2023,1,1,379,379,,,,,3/22/2022,1,B,C,,Y,,,NY,TEMPLE CITY,TEMPLE CITY,PRIDE OF PARIS,PRIDE OF PARIS,SHARP HUMOR,SHARP HUMOR,,,,,,,,STRAIGHT LINE EQUINE SALES AGENT,,,,OUT,,,,0,,,,,T,2022
2023,Y,23FTSAUG,8/13/2023,1,1,380,380,,,,,3/13/2022,1,GRR,C,,Y,,,NY,VOLATILE,VOLATILE,PRISONER'S DILEMMA,PRISONER'S DILEMMA,BLAME,BLAME,,,,,,,,INDIAN CREEK AGENT,,,,LEHIGH BLOODSTOCK,,,,120000,,https://vimeo.com/849106999?share=copy,,,T,2022
2023,Y,23FTSAUG,8/13/2023,1,1,381,381,,,,,4/2/2022,1,B,C,,Y,,,NY,MACLEAN'S MUSIC,MACLEAN'S MUSIC,PROPORTIONALITY,PROPORTIONALITY,DISCREET CAT,DISCREET CAT,,,,,,,,LEGACY BLOODSTOCK AGENT,,,,CHC INC SIENA FARM MAVERICK RACING,,,,200000,,https://vimeo.com/852871322?share=copy,,,T,2022
2023,Y,23FTSAUG,8/13/2023,1,1,382,382,,,,,5/21/2022,1,B,F,,Y,,,NY,MO TOWN,MO TOWN,PUNKED (IRE),PUNKED (IRE),SO YOU THINK (NZ),SO YOU THINK (NZ),,,,,,,,VINERY SALES AGENT XIII,,,,BARRY OSTRAGER,,,,14000,,,,Y,T,2022
2023,Y,23FTSAUG,8/13/2023,1,1,383,383,,,,,4/6/2022,1,CH,F,,Y,,,NY,CENTRAL BANKER,CENTRAL BANKER,PURE MICHIGAN,PURE MICHIGAN,TEMPLE CITY,TEMPLE CITY,,,,,,,,PARAMOUNT SALES AGENT X,,,,CROWN THOROUGHBREDS,,,,17000,,https://vimeo.com/853520884?share=copy,,Y,T,2022
2023,Y,23FTSAUG,8/13/2023,1,1,384,384,,,,,2/14/2022,1,DKB,C,,Y,,,NY,KING FOR A DAY,KING FOR A DAY,QUALIFYING,QUALIFYING,QUALITY ROAD,QUALITY ROAD,,,,,,,,VINERY SALES AGENT XXIII,,,,NOT SOLD,,,,29000,,,,,T,2022
2023,Y,23FTSAUG,8/13/2023,1,1,385,385,,,,,5/21/2022,1,B,F,,Y,,,NY,ARMY MULE,ARMY MULE,RENEE'S QUEEN,RENEE'S QUEEN,AFTER MARKET,AFTER MARKET,,,,,,,,PARAMOUNT SALES AGENT XVII,,,,RONALD STEWART,,,,150000,,https://vimeo.com/852723372?share=copy,,,T,2022
2023,Y,23FTSAUG,8/13/2023,1,1,386,386,,,,,4/7/2022,1,B,C,,Y,,,NY,SUMMER FRONT,SUMMER FRONT,RESTRUCTURE,RESTRUCTURE,BLAME,BLAME,,,,,,,,WINTER QUARTER FARM AGENT III,,,,NOT SOLD,,,,42000,,,,,T,2022
2023,Y,23FTSAUG,8/13/2023,1,1,387,387,,,,,2/7/2022,1,CH,F,,Y,,,NY,THOUSAND WORDS,THOUSAND WORDS,REVELATION ROAD,REVELATION ROAD,GIANT'S CAUSEWAY,GIANT'S CAUSEWAY,,,,,,,,TURNING POINT BLOODSTOCK AGENT,,,,SEAN S. PERL FOR LIBERTY HOUSE REG AND CLUB 65,,,,40000,,https://vimeo.com/852018830?share=copy,,,T,2022
2023,Y,23FTSAUG,8/13/2023,1,1,388,388,,,,,4/19/2022,1,CH,C,,Y,,,NY,CATALINA CRUISER,CATALINA CRUISER,RIGHT PREVAILS,RIGHT PREVAILS,SUCCESSFUL APPEAL,SUCCESSFUL APPEAL,,,,,,,,SEQUEL NY AGENT II,,,,TOM MCCROCKLIN AGENT FOR CHAMPION EQUINE,,,,150000,,https://vimeo.com/852845661,,,T,2022
2023,Y,23FTSAUG,8/13/2023,1,1,389,389,,,,,4/12/2022,1,GRR,C,,Y,,,NY,MAXIMUM SECURITY,MAXIMUM SECURITY,RIOLAMA,RIOLAMA,UNBRIDLED'S SONG,UNBRIDLED'S SONG,,,,,,,,DENALI STUD AGENT FOR GALLAGHER'S STUD,,,,KENNETH L RAMSEY,,,,70000,,https://vimeo.com/853552762?share=copy,,,T,2022
2023,Y,23FTSAUG,8/13/2023,1,1,390,390,,,,,3/12/2022,1,B,C,,Y,,,NY,PRACTICAL JOKE,PRACTICAL JOKE,RIVIERA CHIC,RIVIERA CHIC,MEDAGLIA D'ORO,MEDAGLIA D'ORO,,,,,,,,GAINESWAY AGENT VI,,,,RALPH BIANCULLI,,,,180000,,https://www.youtube.com/watch?v=ss8_9TijvDw,,,T,2022
2023,Y,23FTSAUG,8/13/2023,1,1,391,391,,,,,3/27/2022,1,DKB,C,,Y,,,NY,GAME WINNER,GAME WINNER,ROCKY POLICY,ROCKY POLICY,ROCK SLIDE,ROCK SLIDE,,,,,,,,TAYLOR MADE SALES AGENCY AGENT XII,,,,STEVEN W YOUNG AGT,,,,100000,,https://youtu.be/zyGjKUEBQIw,,,T,2022
2023,Y,23FTSAUG,8/13/2023,1,1,392,392,,,,,3/13/2022,1,B,F,,Y,,,NY,VEKOMA,VEKOMA,ROMANCE DANCE,ROMANCE DANCE,VISION AND VERSE,VISION AND VERSE,,,,,,,,STRAIGHT LINE EQUINE SALES AGENT,,,,NOT SOLD,,,,14000,,https://youtu.be/t-sr7Eg-UiU,,,T,2022
2023,Y,23FTSAUG,8/13/2023,1,1,393,393,,,,,6/4/2022,1,B,C,,Y,,,NY,UNION RAGS,UNION RAGS,ROMAN CERES,ROMAN CERES,ROMAN RULER,ROMAN RULER,,,,,,,,SUMMERFIELD (FRANCIS & BARBARA VANLANGENDONCK) AGENT FOR TWIN FARMS,,,,OUT,,,,0,,https://vimeo.com/853185194?share=copy,,,T,2022
2023,Y,23FTSAUG,8/13/2023,1,1,394,394,,,,,4/15/2022,1,B,C,,Y,,,NY,KING FOR A DAY,KING FOR A DAY,ROSE AGAIN,ROSE AGAIN,CURLIN,CURLIN,,,,,,,,PREFERRED EQUINE AGENT,,,,STUART MORRIS AGENT,,,,7000,,https://vimeo.com/852986544?share=copy,,Y,T,2022
2023,Y,23FTSAUG,8/13/2023,1,1,395,395,,,,,3/16/2022,1,B,C,,Y,,,NY,STREET BOSS,STREET BOSS,ROYALE ROSE,ROYALE ROSE,MACHO UNO,MACHO UNO,,,,,,,,WINTER QUARTER FARM AGENT IV,,,,TAPROOT FOR CAREM STABLES,,,,200000,,,,,T,2022
2023,Y,23FTSAUG,8/13/2023,1,1,396,396,,,,,2/22/2022,1,GRR,F,,Y,,,NY,FROSTED,FROSTED,ROYAL MANDATE,ROYAL MANDATE,STRONG MANDATE,STRONG MANDATE,,,,,,,,INDIAN CREEK AGENT,,,,TAPROOT FOR CAREM STABLES,,,,250000,,https://vimeo.com/849940855?share=copy,,,T,2022
2023,Y,23FTSAUG,8/13/2023,1,1,397,397,,,,,4/19/2022,1,DKB,F,,Y,,,NY,OMAHA BEACH,OMAHA BEACH,RUBY DUSK,RUBY DUSK,HARLAN'S HOLIDAY,HARLAN'S HOLIDAY,,,,,,,,TAYLOR MADE SALES AGENCY AGENT XVII,,,,ORACLE AGENT,,,,220000,,https://youtu.be/4XU7n3Q7t4E,,,T,2022
2023,Y,23FTSAUG,8/13/2023,1,1,398,398,,,,,3/28/2022,1,B,C,,Y,,,NY,HONOR A. P.,HONOR A. P.,RUN A DUBB DUBB,RUN A DUBB DUBB,HARLINGTON,HARLINGTON,,,,,,,,STRAIGHT LINE EQUINE SALES AGENT,,,,STOCK THOROUGHBREDS,,,,45000,,https://youtu.be/vcDfAYrGUaQ,,,T,2022
2023,Y,23FTSAUG,8/13/2023,1,1,399,399,,,,,3/26/2022,1,CH,C,,Y,,,NY,STREET BOSS,STREET BOSS,SAFTA,SAFTA,DIALED IN,DIALED IN,,,,,,,,JIM FITZGERALD AGENT,,,,LEGION BLOODSTOCK AGENT FOR JCE RACING,,,,170000,,https://vimeo.com/851439541?share=copy,,,T,2022
2023,Y,23FTSAUG,8/13/2023,1,1,400,400,,,,,3/10/2022,1,B,C,,Y,,,NY,MO TOWN,MO TOWN,SAKURA BALLERINA,SAKURA BALLERINA,PURE PRIZE,PURE PRIZE,,,,,,,,VINERY SALES AGENT FOR ALLEN C. HALLETT,,,,KENNETH MCPEEK AGENT FOR HAROLD LERNER,,,,57000,,,,,T,2022
2023,Y,23FTSAUG,8/14/2023,1,2,401,401,,,,,2/5/2022,1,B,F,,Y,,,NY,UNION RAGS,UNION RAGS,SALLY O'BRIEN,SALLY O'BRIEN,DISTORTED HUMOR,DISTORTED HUMOR,,,,,,,,INDIAN CREEK AGENT,,,,ALAN BRODSKY,,,,20000,,https://vimeo.com/849940980?share=copy,,,T,2022
2023,Y,23FTSAUG,8/14/2023,1,2,402,402,,,,,3/31/2022,1,DKB,F,,Y,,,NY,CATHOLIC BOY,CATHOLIC BOY,SALONSUN (GER),SALONSUN (GER),MONSUN (GER),MONSUN (GER),,,,,,,,DENALI STUD AGENT FOR EDITION FARM,,,,NOT SOLD,,,,45000,,https://vimeo.com/847970261?share=copy,,,T,2022
2023,Y,23FTSAUG,8/14/2023,1,2,403,403,,,,,5/11/2022,1,CH,F,,Y,,,NY,VINO ROSSO,VINO ROSSO,SAMARA,SAMARA,HARD SPUN,HARD SPUN,,,,,,,,TURNING POINT BLOODSTOCK AGENT,,,,SEIDMAN STABLE/ALAN BRODSKY,,,,85000,,https://vimeo.com/853692406?share=copy,,,T,2022
2023,Y,23FTSAUG,8/14/2023,1,2,404,404,,,,,3/15/2022,1,B,C,,Y,,,NY,GORMLEY,GORMLEY,SAPPHIRE SKY,SAPPHIRE SKY,SKY MESA,SKY MESA,,,,,,,,THORNDALE FARM AGENT,,,,NOT SOLD,,,,35000,,,,,T,2022
2023,Y,23FTSAUG,8/14/2023,1,2,405,405,,,,,4/19/2022,1,B,C,,Y,,,NY,IMPROBABLE,IMPROBABLE,SASSY SIENNA,SASSY SIENNA,MIDSHIPMAN,MIDSHIPMAN,,,,,,,,VINERY SALES AGENT XVIII,,,,RT RACING,,,,100000,,https://vimeo.com/852158461?share=copy,,,T,2022
2023,Y,23FTSAUG,8/14/2023,1,2,406,406,,,,,3/2/2022,1,CH,C,,Y,,,NY,FLAMEAWAY,FLAMEAWAY,SAVASANA,SAVASANA,SCATMANDU,SCATMANDU,,,,,,,,HIDDEN BROOK AGENT,,,,TOM MCCROCKLIN AGENT FOR CHAMPION EQUINE,,,,80000,,https://www.youtube.com/watch?v=NjGh1O7TyX0,,,T,2022
2023,Y,23FTSAUG,8/14/2023,1,2,407,407,,,,,3/21/2022,1,DKB,C,,Y,,,NY,AUTHENTIC,AUTHENTIC,SAVVY SASSY,SAVVY SASSY,STREET SENSE,STREET SENSE,,,,,,,,WINTER QUARTER FARM AGENT I,,,,MY RACEHORSE & RT RACING,,,,360000,,,,,T,2022
2023,Y,23FTSAUG,8/14/2023,1,2,408,408,,,,,2/16/2022,1,CH,F,,Y,,,NY,FROSTED,FROSTED,SCADADLE,SCADADLE,SCAT DADDY,SCAT DADDY,,,,,,,,TAYLOR MADE SALES AGENCY AGENT VI,,,,THE ELKSTONE GROUP LLC,,,,165000,,https://youtu.be/HPgD-LaUi6U,,,T,2022
2023,Y,23FTSAUG,8/14/2023,1,2,409,409,,,,,2/27/2022,1,CH,C,,Y,,,NY,VOLATILE,VOLATILE,SCAT'S LASSIE,SCAT'S LASSIE,SCAT DADDY,SCAT DADDY,,,,,,,,PREFERRED EQUINE AGENT,,,,KINGS EQUINE,,,,50000,,https://vimeo.com/852986649?share=copy,,,T,2022
2023,Y,23FTSAUG,8/14/2023,1,2,410,410,,,,,2/22/2022,1,GRR,F,,Y,,,NY,GHOSTZAPPER,GHOSTZAPPER,SCENE MAKER,SCENE MAKER,UNBRIDLED'S SONG,UNBRIDLED'S SONG,,,,,,,,HIDDEN LAKE FARM LLC AGENT,,,,PETER DEUTSCH,,,,300000,,https://vimeo.com/853874970?share=copy,,,T,2022
2023,Y,23FTSAUG,8/14/2023,1,2,411,411,,,,,2/19/2022,1,B,C,,Y,,,NY,BERNARDINI,BERNARDINI,SCENIC OVERLOOK,SCENIC OVERLOOK,NYQUIST,NYQUIST,,,,,,,,TAYLOR MADE SALES AGENCY AGENT XLIII,,,,NOT SOLD,,,,22000,,https://youtu.be/1bYi3G4kxX8,,,T,2022
2023,Y,23FTSAUG,8/14/2023,1,2,412,412,,,,,1/30/2022,1,DKB,F,,Y,,,NY,CARACARO,CARACARO,SCULPT,SCULPT,FIRST DEFENCE,FIRST DEFENCE,,,,,,,,TURNING POINT BLOODSTOCK AGENT,,,,NOT SOLD,,,,20000,,https://vimeo.com/853156742,,,T,2022
2023,Y,23FTSAUG,8/14/2023,1,2,413,413,,,,,5/19/2022,1,B,C,,Y,,,NY,INSTAGRAND,INSTAGRAND,SHARED DREAMS (GB),SHARED DREAMS (GB),SEEKING THE GOLD,SEEKING THE GOLD,,,,,,,,THORNDALE FARM AGENT,,,,GINA FENNELL,,,,40000,,,,,T,2022
2023,Y,23FTSAUG,8/14/2023,1,2,414,414,,,,,4/14/2022,1,B,C,,Y,,,NY,WAR OF WILL,WAR OF WILL,SHEBOYGAN,SHEBOYGAN,QUIET AMERICAN,QUIET AMERICAN,,,,,,,,PARAMOUNT SALES AGENT XVIII,,,,WEST POINT & SONSON,,,,200000,,https://vimeo.com/849731079?share=copy,,,T,2022
2023,Y,23FTSAUG,8/14/2023,1,2,415,415,,,,,4/25/2022,1,B,F,,Y,,,NY,MACLEAN'S MUSIC,MACLEAN'S MUSIC,SHE'LL BE RIGHT,SHE'LL BE RIGHT,SKY MESA,SKY MESA,,,,,,,,HILL 'N' DALE AT XALAPA AGENT,,,,NIALL BRENNAN AGT FOR JR INTERNATIONAL HOLDINGS,,,,150000,,https://vimeo.com/853133954?share=copy,,,T,2022
2023,Y,23FTSAUG,8/14/2023,1,2,416,416,,,,,4/28/2022,1,CH,F,,Y,,,NY,MUNNINGS,MUNNINGS,SHERIFFA,SHERIFFA,POSSE,POSSE,,,,,,,,DENALI STUD AGENT VI,,,,NIALL BRENNAN AGT FOR JR INTERNATIONAL HOLDINGS,,,,160000,,https://vimeo.com/847970759?share=copy,,,T,2022
2023,Y,23FTSAUG,8/14/2023,1,2,417,417,,,,,4/3/2022,1,DKB,C,,Y,,,NY,THOUSAND WORDS,THOUSAND WORDS,SHEZA ROCKSTAR,SHEZA ROCKSTAR,MORE THAN READY,MORE THAN READY,,,,,,,,VINERY SALES AGENT X,,,,PATRICE MILLER EQB AGT.,,,,47000,,https://vimeo.com/852173067,,,T,2022
2023,Y,23FTSAUG,8/14/2023,1,2,418,418,,,,,2/24/2022,1,B,F,,Y,,,NY,HIGHER POWER,HIGHER POWER,SHORT SQUEEZE,SHORT SQUEEZE,LEMON DROP KID,LEMON DROP KID,,,,,,,,FOUR STAR SALES AGENT,,,,TOM MORLEY AGENT,,,,60000,,https://vimeo.com/849816184?share=copy,,,T,2022
2023,Y,23FTSAUG,8/14/2023,1,2,419,419,,,,,4/19/2022,1,CH,F,,Y,,,NY,VEKOMA,VEKOMA,SILKEN LILY,SILKEN LILY,GRAND SLAM,GRAND SLAM,,,,,,,,TURNING POINT BLOODSTOCK AGENT,,,,LUNA BLOODSTOCK,,,,75000,,https://vimeo.com/853689021?share=copy,,,T,2022
2023,Y,23FTSAUG,8/14/2023,1,2,420,420,,,,,4/29/2022,1,B,C,,Y,,,NY,MACLEAN'S MUSIC,MACLEAN'S MUSIC,SILLY SISTER,SILLY SISTER,BROKEN VOW,BROKEN VOW,,,,,,,,PARAMOUNT SALES AGENT XVI,,,,OUT,,,,0,,https://vimeo.com/852158428?share=copy,,,T,2022
2023,Y,23FTSAUG,8/14/2023,1,2,421,421,,,,,5/1/2022,1,DKB,F,,Y,,,NY,OMAHA BEACH,OMAHA BEACH,SISTER MARGARET,SISTER MARGARET,PULPIT,PULPIT,,,,,,,,TURNING POINT BLOODSTOCK AGENT,,,,BRONCO BLOODSTOCK,,,,65000,,https://vimeo.com/853687276?share=copy,,,T,2022
2023,Y,23FTSAUG,8/14/2023,1,2,422,422,,,,,2/11/2022,1,GRR,F,,Y,,,NY,DISCO PARTNER,DISCO PARTNER,SKY GAZER,SKY GAZER,SKY MESA,SKY MESA,,,,,,,,HUNTER VALLEY FARM AGENT,,,,PETER DEUTSCH,,,,75000,,https://vimeo.com/852144049?share=copy,,,T,2022
2023,Y,23FTSAUG,8/14/2023,1,2,423,423,,,,,4/23/2022,1,B,F,,Y,,,NY,CATHOLIC BOY,CATHOLIC BOY,SMOKE SIGNALS,SMOKE SIGNALS,STREET SENSE,STREET SENSE,,,,,,,,EATON SALES AGENT FOR LONGFORD FARM,,,,THE ELKSTONE GROUP LLC,,,,77000,,https://vimeo.com/853134273?share=copy,,,T,2022
2023,Y,23FTSAUG,8/14/2023,1,2,424,424,,,,,3/15/2022,1,B,F,,Y,,,NY,VEKOMA,VEKOMA,SNOW,SNOW,QUALITY ROAD,QUALITY ROAD,,,,,,,,PARAMOUNT SALES AGENT VIII,,,,ALAN VALENZUELA,,,,60000,,https://vimeo.com/849983127?share=copy,,,T,2022
2023,Y,23FTSAUG,8/14/2023,1,2,425,425,,,,,4/8/2022,1,DKB,C,,Y,,,NY,VINO ROSSO,VINO ROSSO,SOLAR VORTEX,SOLAR VORTEX,ORB,ORB,,,,,,,,TURNING POINT BLOODSTOCK AGENT,,,,OUT,,,,0,,https://vimeo.com/853798336?share=copy,,,T,2022
2023,Y,23FTSAUG,8/14/2023,1,2,426,426,,,,,4/13/2022,1,CH,C,,Y,,,NY,SPEIGHTSTER,SPEIGHTSTER,SOLO SURVIVOR,SOLO SURVIVOR,PLEASANT TAP,PLEASANT TAP,,,,,,,,TURNING POINT BLOODSTOCK AGENT,,,,OUT,,,,0,,,,,T,2022
2023,Y,23FTSAUG,8/14/2023,1,2,427,427,,,,,2/5/2022,1,B,C,,Y,,,NY,MITOLE,MITOLE,SOUTHERN CHARMER,SOUTHERN CHARMER,DIXIE UNION,DIXIE UNION,,,,,,,,SUMMERFIELD (FRANCIS & BARBARA VANLANGENDONCK) AGENT,,,,NOT SOLD,,,,35000,,https://vimeo.com/853185305?share=copy,,,T,2022
2023,Y,23FTSAUG,8/14/2023,1,2,428,428,,,,,2/15/2022,1,B,C,,Y,,,NY,AUDIBLE,AUDIBLE,SOUTHERN STRIKE,SOUTHERN STRIKE,SMART STRIKE,SMART STRIKE,,,,,,,,PARAMOUNT SALES AGENT XV,,,,NOT SOLD,,,,70000,,https://vimeo.com/853155915,,,T,2022
2023,Y,23FTSAUG,8/14/2023,1,2,429,429,,,,,4/14/2022,1,B,C,,Y,,,NY,VIOLENCE,VIOLENCE,SO YOU KNOW,SO YOU KNOW,JUMP START,JUMP START,,,,,,,,BLUEWATER SALES LLC AGENT,,,,NOT SOLD,,,,47000,,https://vimeo.com/852813661?share=copy,,,T,2022
2023,Y,23FTSAUG,8/14/2023,1,2,430,430,,,,,5/6/2022,1,CH,C,,Y,,,NY,KITTEN'S JOY,KITTEN'S JOY,SPEED GODDESS,SPEED GODDESS,JOHANNESBURG,JOHANNESBURG,,,,,,,,TURNING POINT BLOODSTOCK AGENT,,,,MIKE DINI,,,,5000,,,,,T,2022
2023,Y,23FTSAUG,8/14/2023,1,2,431,431,,,,,5/12/2022,1,DKB,C,,Y,,,NY,INSTAGRAND,INSTAGRAND,SPEIGHTSTOWN LADY,SPEIGHTSTOWN LADY,SPEIGHTSTOWN,SPEIGHTSTOWN,,,,,,,,ST GEORGE SALES AGENT I,,,,NOT SOLD,,,,27000,,https://vimeo.com/849148197?share=copy,,,T,2022
2023,Y,23FTSAUG,8/14/2023,1,2,432,432,,,,,3/6/2022,1,DKB,C,,Y,,,NY,TOM'S D'ETAT,TOM'S D'ETAT,STARRY ROSE,STARRY ROSE,MACLEAN'S MUSIC,MACLEAN'S MUSIC,,,,,,,,SEQUEL NY AGENT,,,,NOT SOLD,,,,155000,,https://vimeo.com/851723141?share=copy,,,T,2022
2023,Y,23FTSAUG,8/14/2023,1,2,433,433,,,,,5/22/2022,1,B,C,,Y,,,NY,COMPLEXITY,COMPLEXITY,STAY COMPOSED,STAY COMPOSED,BERNSTEIN,BERNSTEIN,,,,,,,,PERRONE SALES LTD. AGENT,,,,NOT SOLD,,,,35000,,,,,T,2022
2023,Y,23FTSAUG,8/14/2023,1,2,434,434,,,,,3/16/2022,1,B,C,,Y,,,NY,OMAHA BEACH,OMAHA BEACH,GOODNIGHT MOON,GOODNIGHT MOON,MALIBU MOON,MALIBU MOON,,,,,,,,THE NEW HILL FARM,,,,KEVIN STEDMAN,,,,40000,,https://vimeo.com/853149039?share=copy,,,T,2022
2023,Y,23FTSAUG,8/14/2023,1,2,435,435,,,,,4/8/2022,1,DKB,C,,Y,,,NY,BLAME,BLAME,STONEFACTOR,STONEFACTOR,THE FACTOR,THE FACTOR,,,,,,,,TURNING POINT BLOODSTOCK AGENT,,,,HORSEOLOGY,,,,35000,,https://vimeo.com/852019260?share=copy,,,T,2022
2023,Y,23FTSAUG,8/14/2023,1,2,436,436,,,,,5/23/2022,1,DKB,F,,Y,,,NY,MUNNINGS,MUNNINGS,STORM CROSSING,STORM CROSSING,TIZNOW,TIZNOW,,,,,,,,STUART MORRIS AGENT,,,,NOT SOLD,,,,67000,,https://vimeo.com/853558161?share=copy,,,T,2022
2023,Y,23FTSAUG,8/14/2023,1,2,437,437,,,,,4/12/2022,1,GRR,C,,Y,,,NY,SPUN TO RUN,SPUN TO RUN,STORM SWEPT,STORM SWEPT,STORMY ATLANTIC,STORMY ATLANTIC,,,,,,,,PARAMOUNT SALES AGENT XVII,,,,GERARDO AMADO,,,,5000,,https://vimeo.com/852728331?share=copy,,,T,2022
2023,Y,23FTSAUG,8/14/2023,1,2,438,438,,,,,4/3/2022,1,DKB,F,,Y,,,NY,BOLT D'ORO,BOLT D'ORO,STRIKE TWICE,STRIKE TWICE,MORE THAN READY,MORE THAN READY,,,,,,,,HIDDEN LAKE FARM LLC AGENT,,,,KINGS EQUINE,,,,62000,,,,,T,2022
2023,Y,23FTSAUG,8/14/2023,1,2,439,439,,,,,4/19/2022,1,B,C,,Y,,,NY,DAREDEVIL,DAREDEVIL,SUCCESSFUL SONG,SUCCESSFUL SONG,SUCCESSFUL APPEAL,SUCCESSFUL APPEAL,,,,,,,,PARAMOUNT SALES AGENT XI,,,,SEAN S. PERL BLOODSTOCK LLC,,,,55000,,https://youtu.be/0Mrw494roYg,,,T,2022
2023,Y,23FTSAUG,8/14/2023,1,2,440,440,,,,,3/4/2022,1,DKB,F,,Y,,,NY,VINO ROSSO,VINO ROSSO,SUGARILLE,SUGARILLE,JUMP START,JUMP START,,,,,,,,SONG HILL THOROUGHBREDS LLC AGENT,,,,OUT,,,,0,,,,,T,2022
2023,Y,23FTSAUG,8/14/2023,1,2,441,441,,,,,4/20/2022,1,B,C,,Y,,,NY,INSTAGRAND,INSTAGRAND,SUPER SHOPPER,SUPER SHOPPER,SUPER SAVER,SUPER SAVER,,,,,,,,TAYLOR MADE SALES AGENCY AGENT VII,,,,OUT,,,,0,,,,,T,2022
2023,Y,23FTSAUG,8/14/2023,1,2,442,442,,,,,3/5/2022,1,CH,C,,Y,,,NY,VOLATILE,VOLATILE,SUPPLEMENT,SUPPLEMENT,SKY MESA,SKY MESA,,,,,,,,GAINESWAY AGENT VIII,,,,WHISPER HILL FARM LLC,,,,75000,,https://vimeo.com/852173592,,,T,2022
2023,Y,23FTSAUG,8/14/2023,1,2,443,443,,,,,2/13/2022,1,DKB,C,,Y,,,NY,TWIRLING CANDY,TWIRLING CANDY,SWEET ALOHA,SWEET ALOHA,WESTERN CAT,WESTERN CAT,,,,,,,,STUART MORRIS AGENT,,,,SACKATOGA STABLE LLC,,,,150000,,https://vimeo.com/853557867?share=copy,,,T,2022
2023,Y,23FTSAUG,8/14/2023,1,2,444,444,,,,,1/30/2022,1,DKB,F,,Y,,,NY,GLOBAL CAMPAIGN,GLOBAL CAMPAIGN,SWEETIE DARLING,SWEETIE DARLING,BERNARDINI,BERNARDINI,,,,,,,,GAINESWAY AGENT III,,,,OUT,,,,0,,,,,T,2022
2023,Y,23FTSAUG,8/14/2023,1,2,445,445,,,,,4/1/2022,1,DKB,F,,Y,,,NY,PRACTICAL JOKE,PRACTICAL JOKE,SWEET SLAM,SWEET SLAM,GRAND SLAM,GRAND SLAM,,,,,,,,ST GEORGE SALES AGENT II,,,,WOODBERRY PAYNE,,,,55000,,https://vimeo.com/848779470?share=copy,,,T,2022
2023,Y,23FTSAUG,8/14/2023,1,2,446,446,,,,,4/17/2022,1,CH,F,,Y,,,NY,COMPLEXITY,COMPLEXITY,TAKE CHARGE SUE,TAKE CHARGE SUE,TAKE CHARGE INDY,TAKE CHARGE INDY,,,,,,,,BLAKE-ALBINA THOROUGHBRED SERVICES LLC AGENT II,,,,ORACLE BLOODSTOCK AGENT,,,,67000,,https://vimeo.com/850944514,,,T,2022
2023,Y,23FTSAUG,8/14/2023,1,2,447,447,,,,,2/15/2022,1,B,F,,Y,,,NY,CENTRAL BANKER,CENTRAL BANKER,TALK YOU OUT OF IT,TALK YOU OUT OF IT,OVERANALYZE,OVERANALYZE,,,,,,,,SARATOGA GLEN FARM LLC AGENT,,,,NOT SOLD,,,,19000,,,,,T,2022
2023,Y,23FTSAUG,8/14/2023,1,2,448,448,,,,,2/19/2022,1,DKB,F,,Y,,,NY,ECHO TOWN,ECHO TOWN,TALL TIMBERCOWGIRL,TALL TIMBERCOWGIRL,PRIME TIMBER,PRIME TIMBER,,,,,,,,MCMAHON OF SARATOGA THOROUGHBREDS LLC AGENT,,,,JAKE CLAY MADELYN BROWN,,,,7000,,,,,T,2022
2023,Y,23FTSAUG,8/14/2023,1,2,449,449,,,,,1/1/2022,1,B,F,,Y,,,NY,CENTRAL BANKER,CENTRAL BANKER,TANMAWWY,TANMAWWY,CANDY RIDE (ARG),CANDY RIDE (ARG),,,,,,,,SARATOGA GLEN FARM LLC AGENT,,,,BRONCO BLOODSTOCK,,,,32000,,,,,T,2022
2023,Y,23FTSAUG,8/14/2023,1,2,450,450,,,,,4/11/2022,1,DKB,F,,Y,,,NY,FLATTER,FLATTER,TASTE'S CLASSYLADY,TASTE'S CLASSYLADY,AFLEET ALEX,AFLEET ALEX,,,,,,,,SUMMERFIELD (FRANCIS & BARBARA VANLANGENDONCK) AGENT,,,,SPA SAINTS STABLE,,,,100000,,https://vimeo.com/853185145?share=copy,,,T,2022
2023,Y,23FTSAUG,8/14/2023,1,2,451,451,,,,,3/18/2022,1,B,C,,Y,,,NY,OMAHA BEACH,OMAHA BEACH,TEA FOR TWO,TEA FOR TWO,VALID EXPECTATIONS,VALID EXPECTATIONS,,,,,,,,GAINESWAY AGENT IV,,,,NOT SOLD,,,,150000,,https://vimeo.com/852308143/c16bfeb99a,,,T,2022
2023,Y,23FTSAUG,8/14/2023,1,2,452,452,,,,,2/23/2022,1,B,C,,Y,,,NY,GOLDENCENTS,GOLDENCENTS,TEATRO,TEATRO,TIZNOW,TIZNOW,,,,,,,,VINERY SALES AGENT XVI,,,,NOT SOLD,,,,37000,,https://vimeo.com/853554117?share=copy,,,T,2022
2023,Y,23FTSAUG,8/14/2023,1,2,453,453,,,,,4/26/2022,1,CH,C,,Y,,,NY,DIALED IN,DIALED IN,THAT'S OK,THAT'S OK,NOT FOR LOVE,NOT FOR LOVE,,,,,,,,BLAKE-ALBINA THOROUGHBRED SERVICES LLC AGENT I,,,,NOT SOLD,,,,75000,,https://vimeo.com/850945005,,,T,2022
2023,Y,23FTSAUG,8/14/2023,1,2,454,454,,,,,1/29/2022,1,DKB,C,,Y,,,NY,GHOSTZAPPER,GHOSTZAPPER,THE GREAT JOHANNA,THE GREAT JOHANNA,TEUFLESBERG,TEUFLESBERG,,,,,,,,MCMAHON OF SARATOGA THOROUGHBREDS LLC AGENT,,,,NOT SOLD,,,,92000,,,,,T,2022
2023,Y,23FTSAUG,8/14/2023,1,2,455,455,,,,,4/22/2022,1,DKB,C,,Y,,,NY,AUTHENTIC,AUTHENTIC,THIN DISGUISE,THIN DISGUISE,YES IT'S TRUE,YES IT'S TRUE,,,,,,,,DENALI STUD AGENT VIII,,,,HORSEOLOGY AGT FOR FRED ROSEN,,,,100000,,https://vimeo.com/847971460?share=copy,,,T,2022
2023,Y,23FTSAUG,8/14/2023,1,2,456,456,,,,,4/14/2022,1,CH,F,,Y,,,NY,LORD NELSON,LORD NELSON,TIME WARP,TIME WARP,CAIRO PRINCE,CAIRO PRINCE,,,,,,,,ELITE AGENT,,,,OUT,,,,0,,https://vimeo.com/852839975?share=copy,,,T,2022
2023,Y,23FTSAUG,8/14/2023,1,2,457,457,,,,,3/7/2022,1,GRR,F,,Y,,,NY,PRACTICAL JOKE,PRACTICAL JOKE,TIP TOP TAP,TIP TOP TAP,TAPIT,TAPIT,,,,,,,,HIDDEN LAKE FARM LLC AGENT,,,,OUT,,,,0,,https://vimeo.com/853874912?share=copy,,,T,2022
2023,Y,23FTSAUG,8/14/2023,1,2,458,458,,,,,3/18/2022,1,B,F,,Y,,,NY,MITOLE,MITOLE,TIZJET,TIZJET,TIZNOW,TIZNOW,,,,,,,,MCMAHON OF SARATOGA THOROUGHBREDS LLC AGENT,,,,GRASSROOTS TRN & SALES LLC,,,,25000,,,,,T,2022
2023,Y,23FTSAUG,8/14/2023,1,2,459,459,,,,,3/10/2022,1,GRR,F,,Y,,,NY,THE FACTOR,THE FACTOR,TIZ MY LOVE,TIZ MY LOVE,TIZ WONDERFUL,TIZ WONDERFUL,,,,,,,,VINERY SALES AGENT VII,,,,NOT SOLD,,,,25000,,,,,T,2022
2023,Y,23FTSAUG,8/14/2023,1,2,460,460,,,,,4/7/2022,1,B,F,,Y,,,NY,MUNNINGS,MUNNINGS,TIZSOMETHINGROYAL,TIZSOMETHINGROYAL,TIZWAY,TIZWAY,,,,,,,,DENALI STUD AGENT X,,,,STOCK THOROUGHBREDS,,,,130000,,https://vimeo.com/847972130?share=copy,,,T,2022
2023,Y,23FTSAUG,8/14/2023,1,2,461,461,,,,,4/17/2022,1,DKB,C,,Y,,,NY,OMAHA BEACH,OMAHA BEACH,TIZZELLE,TIZZELLE,TIZWAY,TIZWAY,,,,,,,,SONG HILL THOROUGHBREDS LLC AGENT,,,,OUT,,,,0,,,,,T,2022
2023,Y,23FTSAUG,8/14/2023,1,2,462,462,,,,,1/23/2022,1,CH,C,,Y,,,NY,MACLEAN'S MUSIC,MACLEAN'S MUSIC,TO A FRIEND,TO A FRIEND,SCAT DADDY,SCAT DADDY,,,,,,,,TAYLOR MADE SALES AGENCY AGENT XV,,,,WHISPER HILL FARM LLC,,,,230000,,https://vimeo.com/853134747,,,T,2022
2023,Y,23FTSAUG,8/14/2023,1,2,463,463,,,,,4/17/2022,1,DKB,F,,Y,,,NY,MUNNINGS,MUNNINGS,TO THE MOON ALICE,TO THE MOON ALICE,MALIBU MOON,MALIBU MOON,,,,,,,,DENALI STUD AGENT XIII,,,,PREFERRED EQUINE AGENT,,,,340000,,https://vimeo.com/853185092?share=copy,,,T,2022
2023,Y,23FTSAUG,8/14/2023,1,2,464,464,,,,,4/27/2022,1,CH,F,,Y,,,NY,TOM'S D'ETAT,TOM'S D'ETAT,TOUCH ME ONCE,TOUCH ME ONCE,TOUCH GOLD,TOUCH GOLD,,,,,,,,GAINESWAY AGENT IV,,,,LEGION BLOODSTOCK,,,,120000,,https://vimeo.com/852308234/7c4e439e6c,,,T,2022
2023,Y,23FTSAUG,8/14/2023,1,2,465,465,,,,,4/8/2022,1,B,C,,Y,,,NY,GOLDENCENTS,GOLDENCENTS,TOWN FAIR,TOWN FAIR,SPEIGHTSTOWN,SPEIGHTSTOWN,,,,,,,,TURNING POINT BLOODSTOCK AGENT,,,,CEDAR HILL GROUP,,,,40000,,https://vimeo.com/851780928,,,T,2022
2023,Y,23FTSAUG,8/14/2023,1,2,466,466,,,,,3/27/2022,1,B,C,,Y,,,NY,HONOR A. P.,HONOR A. P.,TRADE AGREEMENT,TRADE AGREEMENT,WILL TAKE CHARGE,WILL TAKE CHARGE,,,,,,,,STRAIGHT LINE EQUINE SALES AGENT,,,,OUT,,,,0,,,,,T,2022
2023,Y,23FTSAUG,8/14/2023,1,2,467,467,,,,,5/8/2022,1,DKB,C,,Y,,,NY,AMERICAN PHAROAH,AMERICAN PHAROAH,TREBLE,TREBLE,MACHO UNO,MACHO UNO,,,,,,,,SUMMERFIELD (FRANCIS & BARBARA VANLANGENDONCK) AGENT,,,,TRADE WINDS FARM,,,,195000,,https://vimeo.com/853185043?share=copy,,,T,2022
2023,Y,23FTSAUG,8/14/2023,1,2,468,468,,,,,2/7/2022,1,DKB,C,,Y,,,NY,VIOLENCE,VIOLENCE,TRUE HISTORY,TRUE HISTORY,YES IT'S TRUE,YES IT'S TRUE,,,,,,,,SEQUEL NY AGENT V,,,,KLARAVICH STABLES,,,,280000,,https://vimeo.com/852845019,,,T,2022
2023,Y,23FTSAUG,8/14/2023,1,2,469,469,,,,,4/7/2022,1,CH,C,,Y,,,NY,DIALED IN,DIALED IN,TULIPMANIA,TULIPMANIA,EMPIRE MAKER,EMPIRE MAKER,,,,,,,,DENALI STUD AGENT FOR GALLAGHER'S STUD,,,,NOT SOLD,,,,170000,,https://vimeo.com/853557743?share=copy,,,T,2022
2023,Y,23FTSAUG,8/14/2023,1,2,470,470,,,,,3/23/2022,1,B,C,,Y,,,NY,VINO ROSSO,VINO ROSSO,TURN AND BERN,TURN AND BERN,BERNARDINI,BERNARDINI,,,,,,,,SEQUEL NY AGENT FOR CHESTER & MARY BROMAN,,,,BLUE ROSE FARM,,,,50000,,https://vimeo.com/852845309,,,T,2022
2023,Y,23FTSAUG,8/14/2023,1,2,471,471,,,,,2/10/2022,1,CH,C,,Y,,,NY,UNION RAGS,UNION RAGS,TUSCANA,TUSCANA,PLEASANT TAP,PLEASANT TAP,,,,,,,,SONG HILL THOROUGHBREDS LLC AGENT,,,,OUT,,,,0,,,,,T,2022
2023,Y,23FTSAUG,8/14/2023,1,2,472,472,,,,,4/9/2022,1,CH,C,,Y,,,NY,KANTHAROS,KANTHAROS,TWEET STREET,TWEET STREET,QUALITY ROAD,QUALITY ROAD,,,,,,,,SUMMERFIELD (FRANCIS & BARBARA VANLANGENDONCK) AGENT FOR TWIN FARMS,,,,WINDYLEA FARM LLC,,,,40000,,https://vimeo.com/853184967?share=copy,,,T,2022
2023,Y,23FTSAUG,8/14/2023,1,2,473,473,,,,,2/16/2022,1,B,F,,Y,,,NY,BERNARDINI,BERNARDINI,TWIXT AND SHOUT,TWIXT AND SHOUT,DISCREET CAT,DISCREET CAT,,,,,,,,DENALI STUD AGENT I,,,,TAPROOT FOR CAREM STABLES,,,,220000,,https://vimeo.com/847972902?share=copy,,,T,2022
2023,Y,23FTSAUG,8/14/2023,1,2,474,474,,,,,2/7/2022,1,DKB,C,,Y,,,NY,TAKE CHARGE INDY,TAKE CHARGE INDY,TWO FOOT UP,TWO FOOT UP,COPELAN TOO,COPELAN TOO,,,,,,,,MARSHALL W. SILVERMAN AGENT,,,,WENDY M KOMLO,,,,15000,,https://vimeo.com/853731615?share=copy,,,T,2022
2023,Y,23FTSAUG,8/14/2023,1,2,475,475,,,,,5/6/2022,1,CH,C,,Y,,,NY,MACLEAN'S MUSIC,MACLEAN'S MUSIC,ULTIMATE SHOPPER,ULTIMATE SHOPPER,YES IT'S TRUE,YES IT'S TRUE,,,,,,,,PARAMOUNT SALES AGENT V,,,,OUT,,,,0,,,,,T,2022
2023,Y,23FTSAUG,8/14/2023,1,2,476,476,,,,,3/13/2022,1,B,C,,Y,,,NY,UPSTART,UPSTART,UNGH,UNGH,FLASHBACK,FLASHBACK,,,,,,,,DENALI STUD AGENT IV,,,,NOT SOLD,,,,19000,,https://vimeo.com/853557987?share=copy,,,T,2022
2023,Y,23FTSAUG,8/14/2023,1,2,477,477,,,,,2/13/2022,1,B,C,,Y,,,NY,KANTHAROS,KANTHAROS,UNLIMITED RESOURCE,UNLIMITED RESOURCE,BROKEN VOW,BROKEN VOW,,,,,,,,TAYLOR MADE SALES AGENCY AGENT XV,,,,C. CLEMENT,,,,75000,,https://vimeo.com/853135000,,,T,2022
2023,Y,23FTSAUG,8/14/2023,1,2,478,478,,,,,4/7/2022,1,B,C,,Y,,,NY,HIGHER POWER,HIGHER POWER,UNREAL BABY,UNREAL BABY,FLATTER,FLATTER,,,,,,,,VINERY SALES AGENT VII,,,,FMQ STABLES,,,,30000,,,,,T,2022
2023,Y,23FTSAUG,8/14/2023,1,2,479,479,,,,,2/1/2022,1,B,C,,Y,,,NY,BERNARDINI,BERNARDINI,UPLIFTED,UPLIFTED,MEDAGLIA D'ORO,MEDAGLIA D'ORO,,,,,,,,DENALI STUD AGENT XIII,,,,NOT SOLD,,,,19000,,https://vimeo.com/853184927?share=copy,,,T,2022
2023,Y,23FTSAUG,8/14/2023,1,2,480,480,,,,,4/14/2022,1,B,C,,Y,,,NY,MACLEAN'S MUSIC,MACLEAN'S MUSIC,U. S. S. O'BRIEN,U. S. S. O'BRIEN,EMPIRE MAKER,EMPIRE MAKER,,,,,,,,VINERY SALES AGENT XVII,,,,NOT SOLD,,,,28000,,,,,T,2022
2023,Y,23FTSAUG,8/14/2023,1,2,481,481,,,,,5/1/2022,1,B,C,,Y,,,NY,THOUSAND WORDS,THOUSAND WORDS,VANTER,VANTER,FLATTER,FLATTER,,,,,,,,VINERY SALES AGENT XV,,,,TOM MCCROCKLIN AGENT,,,,75000,,,,,T,2022
2023,Y,23FTSAUG,8/14/2023,1,2,482,482,,,,,4/27/2022,1,DKB,F,,Y,,,NY,INSTAGRAND,INSTAGRAND,VISION IN RED,VISION IN RED,MR. GREELEY,MR. GREELEY,,,,,,,,SUMMERFIELD (FRANCIS & BARBARA VANLANGENDONCK) AGENT,,,,NOT SOLD,,,,5000,,https://vimeo.com/853552305?share=copy,,,T,2022
2023,Y,23FTSAUG,8/14/2023,1,2,483,483,,,,,3/27/2022,1,B,C,,Y,,,NY,SOLOMINI,SOLOMINI,VIVACITAS,VIVACITAS,BERNARDINI,BERNARDINI,,,,,,,,MCMAHON OF SARATOGA THOROUGHBREDS LLC AGENT,,,,OUT,,,,0,,,,,T,2022
2023,Y,23FTSAUG,8/14/2023,1,2,484,484,,,,,1/20/2022,1,B,F,,Y,,,NY,MO TOWN,MO TOWN,VORTEX ROAD,VORTEX ROAD,QUALITY ROAD,QUALITY ROAD,,,,,,,,GAINESWAY AGENT VI,,,,OUT,,,,0,,,,,T,2022
2023,Y,23FTSAUG,8/14/2023,1,2,485,485,,,,,5/8/2022,1,B,C,,Y,,,NY,VEKOMA,VEKOMA,WABANAKI,WABANAKI,INDIAN CHARLIE,INDIAN CHARLIE,,,,,,,,TAYLOR MADE SALES AGENCY AGENT LXIII,,,,NOT SOLD,,,,90000,,https://youtu.be/b1izVxeGuec,,,T,2022
2023,Y,23FTSAUG,8/14/2023,1,2,486,486,,,,,2/10/2022,1,DKB,C,,Y,,,NY,MACLEAN'S MUSIC,MACLEAN'S MUSIC,WATER OF LIFE,WATER OF LIFE,HENNESSY,HENNESSY,,,,,,,,TAYLOR MADE SALES AGENCY AGENT XXIII,,,,LEGION BLOODSTOCK AGENT FOR JCE RACING,,,,195000,,https://youtu.be/mpSbJwhYpC8,,,T,2022
2023,Y,23FTSAUG,8/14/2023,1,2,487,487,,,,,3/9/2022,1,DKB,F,,Y,,,NY,IMPROBABLE,IMPROBABLE,WATLING,WATLING,STREET BOSS,STREET BOSS,,,,,,,,TURNING POINT BLOODSTOCK AGENT,,,,OUT,,,,0,,https://vimeo.com/852019722?share=copy,,,T,2022
2023,Y,23FTSAUG,8/14/2023,1,2,488,488,,,,,5/1/2022,1,B,C,,Y,,,NY,GOLDENCENTS,GOLDENCENTS,WAVE OF GLORY,WAVE OF GLORY,MIDSHIPMAN,MIDSHIPMAN,,,,,,,,GAINESWAY AGENT IV,,,,DIL STABLES,,,,80000,,https://vimeo.com/853488840,,,T,2022
2023,Y,23FTSAUG,8/14/2023,1,2,489,489,,,,,2/16/2022,1,B,F,,Y,,,NY,CLASSIC EMPIRE,CLASSIC EMPIRE,WEST COAST GIRL,WEST COAST GIRL,MEDAGLIA D'ORO,MEDAGLIA D'ORO,,,,,,,,HIDDEN LAKE FARM LLC AGENT,,,,NOT SOLD,,,,30000,,https://vimeo.com/853875138?share=copy,,,T,2022
2023,Y,23FTSAUG,8/14/2023,1,2,490,490,,,,,4/3/2022,1,DKB,F,,Y,,,NY,HONEST MISCHIEF,HONEST MISCHIEF,WILDCAT BELLE,WILDCAT BELLE,INTIDAB,INTIDAB,,,,,,,,GAINESWAY AGENT VII,,,,NOT SOLD,,,,34000,,https://www.youtube.com/watch?v=GnsZsFSD1Aw,,,T,2022
2023,Y,23FTSAUG,8/14/2023,1,2,491,491,,,,,2/16/2022,1,CH,C,,Y,,,NY,OMAHA BEACH,OMAHA BEACH,WINTRILY,WINTRILY,CARPE DIEM,CARPE DIEM,,,,,,,,SEQUEL NY AGENT II,,,,HRH PRINCE SAUD BIN SALMAN,,,,110000,,https://vimeo.com/852844733,,,T,2022
2023,Y,23FTSAUG,8/14/2023,1,2,492,492,,,,,2/13/2022,1,B,F,,Y,,,NY,UNION RAGS,UNION RAGS,WITH MISCHIEF,WITH MISCHIEF,INTO MISCHIEF,INTO MISCHIEF,,,,,,,,TAYLOR MADE SALES AGENCY AGENT VI,,,,BRONCO BLOODSTOCK,,,,52000,,https://youtu.be/Mai_sHbvK8g,,,T,2022
2023,Y,23FTSAUG,8/14/2023,1,2,493,493,,,,,4/9/2022,1,DKB,F,,Y,,,NY,CENTRAL BANKER,CENTRAL BANKER,YOUMAKEMEBLUSH,YOUMAKEMEBLUSH,VIOLENCE,VIOLENCE,,,,,,,,MCMAHON OF SARATOGA THOROUGHBREDS LLC AGENT,,,,SACKATOGA STABLE LLC,,,,50000,,,,,T,2022
2023,Y,23FTSAUG,8/14/2023,1,2,494,494,,,,,3/31/2022,1,DKB,C,,Y,,,NY,VINO ROSSO,VINO ROSSO,ABOVE FASHION,ABOVE FASHION,PADDY O'PRADO,PADDY O'PRADO,,,,,,,,FOUR STAR SALES AGENT,,,,MICHAEL MAKER,,,,125000,,https://vimeo.com/852124694?share=copy,,,T,2022
2023,Y,23FTSAUG,8/14/2023,1,2,495,495,,,,,3/22/2022,1,CH,C,,Y,,,NY,TIZ THE LAW,TIZ THE LAW,ADRIATIC DREAM,ADRIATIC DREAM,WILD DESERT,WILD DESERT,,,,,,,,MCMAHON OF SARATOGA THOROUGHBREDS LLC AGENT,,,,NOVA THOROUGHBRED,,,,50000,,,,,T,2022
2023,Y,23FTSAUG,8/14/2023,1,2,496,496,,,,,2/13/2022,1,DKB,C,,Y,,,NY,MO TOWN,MO TOWN,ALANA'S ALLURE,ALANA'S ALLURE,SHACKLEFORD,SHACKLEFORD,,,,,,,,TAYLOR MADE SALES AGENCY AGENT LXII,,,,JOE HARDOON AGENT FOR PAUL BRAVERMAN,,,,100000,,https://youtu.be/GfFg1i6On6s,,,T,2022
2023,Y,23FTSAUG,8/14/2023,1,2,497,497,,,,,5/19/2022,1,DKB,F,,Y,,,NY,SPEIGHTSTOWN,SPEIGHTSTOWN,ALPINE SKY,ALPINE SKY,INDIAN CHARLIE,INDIAN CHARLIE,,,,,,,,DENALI STUD AGENT XIII,,,,SCANLON TRAINING & SALES,,,,92000,,https://vimeo.com/853381827?share=copy,,,T,2022
2023,Y,23FTSAUG,8/14/2023,1,2,498,498,,,,,2/22/2022,1,DKB,C,,Y,,,NY,HONEST MISCHIEF,HONEST MISCHIEF,ALWAYS AND FOREVER,ALWAYS AND FOREVER,BROKEN VOW,BROKEN VOW,,,,,,,,STRAIGHT LINE EQUINE SALES AGENT,,,,BROOKE BUFFKIN/2B EQUINE LLC,,,,18000,,https://vimeo.com/853957382,,,T,2022
2023,Y,23FTSAUG,8/14/2023,1,2,499,499,,,,,4/21/2022,1,DKB,F,,Y,,,NY,MIDSHIPMAN,MIDSHIPMAN,ALWAYS WATCHING,ALWAYS WATCHING,INTO MISCHIEF,INTO MISCHIEF,,,,,,,,TAYLOR MADE SALES AGENCY AGENT XLIII,,,,OUT,,,,0,,,,,T,2022
2023,Y,23FTSAUG,8/14/2023,1,2,500,500,,,,,4/3/2022,1,DKB,F,,Y,,,NY,CONNECT,CONNECT,AMAZING ZERO,AMAZING ZERO,MAGICIAN (IRE),MAGICIAN (IRE),,,,,,,,STRAIGHT LINE EQUINE SALES AGENT,,,,DICKE RACING J.STEVENS AGT,,,,55000,,https://youtu.be/o7vDrsPH6vw,,,T,2022
2023,Y,23FTSAUG,8/14/2023,1,2,501,501,,,,,4/3/2022,1,CH,F,,Y,,,NY,KITTEN'S JOY,KITTEN'S JOY,ANDRASTE,ANDRASTE,PULPIT,PULPIT,,,,,,,,WINTER QUARTER FARM AGENT,,,,OUT,,,,0,,,,,T,2022
2023,Y,23FTSAUG,8/14/2023,1,2,502,502,,,,,5/3/2022,1,CH,F,,Y,,,NY,TIZ THE LAW,TIZ THE LAW,ANIMAL APPEAL,ANIMAL APPEAL,LEROIDESANIMAUX (BRZ),LEROIDESANIMAUX (BRZ),,,,,,,,TAYLOR MADE SALES AGENCY AGENT CIV,,,,BELLA RACING,,,,30000,,https://vimeo.com/852158400,,,T,2022
2023,Y,23FTSAUG,8/14/2023,1,2,503,503,,,,,4/19/2022,1,GRR,C,,Y,,,NY,FROSTED,FROSTED,ANJORIE,ANJORIE,A. P JET,A. P JET,,,,,,,,HUNTER VALLEY FARM AGENT,,,,TRIPLE SSS EQUINE,,,,35000,,https://vimeo.com/850502965?share=copy,,,T,2022
2023,Y,23FTSAUG,8/14/2023,1,2,504,504,,,,,2/6/2022,1,B,F,,Y,,,NY,WAR OF WILL,WAR OF WILL,ANNIE GO LIGHTLY,ANNIE GO LIGHTLY,TAKE CHARGE INDY,TAKE CHARGE INDY,,,,,,,,SEQUEL NY AGENT I,,,,TOM MORLEY AGENT,,,,130000,,,,,T,2022
2023,Y,23FTSAUG,8/14/2023,1,2,505,505,,,,,4/11/2022,1,DKB,F,,Y,,,NY,GOOD MAGIC,GOOD MAGIC,ANNIE WALKER,ANNIE WALKER,WAR CHANT,WAR CHANT,,,,,,,,LEGACY BLOODSTOCK AGENT,,,,LUGAMO RACING STABLE,,,,100000,,https://vimeo.com/852975998?share=copy,,,T,2022
2023,Y,23FTSAUG,8/14/2023,1,2,506,506,,,,,4/29/2022,1,GRR,C,,Y,,,NY,HONEST MISCHIEF,HONEST MISCHIEF,ANOTHER WORLD,ANOTHER WORLD,MARIA'S MON,MARIA'S MON,,,,,,,,ST GEORGE SALES AGENT I,,,,THOMAS J GALLO AGT FOR DREAM MAKER RACING,,,,135000,,https://vimeo.com/848781566?share=copy,,,T,2022
2023,Y,23FTSAUG,8/14/2023,1,2,507,507,,,,,3/10/2022,1,B,F,,Y,,,NY,COMPLEXITY,COMPLEXITY,ANYTHING GOES,ANYTHING GOES,SPEIGHTSTOWN,SPEIGHTSTOWN,,,,,,,,INDIAN CREEK AGENT,,,,TOP HAT LLC,,,,48000,,https://vimeo.com/852489441?share=copy,,,T,2022
2023,Y,23FTSAUG,8/14/2023,1,2,508,508,,,,,3/24/2022,1,B,F,,Y,,,NY,HONEST MISCHIEF,HONEST MISCHIEF,ARELLA PRINCESS,ARELLA PRINCESS,LIMEHOUSE,LIMEHOUSE,,,,,,,,DENALI STUD AGENT XI,,,,EDDIE WOODS AGENT,,,,50000,,https://vimeo.com/852433439,,,T,2022
2023,Y,23FTSAUG,8/14/2023,1,2,509,509,,,,,3/17/2022,1,B,C,,Y,,,NY,BOLT D'ORO,BOLT D'ORO,AS I PLEASE,AS I PLEASE,MAJESTIC WARRIOR,MAJESTIC WARRIOR,,,,,,,,TURNING POINT BLOODSTOCK AGENT,,,,JANICE CARLISLE,,,,160000,,https://vimeo.com/852020120?share=copy,,,T,2022
2023,Y,23FTSAUG,8/14/2023,1,2,510,510,,,,,5/8/2022,1,B,C,,Y,,,NY,KANTHAROS,KANTHAROS,ASSURED,ASSURED,EMPIRE MAKER,EMPIRE MAKER,,,,,,,,HIDDEN LAKE FARM LLC AGENT,,,,GINA FENNELL,,,,60000,,https://vimeo.com/853875082?share=copy,,,T,2022
2023,Y,23FTSAUG,8/14/2023,1,2,511,511,,,,,2/18/2022,1,B,F,,Y,,,NY,MAXIMUS MISCHIEF,MAXIMUS MISCHIEF,AT FIRST SPEIGHT,AT FIRST SPEIGHT,SPEIGHTSTOWN,SPEIGHTSTOWN,,,,,,,,TURNING POINT BLOODSTOCK AGENT,,,,NOT SOLD,,,,17000,,https://vimeo.com/852020463?share=copy,,,T,2022
2023,Y,23FTSAUG,8/14/2023,1,2,512,512,,,,,5/5/2022,1,DKB,F,,Y,,,NY,TONALIST,TONALIST,AUNTIE'S THE ONE,AUNTIE'S THE ONE,EXCHANGE RATE,EXCHANGE RATE,,,,,,,,NARDELLI SALES AGENT,,,,JOSEPH BUCCI,,,,40000,,https://vimeo.com/853077171?share=copy,,,T,2022
2023,Y,23FTSAUG,8/14/2023,1,2,513,513,,,,,3/16/2022,1,CH,F,,Y,,,NY,MITOLE,MITOLE,AWESOME CLASS,AWESOME CLASS,AWESOME AGAIN,AWESOME AGAIN,,,,,,,,HIDDEN LAKE FARM LLC AGENT,,,,SOUTH FLORIDA,,,,37000,,https://vimeo.com/853875029?share=copy,,,T,2022
2023,Y,23FTSAUG,8/14/2023,1,2,514,514,,,,,3/6/2022,1,B,F,,Y,,,NY,CATHOLIC BOY,CATHOLIC BOY,BAJAN BEACH,BAJAN BEACH,SPEIGHTSTOWN,SPEIGHTSTOWN,,,,,,,,HUNTER VALLEY FARM AGENT,,,,LEADING EDGE BLDST. SERVICES,,,,35000,,https://vimeo.com/852840299?share=copy,,,T,2022
2023,Y,23FTSAUG,8/14/2023,1,2,515,515,,,,,5/2/2022,1,DKB,C,,Y,,,NY,FREUD,FREUD,BALABUSTA,BALABUSTA,TWIRLING CANDY,TWIRLING CANDY,,,,,,,,PARAMOUNT SALES AGENT XVI,,,,CALUMET FARM,,,,40000,,https://vimeo.com/852158356?share=copy,,,T,2022
2023,Y,23FTSAUG,8/14/2023,1,2,516,516,,,,,3/5/2022,1,B,C,,Y,,,NY,HONEST MISCHIEF,HONEST MISCHIEF,BARBIE ON A BUDGET,BARBIE ON A BUDGET,MINESHAFT,MINESHAFT,,,,,,,,SEQUEL NY AGENT FOR CHESTER & MARY BROMAN,,,,DEUCE GREATHOUSEPURA VIDA 23,,,,100000,,https://vimeo.com/852845782,,,T,2022
2023,Y,23FTSAUG,8/14/2023,1,2,517,517,,,,,2/10/2022,1,B,F,,Y,,,NY,MO TOWN,MO TOWN,BARREL OF JOY,BARREL OF JOY,DISCO RICO,DISCO RICO,,,,,,,,MCMAHON OF SARATOGA THOROUGHBREDS LLC AGENT,,,,NOT SOLD,,,,32000,,,,,T,2022
2023,Y,23FTSAUG,8/14/2023,1,2,518,518,,,,,2/14/2022,1,DKB,F,,Y,,,NY,GLOBAL CAMPAIGN,GLOBAL CAMPAIGN,BEAUTIFUL ILLUSION,BEAUTIFUL ILLUSION,GHOSTZAPPER,GHOSTZAPPER,,,,,,,,TAYLOR MADE SALES AGENCY AGENT VI,,,,RONALD STEWART,,,,50000,,https://youtu.be/benKV214FWc,,,T,2022
2023,Y,23FTSAUG,8/14/2023,1,2,519,519,,,,,2/18/2022,1,DKB,F,,Y,,,NY,LEOFRIC,LEOFRIC,BEAUTIFUL PEAR,BEAUTIFUL PEAR,STRATEGIC MISSION,STRATEGIC MISSION,,,,,,,,VINERY SALES AGENT XIV,,,,PREPS TO THE PROS RACING STABLES LLC,,,,25000,,,,Y,T,2022
2023,Y,23FTSAUG,8/14/2023,1,2,520,520,,,,,4/22/2022,1,DKB,F,,Y,,,NY,LOOKIN AT LUCKY,LOOKIN AT LUCKY,BEDSIDE POSSE,BEDSIDE POSSE,POSSE,POSSE,,,,,,,,HUNTER VALLEY FARM AGENT,,,,RONALD STEWART,,,,100000,,https://vimeo.com/850503093?share=copy,,,T,2022
2023,Y,23FTSAUG,8/14/2023,1,2,521,521,,,,,3/6/2022,1,B,F,,Y,,,NY,SPUN TO RUN,SPUN TO RUN,A CUT AHEAD,A CUT AHEAD,TIZ WONDERFUL,TIZ WONDERFUL,,,,,,,,GAINESWAY AGENT X,,,,NOT SOLD,,,,77000,,https://vimeo.com/852846229,,,T,2022
2023,Y,23FTSAUG,8/14/2023,1,2,522,522,,,,,2/11/2022,1,DKB,C,,Y,,,NY,NAME CHANGER,NAME CHANGER,BEHRNIK,BEHRNIK,CHIMES BAND,CHIMES BAND,,,,,,,,TURNING POINT BLOODSTOCK AGENT,,,,OUT,,,,0,,,,,T,2022
2023,Y,23FTSAUG,8/14/2023,1,2,523,523,,,,,4/14/2022,1,GRR,F,,Y,,,NY,VOLATILE,VOLATILE,BELLENEEDSNOSAVING,BELLENEEDSNOSAVING,SUPER SAVER,SUPER SAVER,,,,,,,,SARATOGA GLEN FARM LLC AGENT,,,,BIG D STABLE,,,,50000,,,,,T,2022
2023,Y,23FTSAUG,8/14/2023,1,2,524,524,,,,,4/15/2022,1,CH,F,,Y,,,NY,SOLOMINI,SOLOMINI,BENE PISTA,BENE PISTA,BERNARDINI,BERNARDINI,,,,,,,,VINERY SALES AGENT VI,,,,WILLIAM J PUNK JR,,,,100000,,,,,T,2022
2023,Y,23FTSAUG,8/14/2023,1,2,525,525,,,,,1/17/2022,1,GRR,F,,Y,,,NY,LEOFRIC,LEOFRIC,BERTRANDA,BERTRANDA,BOYS AT TOSCONOVA,BOYS AT TOSCONOVA,,,,,,,,TAYLOR MADE SALES AGENCY AGENT XCVIII,,,,MAHONEY EDEN MANOR,,,,30000,,https://youtu.be/yR8ng7Fni28,,,T,2022
2023,Y,23FTSAUG,8/14/2023,1,2,526,526,,,,,3/13/2022,1,DKB,C,,Y,,,NY,TOM'S D'ETAT,TOM'S D'ETAT,BET ON A CHICK,BET ON A CHICK,ALPHABET SOUP,ALPHABET SOUP,,,,,,,,VINERY SALES AGENT FOR WINDHORSE THOROUGHBREDS LLC,,,,NOT SOLD,,,,52000,,https://vimeo.com/853119061?share=copy,,,T,2022
2023,Y,23FTSAUG,8/14/2023,1,2,527,527,,,,,3/19/2022,1,CH,C,,Y,,,NY,STREET BOSS,STREET BOSS,BIG BENNYS TRIBUTE,BIG BENNYS TRIBUTE,CURLIN,CURLIN,,,,,,,,TURNING POINT BLOODSTOCK AGENT,,,,BRONCO BLOODSTOCK,,,,55000,,,,,T,2022
2023,Y,23FTSAUG,8/14/2023,1,2,528,528,,,,,5/6/2022,1,DKB,F,,Y,,,NY,VINO ROSSO,VINO ROSSO,BIG THRILL,BIG THRILL,BIG DRAMA,BIG DRAMA,,,,,,,,FORT CHRISTOPHER'S THOROUGHBREDS LLC AGENT,,,,LIZA HENDRIKS BLOODSTOCK,,,,62000,,,,,T,2022
2023,Y,23FTSAUG,8/14/2023,1,2,529,529,,,,,3/30/2022,1,CH,C,,Y,,,NY,AUDIBLE,AUDIBLE,BITTERROOT,BITTERROOT,NOT FOR LOVE,NOT FOR LOVE,,,,,,,,SUMMERFIELD (FRANCIS & BARBARA VANLANGENDONCK) AGENT,,,,NOT SOLD,,,,29000,,https://vimeo.com/853552634?share=copy,,,T,2022
2023,Y,23FTSAUG,8/14/2023,1,2,530,530,,,,,5/22/2022,1,B,C,,Y,,,NY,MCKINZIE,MCKINZIE,BLANK SLATE,BLANK SLATE,GIO PONTI,GIO PONTI,,,,,,,,GAINESWAY AGENT I,,,,RT RACING & CYPRESS CREEK,,,,210000,,https://vimeo.com/852308811/66f195b0ac,,,T,2022
2023,Y,23FTSAUG,8/14/2023,1,2,531,531,,,,,4/24/2022,1,B,F,,Y,,,NY,KING FOR A DAY,KING FOR A DAY,BLUE CLARET,BLUE CLARET,BLUEGRASS CAT,BLUEGRASS CAT,,,,,,,,BALLYSAX BLOODSTOCK AGENT VIII,,,,RICEHORSE,,,,5000,,https://vimeo.com/851379492?share=copy,,,T,2022
2023,Y,23FTSAUG,8/14/2023,1,2,532,532,,,,,4/13/2022,1,B,F,,Y,,,NY,KING FOR A DAY,KING FOR A DAY,BLUE GRASS MARY,BLUE GRASS MARY,BLUEGRASS CAT,BLUEGRASS CAT,,,,,,,,TURNING POINT BLOODSTOCK AGENT,,,,RUDY RODRIGUEZ,,,,25000,,,,,T,2022
2023,Y,23FTSAUG,8/14/2023,1,2,533,533,,,,,3/7/2022,1,DKB,C,,Y,,,NY,HONEST MISCHIEF,HONEST MISCHIEF,BLUE HEN MADNESS,BLUE HEN MADNESS,ANY GIVEN SATURDAY,ANY GIVEN SATURDAY,,,,,,,,SEQUEL NY AGENT VII,,,,OUT,,,,0,,,,,T,2022
2023,Y,23FTSAUG,8/14/2023,1,2,534,534,,,,,3/18/2022,1,B,C,,Y,,,NY,CITY OF LIGHT,CITY OF LIGHT,BODEE BEAUTIFUL,BODEE BEAUTIFUL,BODEMEISTER,BODEMEISTER,,,,,,,,TAYLOR MADE SALES AGENCY AGENT XV,,,,NOT SOLD,,,,90000,,https://vimeo.com/853135252,,,T,2022
2023,Y,23FTSAUG,8/14/2023,1,2,535,535,,,,,5/28/2022,1,B,C,,Y,,,NY,VIOLENCE,VIOLENCE,BOOM BOOM VROOM,BOOM BOOM VROOM,ZENSATIONAL,ZENSATIONAL,,,,,,,,PREFERRED EQUINE AGENT,,,,NOT SOLD,,,,45000,,https://vimeo.com/853557342?share=copy,,,T,2022
2023,Y,23FTSAUG,8/14/2023,1,2,536,536,,,,,2/24/2022,1,DKB,C,,Y,,,NY,TIZ THE LAW,TIZ THE LAW,BOURBON ENDOWMENT,BOURBON ENDOWMENT,SKY MESA,SKY MESA,,,,,,,,HIDDEN BROOK AGENT,,,,SACKATOGA STABLE LLC,,,,60000,,https://www.youtube.com/watch?v=d3bAkGqpJtw,,,T,2022
2023,Y,23FTSAUG,8/14/2023,1,2,537,537,,,,,3/20/2022,1,DKB,F,,Y,,,NY,NYQUIST,NYQUIST,BRAND NEW GAME,BRAND NEW GAME,FIRST SAMURAI,FIRST SAMURAI,,,,,,,,C & S THOROUGHBREDS AGENT,,,,LEGION BLOODSTOCK AGENT FOR FILLY SPECIAL,,,,210000,,,,,T,2022
2023,Y,23FTSAUG,8/14/2023,1,2,538,538,,,,,3/22/2022,1,DKB,C,,Y,,,NY,MORE THAN READY,MORE THAN READY,BREEZY GAL,BREEZY GAL,THE FACTOR,THE FACTOR,,,,,,,,ELITE AGENT,,,,OUT,,,,0,,,,,T,2022
2023,Y,23FTSAUG,8/14/2023,1,2,539,539,,,,,4/1/2022,1,GRR,C,,Y,,,NY,VOLATILE,VOLATILE,BRISTOL'S BROOKE,BRISTOL'S BROOKE,SPEIGHTSTOWN,SPEIGHTSTOWN,,,,,,,,PARAMOUNT SALES AGENT I,,,,HABLAN LOS CABALLOS LLC,,,,27000,,https://vimeo.com/853531804?share=copy,,,T,2022
2023,Y,23FTSAUG,8/14/2023,1,2,540,540,,,,,3/6/2022,1,B,F,,Y,,,NY,LAOBAN,LAOBAN,BUNDLE UP,BUNDLE UP,FROSTED,FROSTED,,,,,,,,BLUEWATER SALES LLC AGENT X,,,,NOT SOLD,,,,17000,,https://vimeo.com/850388765?share=copy,,,T,2022
2023,Y,23FTSAUG,8/14/2023,1,2,541,541,,,,,5/15/2022,1,B,F,,Y,,,NY,HONEST MISCHIEF,HONEST MISCHIEF,BUSTINATTHESEAMS,BUSTINATTHESEAMS,BUSTIN STONES,BUSTIN STONES,,,,,,,,EATON SALES AGENT,,,,FINAL FURLONG RACING RICEHORSE AGENT,,,,57000,,https://vimeo.com/853558226?share=copy,,,T,2022
2023,Y,23FTSAUG,8/14/2023,1,2,542,542,,,,,2/21/2022,1,DKB,C,,Y,,,NY,AUTHENTIC,AUTHENTIC,CABALES,CABALES,PULPIT,PULPIT,,,,,,,,THORNDALE FARM AGENT,,,,CALUMET FARM,,,,140000,,,,,T,2022
2023,Y,23FTSAUG,8/14/2023,1,2,543,543,,,,,4/24/2022,1,DKB,C,,Y,,,NY,LAOBAN,LAOBAN,CANADIAN RIVER,CANADIAN RIVER,SMART STRIKE,SMART STRIKE,,,,,,,,TAYLOR MADE SALES AGENCY AGENT FOR WALDORF FARM,,,,WEST POINT L.E.B. AGENT,,,,150000,,https://youtu.be/Q6lkkKEla_c,,,T,2022
2023,Y,23FTSAUG,8/14/2023,1,2,544,544,,,,,4/5/2022,1,GRR,C,,Y,,,NY,LIAM'S MAP,LIAM'S MAP,CANARYINACAGE,CANARYINACAGE,MINESHAFT,MINESHAFT,,,,,,,,SUMMERFIELD (FRANCIS & BARBARA VANLANGENDONCK) AGENT,,,,NOT SOLD,,,,37000,,https://vimeo.com/853184879?share=copy,,,T,2022
2023,Y,23FTSAUG,8/14/2023,1,2,545,545,,,,,5/10/2022,1,GRR,F,,Y,,,NY,DISCO PARTNER,DISCO PARTNER,CAPE COD CAROL,CAPE COD CAROL,ROCKPORT HARBOR,ROCKPORT HARBOR,,,,,,,,BALLYSAX BLOODSTOCK AGENT VI,,,,C.F.E. STABLES,,,,80000,,https://vimeo.com/851379418?share=copy,,,T,2022
2023,Y,23FTSAUG,8/14/2023,1,2,546,546,,,,,3/7/2022,1,CH,C,,Y,,,NY,MITOLE,MITOLE,CATALINA ISLAND,CATALINA ISLAND,BELONG TO ME,BELONG TO ME,,,,,,,,MCMAHON OF SARATOGA THOROUGHBREDS LLC AGENT,,,,CEDAR MEADOW,,,,40000,,,,,T,2022
2023,Y,23FTSAUG,8/14/2023,1,2,547,547,,,,,4/5/2022,1,B,F,,Y,,,NY,HONEST MISCHIEF,HONEST MISCHIEF,CATCHA RISING STAR,CATCHA RISING STAR,RED GIANT,RED GIANT,,,,,,,,THORNDALE FARM AGENT,,,,THE ELKSTONE GROUP LLC,,,,35000,,,,,T,2022
2023,Y,23FTSAUG,8/14/2023,1,2,548,548,,,,,4/6/2022,1,B,C,,Y,,,NY,OMAHA BEACH,OMAHA BEACH,CAVANAUGH PARK (IRE),CAVANAUGH PARK (IRE),GALILEO (IRE),GALILEO (IRE),,,,,,,,LEGACY BLOODSTOCK AGENT II,,,,OUT,,,,0,,HTTPS://VIMEO.COM/853761365?SHARE=COPY (HTTPS://VIMEO.COM/853761365?SHARE=COPY),,,T,2022
2023,Y,23FTSAUG,8/14/2023,1,2,549,549,,,,,2/20/2022,1,B,C,,Y,,,NY,LIAM'S MAP,LIAM'S MAP,CELTIC HONOR,CELTIC HONOR,HONOR CODE,HONOR CODE,,,,,,,,TAYLOR MADE SALES AGENCY AGENT XV,,,,OUT,,,,0,,,,,T,2022
2023,Y,23FTSAUG,8/14/2023,1,2,550,550,,,,,4/17/2022,1,DKB,C,,Y,,,NY,MORE THAN READY,MORE THAN READY,CHAMPAGNE THERAPY,CHAMPAGNE THERAPY,FREUD,FREUD,,,,,,,,STRAIGHT LINE EQUINE SALES AGENT,,,,CROWN INVESTMENTS,,,,120000,,https://vimeo.com/851499684?share=copy,,,T,2022
2023,Y,23FTSAUG,8/14/2023,1,2,551,551,,,,,3/22/2022,1,B,C,,Y,,,NY,SOLOMINI,SOLOMINI,CHEYENNE AUTUMN,CHEYENNE AUTUMN,INDIAN CHARLIE,INDIAN CHARLIE,,,,,,,,HUNTER VALLEY FARM AGENT,,,,REEVES THOROUGHBRED RACING,,,,150000,,https://vimeo.com/850503163?share=copy,,,T,2022
2023,Y,23FTSAUG,8/14/2023,1,2,552,552,,,,,4/14/2022,1,B,F,,Y,,,NY,GLOBAL CAMPAIGN,GLOBAL CAMPAIGN,CHILDHOOD DREAM,CHILDHOOD DREAM,FREUD,FREUD,,,,,,,,GAINESWAY AGENT II,,,,TOM MCCROCKLIN AGENT,,,,30000,,,,,T,2022
2023,Y,23FTSAUG,8/14/2023,1,2,553,553,,,,,4/2/2022,1,DKB,F,,Y,,,NY,CLASSIC EMPIRE,CLASSIC EMPIRE,CHOCOLATE SMOOTHIE,CHOCOLATE SMOOTHIE,GHOSTZAPPER,GHOSTZAPPER,,,,,,,,PARAMOUNT SALES AGENT IX,,,,NOT SOLD,,,,45000,,https://vimeo.com/853541424?share=copy,,,T,2022
2023,Y,23FTSAUG,8/14/2023,1,2,554,554,,,,,4/1/2022,1,DKB,F,,Y,,,NY,MITOLE,MITOLE,CHOICE PLAY,CHOICE PLAY,VINDICATION,VINDICATION,,,,,,,,FOUR STAR SALES AGENT,,,,OUT,,,,0,,,,,T,2022
2023,Y,23FTSAUG,8/14/2023,1,2,555,555,,,,,3/7/2022,1,DKB,F,,Y,,,NY,BEE JERSEY,BEE JERSEY,CHRISTMAS COVE,CHRISTMAS COVE,MORE THAN READY,MORE THAN READY,,,,,,,,PARAMOUNT SALES AGENT II,,,,TOM MCCROCKLIN AGENT FOR CHAMPION EQUINE,,,,110000,,https://vimeo.com/852840485?share=copy,,,T,2022
2023,Y,23FTSAUG,8/14/2023,1,2,556,556,,,,,2/27/2022,1,B,F,,Y,,,NY,PRACTICAL JOKE,PRACTICAL JOKE,CLEAN ELEVEN,CLEAN ELEVEN,OFFICER,OFFICER,,,,,,,,STUART MORRIS AGENT FOR WICKES RABANAL & HIGHCLERE INC.,,,,STEVEN WESTON,,,,145000,,https://vimeo.com/853559233?share=copy,,,T,2022
2023,Y,23FTSAUG,8/14/2023,1,2,557,557,,,,,3/12/2022,1,B,F,,Y,,,NY,MCKINZIE,MCKINZIE,COMIC CITY,COMIC CITY,CITY ZIP,CITY ZIP,,,,,,,,TAYLOR MADE SALES AGENCY AGENT XV,,,,OUT,,,,0,,,,,T,2022
2023,Y,23FTSAUG,8/14/2023,1,2,558,558,,,,,5/27/2022,1,DKB,C,,Y,,,NY,VIOLENCE,VIOLENCE,COMME CHEZ SOI,COMME CHEZ SOI,EMPIRE MAKER,EMPIRE MAKER,,,,,,,,SUMMERFIELD (FRANCIS & BARBARA VANLANGENDONCK) AGENT FOR OLD TAVERN FARM,,,,MICHAEL MAKER,,,,110000,,https://vimeo.com/853184804?share=copy,,,T,2022
2023,Y,23FTSAUG,8/14/2023,1,2,559,559,,,,,4/2/2022,1,DKB,C,,Y,,,NY,FLATTER,FLATTER,COMPULSION,COMPULSION,PIONEEROF THE NILE,PIONEEROF THE NILE,,,,,,,,BLAKE-ALBINA THOROUGHBRED SERVICES LLC AGENT I,,,,JOSEPH BUCCI,,,,150000,,https://vimeo.com/850945707,,,T,2022
2023,Y,23FTSAUG,8/14/2023,1,2,560,560,,,,,3/21/2022,1,DKB,F,,Y,,,NY,VOLATILE,VOLATILE,CONSCRIPTION,CONSCRIPTION,WAR FRONT,WAR FRONT,,,,,,,,SETH GREGORY BLOODSTOCK AGENT FOR SCARLET OAK RACING,,,,AJC BLOODSTOCK AGENT FOR JOSEPH M. GRANT,,,,70000,,,,,T,2022
2023,Y,23FTSAUG,8/14/2023,1,2,561,561,,,,,1/7/2022,1,DKB,C,,Y,,,NY,CENTRAL BANKER,CENTRAL BANKER,COTTONWOOD FALLS,COTTONWOOD FALLS,MALIBU MOON,MALIBU MOON,,,,,,,,VINERY SALES AGENT I,,,,RANDI PERSAUD,,,,15000,,,,,T,2022
2023,Y,23FTSAUG,8/14/2023,1,2,562,562,,,,,4/10/2022,1,B,F,,Y,,,NY,OUTWORK,OUTWORK,COURAGEOUS ANGEL,COURAGEOUS ANGEL,COURAGEOUS CAT,COURAGEOUS CAT,,,,,,,,SUMMERFIELD (FRANCIS & BARBARA VANLANGENDONCK) AGENT,,,,THREE PLAYERS STABLE,,,,5000,,https://vimeo.com/853552496?share=copy,,,T,2022
2023,Y,23FTSAUG,8/14/2023,1,2,563,563,,,,,5/9/2022,1,B,C,,Y,,,NY,TWIRLING CANDY,TWIRLING CANDY,COURT DRESS,COURT DRESS,SPEIGHTSTOWN,SPEIGHTSTOWN,,,,,,,,INDIAN CREEK AGENT,,,,OUT,,,,0,,https://vimeo.com/849941061?share=copy,,,T,2022
2023,Y,23FTSAUG,8/14/2023,1,2,564,564,,,,,3/31/2022,1,B,C,,Y,,,NY,HONEST MISCHIEF,HONEST MISCHIEF,COVE,COVE,PINE BLUFF,PINE BLUFF,,,,,,,,PARAMOUNT SALES AGENT II,,,,OUT,,,,0,,,,,T,2022
2023,Y,23FTSAUG,8/14/2023,1,2,565,565,,,,,3/9/2022,1,DKB,C,,Y,,,NY,BLAME,BLAME,CRACK YOUR WHIP,CRACK YOUR WHIP,STEPHEN GOT EVEN,STEPHEN GOT EVEN,,,,,,,,SUMMERFIELD (FRANCIS & BARBARA VANLANGENDONCK) AGENT,,,,SOUTH FLORIDA/LARRY MEJIA,,,,30000,,https://vimeo.com/853556999?share=copy,,,T,2022
2023,Y,23FTSAUG,8/14/2023,1,2,566,566,,,,,4/27/2022,1,B,F,,Y,,,NY,UNION RAGS,UNION RAGS,CUCCIDATI,CUCCIDATI,STREET CRY (IRE),STREET CRY (IRE),,,,,,,,WINTER QUARTER FARM AGENT,,,,OUT,,,,0,,,,,T,2022
2023,Y,23FTSAUG,8/14/2023,1,2,567,567,,,,,2/16/2022,1,GRR,F,,Y,,,NY,GLOBAL CAMPAIGN,GLOBAL CAMPAIGN,CUELLO DE LUNA,CUELLO DE LUNA,CHEROKEE RUN,CHEROKEE RUN,,,,,,,,SUMMERFIELD (FRANCIS & BARBARA VANLANGENDONCK) AGENT,,,,D J R AGENT,,,,9000,,https://vimeo.com/853556649?share=copy,,,T,2022
2023,Y,23FTSAUG,8/14/2023,1,2,568,568,,,,,1/28/2022,1,B,F,,Y,,,NY,ECHO TOWN,ECHO TOWN,CULVER MISS,CULVER MISS,ORB,ORB,,,,,,,,STRAIGHT LINE EQUINE SALES AGENT,,,,OUT,,,,0,,,,,T,2022
2023,Y,23FTSAUG,8/14/2023,1,2,569,569,,,,,3/31/2022,1,B,F,,Y,,,NY,VIOLENCE,VIOLENCE,CURIO,CURIO,BERNARDINI,BERNARDINI,,,,,,,,STRAIGHT LINE EQUINE SALES AGENT,,,,CROWN STABLE,,,,100000,,https://youtu.be/zxb63RVXS-8,,,T,2022
2023,Y,23FTSAUG,8/14/2023,1,2,570,570,,,,,2/18/2022,1,B,F,,Y,,,NY,PAYNTER,PAYNTER,CURLISH FIGURE,CURLISH FIGURE,CURLIN,CURLIN,,,,,,,,ST GEORGE SALES AGENT IV,,,,OUT,,,,0,,,,,T,2022
2023,Y,23FTSAUG,8/14/2023,1,2,571,571,,,,,1/31/2022,1,B,C,,Y,,,NY,SOLOMINI,SOLOMINI,DANCING ONTHEMOON,DANCING ONTHEMOON,MALIBU MOON,MALIBU MOON,,,,,,,,MCMAHON OF SARATOGA THOROUGHBREDS LLC AGENT,,,,NOT SOLD,,,,50000,,,,,T,2022
2023,Y,23FTSAUG,8/14/2023,1,2,572,572,,,,,3/9/2022,1,DKB,F,,Y,,,NY,STREET SENSE,STREET SENSE,DARBY BLUSH,DARBY BLUSH,ARCH,ARCH,,,,,,,,SARATOGA GLEN FARM LLC AGENT,,,,GREGORY MARTIN AND MICHAEL SLEZAK,,,,68000,,,,Y,T,2022
2023,Y,23FTSAUG,8/14/2023,1,2,573,573,,,,,2/18/2022,1,B,F,,Y,,,NY,MALIBU MOON,MALIBU MOON,DEARLY DECLARED,DEARLY DECLARED,DECLARATION OF WAR,DECLARATION OF WAR,,,,,,,,SUMMERFIELD (FRANCIS & BARBARA VANLANGENDONCK) AGENT,,,,OUT,,,,0,,,,,T,2022
2023,Y,23FTSAUG,8/14/2023,1,2,574,574,,,,,2/12/2022,1,DKB,C,,Y,,,NY,TWIRLING CANDY,TWIRLING CANDY,DELAY OF GAME,DELAY OF GAME,BERNARDINI,BERNARDINI,,,,,,,,ST GEORGE SALES AGENT I,,,,NOT SOLD,,,,45000,,https://vimeo.com/848685743?share=copy,,,T,2022
2023,Y,23FTSAUG,8/14/2023,1,2,575,575,,,,,4/16/2022,1,GRR,C,,Y,,,NY,LIAM'S MAP,LIAM'S MAP,DEMOCRAT TAXES,DEMOCRAT TAXES,CATIENUS,CATIENUS,,,,,,,,TAYLOR MADE SALES AGENCY AGENT V,,,,SEAN S. PERL FOR LIBERTY HOUSE REG AND CLUB 65,,,,75000,,https://youtu.be/6g2ChNq7XxM,,,T,2022
2023,Y,23FTSAUG,8/14/2023,1,2,576,576,,,,,5/7/2022,1,B,C,,Y,,,NY,CLASSIC EMPIRE,CLASSIC EMPIRE,DISCREET LADY,DISCREET LADY,DISCREET CAT,DISCREET CAT,,,,,,,,FORT CHRISTOPHER'S THOROUGHBREDS LLC AGENT,,,,OUT,,,,0,,,,,T,2022
2023,Y,23FTSAUG,8/14/2023,1,2,577,577,,,,,2/27/2022,1,B,C,,Y,,,NY,MCKINZIE,MCKINZIE,DISTORTED NEWS,DISTORTED NEWS,DISTORTED HUMOR,DISTORTED HUMOR,,,,,,,,PARAMOUNT SALES AGENT XV,,,,WEST BLDSTK AGT FOR REPOLE STABLE & TEAM PENNEY,,,,170000,,https://vimeo.com/853154965?share=copy,,,T,2022
2023,Y,23FTSAUG,8/14/2023,1,2,578,578,,,,,3/30/2022,1,B,C,,Y,,,NY,VINO ROSSO,VINO ROSSO,DOLORES WESTWORLD,DOLORES WESTWORLD,SCAT DADDY,SCAT DADDY,,,,,,,,FORT CHRISTOPHER'S THOROUGHBREDS LLC AGENT,,,,RT RACING,,,,25000,,,,,T,2022
2023,Y,23FTSAUG,8/14/2023,1,2,579,579,,,,,2/1/2022,1,DKB,F,,Y,,,NY,MAXIMUS MISCHIEF,MAXIMUS MISCHIEF,DONA TIZ,DONA TIZ,TIZNOW,TIZNOW,,,,,,,,TURNING POINT BLOODSTOCK AGENT,,,,JOHN CAPUTO,,,,35000,,https://vimeo.com/852020895?share=copy,,,T,2022
2023,Y,23FTSAUG,8/14/2023,1,2,580,580,,,,,3/15/2022,1,DKB,C,,Y,,,NY,TOM'S D'ETAT,TOM'S D'ETAT,DONE AND DUSTED,DONE AND DUSTED,BODEMEISTER,BODEMEISTER,,,,,,,,TURNING POINT BLOODSTOCK AGENT,,,,NOT SOLD,,,,32000,,https://vimeo.com/852021257?share=copy,,,T,2022
2023,Y,23FTSAUG,8/14/2023,1,2,581,581,,,,,2/18/2022,1,CH,F,,Y,,,NY,VINO ROSSO,VINO ROSSO,DON'T RUSH,DON'T RUSH,MALIBU MOON,MALIBU MOON,,,,,,,,LANE'S END AGENT,,,,FRAZIER PLACE LLC,,,,100000,,https://vimeo.com/850011903?share=copy,,,T,2022
2023,Y,23FTSAUG,8/14/2023,1,2,582,582,,,,,3/8/2022,1,DKB,F,,Y,,,NY,MENDELSSOHN,MENDELSSOHN,DOROTHY'S AURORA,DOROTHY'S AURORA,SIMON PURE,SIMON PURE,,,,,,,,BLUEWATER SALES LLC AGENT,,,,JOE HARDOON AGENT,,,,220000,,https://vimeo.com/852173271,,,T,2022
2023,Y,23FTSAUG,8/14/2023,1,2,583,583,,,,,2/3/2022,1,CH,F,,Y,,,NY,MITOLE,MITOLE,DOWN THE ROAD,DOWN THE ROAD,QUALITY ROAD,QUALITY ROAD,,,,,,,,HIDDEN LAKE FARM LLC AGENT,,,,NOT SOLD,,,,27000,,https://vimeo.com/853874864?share=copy,,,T,2022
2023,Y,23FTSAUG,8/14/2023,1,2,584,584,,,,,2/4/2022,1,GRR,F,,Y,,,NY,MACLEAN'S MUSIC,MACLEAN'S MUSIC,DOWNTOWN MAMA,DOWNTOWN MAMA,SPEIGHTSTOWN,SPEIGHTSTOWN,,,,,,,,DENALI STUD AGENT FOR LADY SHEILA STABLE III LLC,,,,LEHIGH BLOODSTOCK,,,,170000,,https://vimeo.com/848741865?share=copy,,,T,2022
2023,Y,23FTSAUG,8/14/2023,1,2,585,585,,,,,2/20/2022,1,CH,C,,Y,,,NY,SPEIGHTSTER,SPEIGHTSTER,DREAMED TO DREAM,DREAMED TO DREAM,DEPUTY WILD CAT,DEPUTY WILD CAT,,,,,,,,DENALI STUD AGENT XIV,,,,LANSDON ROBBINS,,,,80000,,https://vimeo.com/850897145?share=copy,,,T,2022
2023,Y,23FTSAUG,8/14/2023,1,2,586,586,,,,,3/20/2022,1,DKB,F,,Y,,,NY,TIZ THE LAW,TIZ THE LAW,DREAM WALKING,DREAM WALKING,MIDNIGHT LUTE,MIDNIGHT LUTE,,,,,,,,TURNING POINT BLOODSTOCK AGENT,,,,OUT,,,,0,,https://vimeo.com/852021703?share=copy,,,T,2022
2023,Y,23FTSAUG,8/14/2023,1,2,587,587,,,,,4/2/2022,1,B,F,,Y,,,NY,CENTRAL BANKER,CENTRAL BANKER,DUCASA,DUCASA,DISCREET CAT,DISCREET CAT,,,,,,,,VINERY SALES AGENT I,,,,TOM MCCROCKLIN AGENT,,,,30000,,,,Y,T,2022
2023,Y,23FTSAUG,8/14/2023,1,2,588,588,,,,,4/18/2022,1,B,F,,Y,,,NY,JIMMY CREED,JIMMY CREED,DYNAMIC HOLIDAY,DYNAMIC HOLIDAY,HARLAN'S HOLIDAY,HARLAN'S HOLIDAY,,,,,,,,HUNTER VALLEY FARM AGENT,,,,GRASSROOTS TRN & SALES LLC,,,,50000,,https://vimeo.com/852840612?share=copy,,,T,2022
2023,Y,23FTSAUG,8/14/2023,1,2,589,589,,,,,2/6/2022,1,B,C,,Y,,,NY,MALIBU MOON,MALIBU MOON,EASTER RISING,EASTER RISING,DECLARATION OF WAR,DECLARATION OF WAR,,,,,,,,WINTER QUARTER FARM AGENT FOR OAK BLUFF STABLE LLC,,,,THREE PLAYERS STABLE,,,,5000,,,,,T,2022
2023,Y,23FTSAUG,8/14/2023,1,2,590,590,,,,,3/9/2022,1,GRR,F,,Y,,,NY,THOUSAND WORDS,THOUSAND WORDS,EASY GOIN LADY,EASY GOIN LADY,CREATIVE CAUSE,CREATIVE CAUSE,,,,,,,,BLAKE-ALBINA THOROUGHBRED SERVICES LLC AGENT V,,,,NOT SOLD,,,,23000,,https://vimeo.com/850946942,,,T,2022
2023,Y,23FTSAUG,8/14/2023,1,2,591,591,,,,,5/11/2022,1,GRR,C,,Y,,,NY,CITY OF LIGHT,CITY OF LIGHT,EDITH COURT,EDITH COURT,POMEROY,POMEROY,,,,,,,,THORNDALE FARM AGENT,,,,GRAY CREEK RACING,,,,75000,,,,,T,2022
2023,Y,23FTSAUG,8/14/2023,1,2,592,592,,,,,4/3/2022,1,B,F,,Y,,,NY,BOLT D'ORO,BOLT D'ORO,EGG ROLL,EGG ROLL,KITTEN'S JOY,KITTEN'S JOY,,,,,,,,GAINESWAY AGENT V,,,,THE ELKSTONE GROUP LLC,,,,100000,,https://vimeo.com/852308734/ff4c655755,,,T,2022
2023,Y,23FTSAUG,8/14/2023,1,2,593,593,,,,,3/1/2022,1,B,C,,Y,,,NY,MACLEAN'S MUSIC,MACLEAN'S MUSIC,ELEADORA,ELEADORA,FINALITY,FINALITY,,,,,,,,SUMMERFIELD (FRANCIS & BARBARA VANLANGENDONCK) AGENT,,,,III BEAUTYS THOROUGHBREDS LLC,,,,107000,,https://vimeo.com/853148919?share=copy,,,T,2022
2023,Y,23FTSAUG,8/14/2023,1,2,594,594,,,,,4/3/2022,1,DKB,F,,Y,,,NY,MO TOWN,MO TOWN,ELECTRIC BOOTS,ELECTRIC BOOTS,BELLAMY ROAD,BELLAMY ROAD,,,,,,,,VINERY SALES AGENT II,,,,NOT SOLD,,,,14000,,https://vimeo.com/853554901?share=copy,,,T,2022
2023,Y,23FTSAUG,8/14/2023,1,2,595,595,,,,,3/17/2022,1,CH,C,,Y,,,NY,PRACTICAL JOKE,PRACTICAL JOKE,EMOTIONAL WORDS,EMOTIONAL WORDS,CURLIN,CURLIN,,,,,,,,INDIAN CREEK AGENT,,,,RALPH BIANCULLI,,,,100000,,https://vimeo.com/849941171?share=copy,,,T,2022
2023,Y,23FTSAUG,8/14/2023,1,2,596,596,,,,,4/25/2022,1,CH,C,,Y,,,NY,IMPROBABLE,IMPROBABLE,ESPIRITU,ESPIRITU,GHOSTZAPPER,GHOSTZAPPER,,,,,,,,FOUR STAR SALES AGENT,,,,OUT,,,,0,,https://vimeo.com/849815366?share=copy,,,T,2022
2023,Y,23FTSAUG,8/14/2023,1,2,597,597,,,,,3/24/2022,1,DKB,F,,Y,,,NY,TWIRLING CANDY,TWIRLING CANDY,ESTILO FEMENINO,ESTILO FEMENINO,MIDNIGHT LUTE,MIDNIGHT LUTE,,,,,,,,SUMMERFIELD (FRANCIS & BARBARA VANLANGENDONCK) AGENT,,,,SGV THOROUGHBREDS LLC,,,,85000,,https://vimeo.com/853148967?share=copy,,,T,2022
2023,Y,23FTSAUG,8/14/2023,1,2,598,598,,,,,2/13/2022,1,CH,F,,Y,,,NY,MACLEAN'S MUSIC,MACLEAN'S MUSIC,ETINCELLE,ETINCELLE,DYNAFORMER,DYNAFORMER,,,,,,,,HIDDEN LAKE FARM LLC AGENT,,,,OUT,,,,0,,https://vimeo.com/853874791?share=copy,,,T,2022
2023,Y,23FTSAUG,8/14/2023,1,2,599,599,,,,,1/15/2022,1,B,C,,Y,,,NY,UPSTART,UPSTART,EVANGELINE'S HOPE,EVANGELINE'S HOPE,CITY ZIP,CITY ZIP,,,,,,,,TAYLOR MADE SALES AGENCY AGENT XII,,,,MWG LLC,,,,15000,,https://youtu.be/tI2U2j43uGY,,,T,2022
2023,Y,23FTSAUG,8/14/2023,1,2,600,600,,,,,3/9/2022,1,B,F,,Y,,,NY,BOLT D'ORO,BOLT D'ORO,EVER AWESOME,EVER AWESOME,AWESOME AGAIN,AWESOME AGAIN,,,,,,,,GAINESWAY AGENT III,,,,STEVEN ROCCO,,,,220000,,https://vimeo.com/852308879/c56af7f9fb,,,T,2022
2023,Y,23FTSAUG,8/14/2023,1,2,601,601,,,,,3/31/2022,1,DKB,F,,Y,,,NY,VINO ROSSO,VINO ROSSO,EXTRA IMPACT,EXTRA IMPACT,HONOUR AND GLORY,HONOUR AND GLORY,,,,,,,,BLAKE-ALBINA THOROUGHBRED SERVICES LLC AGENT IV,,,,NOT SOLD,,,,22000,,https://vimeo.com/850947786,,,T,2022
2023,Y,23FTSAUG,8/14/2023,1,2,602,602,,,,,5/9/2022,1,B,C,,Y,,,NY,HONEST MISCHIEF,HONEST MISCHIEF,FABULEUX,FABULEUX,BODEMEISTER,BODEMEISTER,,,,,,,,INDIAN CREEK AGENT,,,,DAN HAYDEN AGENT FOR BLUE DEVIL RACING,,,,145000,,https://vimeo.com/852489112?share=copy,,,T,2022
2023,Y,23FTSAUG,8/14/2023,1,2,603,603,,,,,2/9/2022,1,B,C,,Y,,,NY,BERNARDINI,BERNARDINI,FALCONESS,FALCONESS,FOREST WILDCAT,FOREST WILDCAT,,,,,,,,ST GEORGE SALES AGENT III,,,,WESLEY WARD,,,,40000,,https://vimeo.com/848777541?share=copy,,,T,2022
2023,Y,23FTSAUG,8/14/2023,1,2,604,604,,,,,2/24/2022,1,B,F,,Y,,,NY,VINO ROSSO,VINO ROSSO,FEAR THIS,FEAR THIS,GHOSTZAPPER,GHOSTZAPPER,,,,,,,,FORT CHRISTOPHER'S THOROUGHBREDS LLC AGENT,,,,D J R AGENT,,,,45000,,,,,T,2022
2023,Y,23FTSAUG,8/14/2023,1,2,605,605,,,,,2/13/2022,1,DKB,C,,Y,,,NY,GLOBAL CAMPAIGN,GLOBAL CAMPAIGN,FIFTYPLUSTIP,FIFTYPLUSTIP,THE FACTOR,THE FACTOR,,,,,,,,SARATOGA GLEN FARM LLC AGENT,,,,SHOWING STABLE,,,,60000,,,,,T,2022
2023,Y,23FTSAUG,8/14/2023,1,2,606,606,,,,,4/1/2022,1,DKB,C,,Y,,,NY,MALIBU MOON,MALIBU MOON,HOLIDAY WISHES,HOLIDAY WISHES,HARLAN'S HOLIDAY,HARLAN'S HOLIDAY,,,,,,,,TURNING POINT BLOODSTOCK AGENT FOR HIDDEN LAKE FARM LLC,,,,JOHN FAHEY AGT.,,,,45000,,,,,T,2022
2023,Y,23FTSAUG,8/14/2023,1,2,607,607,,,,,5/13/2022,1,GRR,C,,Y,,,NY,VOLATILE,VOLATILE,FIRST CHARMER,FIRST CHARMER,SMART STRIKE,SMART STRIKE,,,,,,,,SUMMERFIELD (FRANCIS & BARBARA VANLANGENDONCK) AGENT,,,,HORSEOLOGY,,,,60000,,https://vimeo.com/853185335?share=copy,,,T,2022
2023,Y,23FTSAUG,8/14/2023,1,2,608,608,,,,,3/20/2022,1,CH,C,,Y,,,NY,THOUSAND WORDS,THOUSAND WORDS,FIRST HUNTER,FIRST HUNTER,PHILANTHROPIST,PHILANTHROPIST,,,,,,,,HUNTER VALLEY FARM AGENT,,,,HORSEOLOGY,,,,35000,,https://vimeo.com/849983491?share=copy,,,T,2022
2023,Y,23FTSAUG,8/14/2023,1,2,609,609,,,,,1/27/2022,1,CH,C,,Y,,,NY,SOLOMINI,SOLOMINI,FLASH ACT,FLASH ACT,SKY MESA,SKY MESA,,,,,,,,MCMAHON OF SARATOGA THOROUGHBREDS LLC AGENT,,,,NOT SOLD,,,,45000,,,,,T,2022
2023,Y,23FTSAUG,8/14/2023,1,2,610,610,,,,,4/28/2022,1,CH,C,,Y,,,NY,IMPROBABLE,IMPROBABLE,FLATTERYWILLGETYOU,FLATTERYWILLGETYOU,FLATTER,FLATTER,,,,,,,,TURNING POINT BLOODSTOCK AGENT,,,,NOT SOLD,,,,42000,,https://vimeo.com/853789814?share=copy,,,T,2022
2023,Y,23FTSAUG,8/14/2023,1,2,611,611,,,,,4/15/2022,1,B,F,,Y,,,NY,MORE THAN READY,MORE THAN READY,FLIPCUP,FLIPCUP,MILWAUKEE BREW,MILWAUKEE BREW,,,,,,,,DENALI STUD AGENT XII,,,,CHAD SCHUMER AGENT,,,,60000,,https://vimeo.com/847974328?share=copy,,,T,2022
2023,Y,23FTSAUG,8/14/2023,1,2,612,612,,,,,5/11/2022,1,GRR,F,,Y,,,NY,VEKOMA,VEKOMA,FLORIPA,FLORIPA,TAPIT,TAPIT,,,,,,,,SUMMERFIELD (FRANCIS & BARBARA VANLANGENDONCK) AGENT FOR OLD TAVERN FARM,,,,SMART CHOICE STABLE SGV AGENT,,,,125000,,https://vimeo.com/853190021?share=copy,,,T,2022
2023,Y,23FTSAUG,8/14/2023,1,2,613,613,,,,,5/17/2022,1,DKB,F,,Y,,,NY,FREUD,FREUD,FLYING ROBIN HOOD,FLYING ROBIN HOOD,COLONEL JOHN,COLONEL JOHN,,,,,,,,FORT CHRISTOPHER'S THOROUGHBREDS LLC AGENT,,,,OUT,,,,0,,,,,T,2022
2023,Y,23FTSAUG,8/14/2023,1,2,614,614,,,,,5/11/2022,1,DKB,F,,Y,,,NY,HIGHER POWER,HIGHER POWER,FOLLOW MY LUCK,FOLLOW MY LUCK,ELUSIVE QUALITY,ELUSIVE QUALITY,,,,,,,,VINERY SALES AGENT FOR ALLEN C. HALLETT,,,,NOT SOLD,,,,5000,,,,,T,2022
2023,Y,23FTSAUG,8/14/2023,1,2,615,615,,,,,4/29/2022,1,B,F,,Y,,,NY,HONEST MISCHIEF,HONEST MISCHIEF,FORCE MAJEURE (IRE),FORCE MAJEURE (IRE),SMART STRIKE,SMART STRIKE,,,,,,,,PARAMOUNT SALES AGENT XIII,,,,POPEYE STABLES,,,,60000,,https://vimeo.com/849735295?share=copy,,,T,2022
2023,Y,23FTSAUG,8/14/2023,1,2,616,616,,,,,2/17/2022,1,DKB,F,,Y,,,NY,HARD SPUN,HARD SPUN,FOREVER SMART,FOREVER SMART,SMART STRIKE,SMART STRIKE,,,,,,,,SUMMERFIELD (FRANCIS & BARBARA VANLANGENDONCK) AGENT,,,,ECLIPSE THOROUGHBRED PARTNERS,,,,125000,,https://vimeo.com/853552372?share=copy,,,T,2022
2023,Y,23FTSAUG,8/14/2023,1,2,617,617,,,,,4/7/2022,1,B,F,,Y,,,NY,MCKINZIE,MCKINZIE,FOURSCOREANDSEVEN,FOURSCOREANDSEVEN,COLONEL JOHN,COLONEL JOHN,,,,,,,,FOUR STAR SALES AGENT,,,,WOLF CREEK FARMS,,,,47000,,https://vimeo.com/849814632?share=copy,,,T,2022
2023,Y,23FTSAUG,8/14/2023,1,2,618,618,,,,,4/14/2022,1,B,F,,Y,,,NY,BERNARDINI,BERNARDINI,FRESCO,FRESCO,FREUD,FREUD,,,,,,,,WINTER QUARTER FARM AGENT FOR OAK BLUFF STABLE LLC,,,,C. CLEMENT,,,,320000,,,,,T,2022
2023,Y,23FTSAUG,8/14/2023,1,2,619,619,,,,,4/16/2022,1,B,F,,Y,,,NY,MUNNINGS,MUNNINGS,FREUDIE ANNE,FREUDIE ANNE,FREUD,FREUD,,,,,,,,HUNTER VALLEY FARM AGENT,,,,NIALL BRENNAN AGT FOR JR INTERNATIONAL HOLDINGS,,,,325000,,https://vimeo.com/853509591?share=copy,,,T,2022
2023,Y,23FTSAUG,8/14/2023,1,2,620,620,,,,,2/20/2022,1,B,C,,Y,,,NY,SPUN TO RUN,SPUN TO RUN,FRISKY KITTEN,FRISKY KITTEN,KITTEN'S JOY,KITTEN'S JOY,,,,,,,,TURNING POINT BLOODSTOCK AGENT,,,,JD BUSINESS VENTURES LLC,,,,7000,,https://vimeo.com/850971540?share=copy,,,T,2022
2023,Y,23FTSAUG,8/14/2023,1,2,621,621,,,,,5/9/2022,1,DKB,C,,Y,,,NY,UPSTART,UPSTART,FU PEGGI SUE,FU PEGGI SUE,FUSAICHI PEGASUS,FUSAICHI PEGASUS,,,,,,,,SETH GREGORY BLOODSTOCK AGENT I,,,,LONG GROVE BLOODSTOCK AGENT FOR CYNTHIA M. SANSONE,,,,30000,,,,,T,2022
2023,Y,23FTSAUG,8/14/2023,1,2,622,622,,,,,4/21/2022,1,CH,F,,Y,,,NY,IMPROBABLE,IMPROBABLE,GEORGIE'S ANGEL,GEORGIE'S ANGEL,BELLAMY ROAD,BELLAMY ROAD,,,,,,,,EATON SALES AGENT FOR LONGFORD FARM,,,,SOLIS/LITT,,,,135000,,https://vimeo.com/853134533?share=copy,,,T,2022
2023,Y,23FTSAUG,8/14/2023,1,2,623,623,,,,,5/4/2022,1,CH,C,,Y,,,NY,IMPROBABLE,IMPROBABLE,GIANT BLOSSOM,GIANT BLOSSOM,GIANT'S CAUSEWAY,GIANT'S CAUSEWAY,,,,,,,,TAYLOR MADE SALES AGENCY AGENT CVII,,,,RT RACING,,,,120000,,https://vimeo.com/850958927?share=copy,,,T,2022
2023,Y,23FTSAUG,8/14/2023,1,2,624,624,,,,,4/17/2022,1,B,F,,Y,,,NY,CENTRAL BANKER,CENTRAL BANKER,GIANT STELLA,GIANT STELLA,GIANT SURPRISE,GIANT SURPRISE,,,,,,,,DENALI STUD AGENT V,,,,THISTLE FARMS,,,,25000,,https://vimeo.com/847974727?share=copy,,,T,2022
2023,Y,23FTSAUG,8/14/2023,1,2,625,625,,,,,2/17/2022,1,B,F,,Y,,,NY,TAPITURE,TAPITURE,GIVE ME A HUG,GIVE ME A HUG,UNCLE MO,UNCLE MO,,,,,,,,TURNING POINT BLOODSTOCK AGENT,,,,OUT,,,,0,,,,,T,2022
2023,Y,23FTSAUG,8/14/2023,1,2,626,626,,,,,3/25/2022,1,DKB,C,,Y,,,NY,UNION RAGS,UNION RAGS,GOLDENMINE,GOLDENMINE,MINESHAFT,MINESHAFT,,,,,,,,TAYLOR MADE SALES AGENCY AGENT CVI,,,,NOT SOLD,,,,65000,,https://youtu.be/4idW4APSfTs,,,T,2022
2023,Y,23FTSAUG,8/14/2023,1,2,627,627,,,,,4/13/2022,1,CH,F,,Y,,,NY,VEKOMA,VEKOMA,GOLDEN MISS,GOLDEN MISS,GOLDEN MISSILE,GOLDEN MISSILE,,,,,,,,TURNING POINT BLOODSTOCK AGENT FOR HIDDEN LAKE FARM LLC,,,,SEAN S. PERL BLOODSTOCK LLC,,,,50000,,,,,T,2022
2023,Y,23FTSAUG,8/14/2023,1,2,628,628,,,,,3/5/2022,1,DKB,C,,Y,,,NY,PRACTICAL JOKE,PRACTICAL JOKE,GOLDEN MYSTERY,GOLDEN MYSTERY,AWESOME AGAIN,AWESOME AGAIN,,,,,,,,NARDELLI SALES AGENT,,,,TOM MCCROCKLIN AGENT,,,,380000,,https://vimeo.com/853078716?share=copy,,,T,2022
2023,Y,23FTSAUG,8/14/2023,1,2,629,629,,,,,2/26/2022,1,DKB,F,,Y,,,NY,FLAMEAWAY,FLAMEAWAY,GOLD ZIPPER,GOLD ZIPPER,CITY ZIP,CITY ZIP,,,,,,,,BLAKE-ALBINA THOROUGHBRED SERVICES LLC AGENT VI,,,,TOM MCCROCKLIN AGENT FOR CHAMPION EQUINE,,,,200000,,https://vimeo.com/850949880,,,T,2022
2023,Y,23FTSAUG,8/14/2023,1,2,630,630,,,,,1/26/2022,1,B,F,,Y,,,NY,INSTAGRAND,INSTAGRAND,GOODBYE BROCKLEY,GOODBYE BROCKLEY,COSMONAUT,COSMONAUT,,,,,,,,FOUR STAR SALES AGENT,,,,OXO EQUINE LLC,,,,200000,,https://vimeo.com/853073656?share=copy,,,T,2022
2023,Y,23FTSAUG,8/14/2023,1,2,631,631,,,,,3/16/2022,1,DKB,F,,Y,,,NY,COMPLEXITY,COMPLEXITY,GOODS AND SERVICES,GOODS AND SERVICES,PAYNTER,PAYNTER,,,,,,,,SEQUEL NY AGENT V,,,,OUT,,,,0,,,,,T,2022
2023,Y,23FTSAUG,8/14/2023,1,2,632,632,,,,,3/31/2022,1,DKB,C,,Y,,,NY,COMPLEXITY,COMPLEXITY,GRACEFUL RAGE,GRACEFUL RAGE,TIZNOW,TIZNOW,,,,,,,,PARAMOUNT SALES AGENT II,,,,NOT SOLD,,,,80000,,https://vimeo.com/852840742?share=copy,,,T,2022
2023,Y,23FTSAUG,8/14/2023,1,2,633,633,,,,,2/6/2022,1,CH,F,,Y,,,NY,VEKOMA,VEKOMA,GRACE'S TREASURE,GRACE'S TREASURE,ROCKPORT HARBOR,ROCKPORT HARBOR,,,,,,,,TURNING POINT BLOODSTOCK AGENT,,,,HIDDEN BROOK AGENT,,,,160000,,https://vimeo.com/853680241?share=copy,,,T,2022
2023,Y,23FTSAUG,8/14/2023,1,2,634,634,,,,,3/23/2022,1,B,C,,Y,,,NY,SPUN TO RUN,SPUN TO RUN,GYPSY ANGEL,GYPSY ANGEL,SILVER TRAIN,SILVER TRAIN,,,,,,,,SEQUEL NY AGENT V,,,,NOT SOLD,,,,9000,,https://vimeo.com/852845938,,,T,2022
2023,Y,23FTSAUG,8/14/2023,1,2,635,635,,,,,3/13/2022,1,DKB,F,,Y,,,NY,INSTAGRAND,INSTAGRAND,GYPSY JO,GYPSY JO,LEMON DROP KID,LEMON DROP KID,,,,,,,,HUNTER VALLEY FARM AGENT,,,,FINAL FURLONG RACING RICEHORSE AGENT,,,,100000,,https://vimeo.com/852846072,,,T,2022
2023,Y,23FTSAUG,8/14/2023,1,2,636,636,,,,,3/6/2022,1,B,F,,Y,,,NY,HONOR A. P.,HONOR A. P.,HAUGHTY GIRL,HAUGHTY GIRL,QUALITY ROAD,QUALITY ROAD,,,,,,,,DENALI STUD AGENT III,,,,JOSEPH BUCCI,,,,70000,,https://vimeo.com/853552431?share=copy,,,T,2022
2023,Y,23FTSAUG,8/14/2023,1,2,637,637,,,,,3/22/2022,1,GRR,F,,Y,,,NY,CITY OF LIGHT,CITY OF LIGHT,HEAVENLY SCORE,HEAVENLY SCORE,EVEN THE SCORE,EVEN THE SCORE,,,,,,,,TAYLOR MADE SALES AGENCY AGENT CIV,,,,MONARCH FARMS,,,,35000,,https://vimeo.com/852158327,,,T,2022
2023,Y,23FTSAUG,8/14/2023,1,2,638,638,,,,,3/26/2022,1,DKB,C,,Y,,,NY,CITY OF LIGHT,CITY OF LIGHT,HEAVENLY THOUGHT,HEAVENLY THOUGHT,WAR FRONT,WAR FRONT,,,,,,,,PREFERRED EQUINE AGENT,,,,FLYING ZEE RACING STABLE LLC,,,,50000,,https://vimeo.com/853560809?share=copy,,Y,T,2022
2023,Y,23FTSAUG,8/14/2023,1,2,639,639,,,,,3/20/2022,1,CH,F,,Y,,,NY,AUDIBLE,AUDIBLE,HEAVEN'S HUMOR,HEAVEN'S HUMOR,DROSSELMEYER,DROSSELMEYER,,,,,,,,MCMAHON OF SARATOGA THOROUGHBREDS LLC AGENT,,,,NOT SOLD,,,,47000,,,,,T,2022
2023,Y,23FTSAUG,8/14/2023,1,2,640,640,,,,,3/19/2022,1,B,C,,Y,,,NY,FOG OF WAR,FOG OF WAR,HIGH QUAIL,HIGH QUAIL,TIZNOW,TIZNOW,,,,,,,,PREFERRED EQUINE AGENT,,,,NOT SOLD,,,,14000,,https://vimeo.com/853557562?share=copy,,,T,2022
2023,Y,23FTSAUG,8/14/2023,1,2,641,641,,,,,2/18/2022,1,B,F,,Y,,,NY,UNCLE MO,UNCLE MO,HOT CITY GIRL,HOT CITY GIRL,CITY ZIP,CITY ZIP,,,,,,,,DENALI STUD AGENT FOR LADY SHEILA STABLE LLC,,,,TWIN OAKS BLOODSTOCK,,,,250000,,https://vimeo.com/847975223?share=copy,,,T,2022
2023,Y,23FTSAUG,8/14/2023,1,2,642,642,,,,,4/21/2022,1,B,F,,Y,,,NY,MUNNINGS,MUNNINGS,HUSH NOW,HUSH NOW,FLATTER,FLATTER,,,,,,,,TAYLOR MADE SALES AGENCY AGENT CVII,,,,NOT SOLD,,,,135000,,https://vimeo.com/850971718?share=copy,,,T,2022
2023,Y,23FTSAUG,8/14/2023,1,2,643,643,,,,,4/6/2022,1,DKB,C,,Y,,,NY,NAME CHANGER,NAME CHANGER,ICE FREEZE,ICE FREEZE,DROSSELMEYER,DROSSELMEYER,,,,,,,,TURNING POINT BLOODSTOCK AGENT,,,,OUT,,,,0,,,,,T,2022
2023,Y,23FTSAUG,8/14/2023,1,2,644,644,,,,,3/18/2022,1,GRR,F,,Y,,,NY,VOLATILE,VOLATILE,IGNITE,IGNITE,JUMP START,JUMP START,,,,,,,,PARAMOUNT SALES AGENT XII,,,,NOT SOLD,,,,145000,,https://vimeo.com/849733256?share=copy,,,T,2022
2023,Y,23FTSAUG,8/14/2023,1,2,645,645,,,,,4/16/2022,1,CH,C,,Y,,,NY,CENTRAL BANKER,CENTRAL BANKER,INDEMAND,INDEMAND,SAARLAND,SAARLAND,,,,,,,,SARATOGA GLEN FARM LLC AGENT,,,,OUT,,,,0,,,,,T,2022
2023,Y,23FTSAUG,8/14/2023,1,2,646,646,,,,,1/23/2022,1,B,C,,Y,,,NY,THE FACTOR,THE FACTOR,INSPECTOR HAVERS,INSPECTOR HAVERS,TIZNOW,TIZNOW,,,,,,,,TAYLOR MADE SALES AGENCY AGENT XV,,,,TRADE WINDS FARM,,,,85000,,https://vimeo.com/853135481,,,T,2022
2023,Y,23FTSAUG,8/14/2023,1,2,647,647,,,,,2/5/2022,1,CH,C,,Y,,,NY,INSTAGRAND,INSTAGRAND,INTERLACE,INTERLACE,DECLARATION OF WAR,DECLARATION OF WAR,,,,,,,,SEQUEL NY AGENT I,,,,J. STEVENS BLOODSTOCK AGT.,,,,100000,,https://vimeo.com/852844422,,,T,2022
2023,Y,23FTSAUG,8/14/2023,1,2,648,648,,,,,4/27/2022,1,GRR,C,,Y,,,NY,GLOBAL CAMPAIGN,GLOBAL CAMPAIGN,IRISH CHARMER,IRISH CHARMER,GRAYDAR,GRAYDAR,,,,,,,,TURNING POINT BLOODSTOCK AGENT,,,,OUT,,,,0,,https://vimeo.com/852022223?share=copy,,,T,2022
2023,Y,23FTSAUG,8/14/2023,1,2,649,649,,,,,3/30/2022,1,CH,C,,Y,,,NY,KANTHAROS,KANTHAROS,IRISH DANZING,IRISH DANZING,DANZA,DANZA,,,,,,,,WINTER QUARTER FARM AGENT II,,,,NOT SOLD,,,,32000,,,,,T,2022
2023,Y,23FTSAUG,8/14/2023,1,2,650,650,,,,,2/4/2022,1,GRR,F,,Y,,,NY,MAXIMUS MISCHIEF,MAXIMUS MISCHIEF,IRISH HEROINE,IRISH HEROINE,STREET HERO,STREET HERO,,,,,,,,TURNING POINT BLOODSTOCK AGENT,,,,OUT,,,,0,,,,,T,2022
2023,Y,23FTSAUG,8/14/2023,1,2,651,651,,,,,3/31/2022,1,DKB,F,,Y,,,NY,GLOBAL CAMPAIGN,GLOBAL CAMPAIGN,IT'S TIMELESS,IT'S TIMELESS,MINESHAFT,MINESHAFT,,,,,,,,MCMAHON OF SARATOGA THOROUGHBREDS LLC AGENT,,,,NOT SOLD,,,,6000,,,,,T,2022
2023,Y,23FTSAUG,8/14/2023,1,2,652,652,,,,,1/15/2022,1,CH,C,,Y,,,NY,INSTAGRAND,INSTAGRAND,JET MAJESTY,JET MAJESTY,RAFFIE'S MAJESTY,RAFFIE'S MAJESTY,,,,,,,,STRAIGHT LINE EQUINE SALES AGENT,,,,WINDYLEA FARM LLC,,,,45000,,https://vimeo.com/853956350,,,T,2022
2023,Y,23FTSAUG,8/14/2023,1,2,653,653,,,,,4/15/2022,1,CH,F,,Y,,,NY,GAME WINNER,GAME WINNER,J'RAY'S SUNSHINE,J'RAY'S SUNSHINE,GIANT'S CAUSEWAY,GIANT'S CAUSEWAY,,,,,,,,INDIAN CREEK AGENT,,,,KINGS EQUINE,,,,37000,,https://vimeo.com/849941248?share=copy,,,T,2022
2023,Y,23FTSAUG,8/14/2023,1,2,654,654,,,,,3/30/2022,1,GRR,C,,Y,,,NY,TIZ THE LAW,TIZ THE LAW,JUDGE LEE,JUDGE LEE,STREET CRY (IRE),STREET CRY (IRE),,,,,,,,SUMMERFIELD (FRANCIS & BARBARA VANLANGENDONCK) AGENT,,,,KINGS EQUINE,,,,40000,,https://vimeo.com/853556758?share=copy,,,T,2022
2023,Y,23FTSAUG,8/14/2023,1,2,655,655,,,,,2/15/2022,1,B,C,,Y,,,NY,KITTEN'S JOY,KITTEN'S JOY,JULUCA,JULUCA,BLAME,BLAME,,,,,,,,HILL 'N' DALE AT XALAPA AGENT,,,,JOSEPH MIGLIORE AGENT FOR ADELPHI RACING CLUB,,,,25000,,,,,T,2022
2023,Y,23FTSAUG,8/14/2023,1,2,656,656,,,,,4/22/2022,1,B,C,,Y,,,NY,HONEST MISCHIEF,HONEST MISCHIEF,KAISERIN,KAISERIN,TIZNOW,TIZNOW,,,,,,,,C & S THOROUGHBREDS AGENT,,,,OUT,,,,0,,,,,T,2022
2023,Y,23FTSAUG,8/14/2023,1,2,657,657,,,,,3/3/2022,1,DKB,F,,Y,,,NY,GIRVIN,GIRVIN,KARLEY O,KARLEY O,LIAM'S MAP,LIAM'S MAP,,,,,,,,TAYLOR MADE SALES AGENCY AGENT CXIV,,,,RANDY MILES AGENT,,,,150000,,https://youtu.be/BAlV0eBCAUc,,,T,2022
2023,Y,23FTSAUG,8/14/2023,1,2,658,658,,,,,3/20/2022,1,GRR,C,,Y,,,NY,AUDIBLE,AUDIBLE,KASHAMI,KASHAMI,MIZZEN MAST,MIZZEN MAST,,,,,,,,BLAKE-ALBINA THOROUGHBRED SERVICES LLC AGENT I,,,,OUT,,,,0,,https://vimeo.com/850949023,,,T,2022
2023,Y,23FTSAUG,8/14/2023,1,2,659,659,,,,,2/3/2022,1,B,C,,Y,,,NY,CAIRO PRINCE,CAIRO PRINCE,KATHY'S CHANCE,KATHY'S CHANCE,UNION RAGS,UNION RAGS,,,,,,,,HUNTER VALLEY FARM AGENT,,,,OUT,,,,0,,,,,T,2022
2023,Y,23FTSAUG,8/14/2023,1,2,660,660,,,,,4/13/2022,1,DKB,C,,Y,,,NY,YOSHIDA (JPN),YOSHIDA (JPN),KAT O MINE,KAT O MINE,MINESHAFT,MINESHAFT,,,,,,,,THOMAS J. GALLO III SALES AGENCY AGENT,,,,SERGIO RABADAN,,,,7500,,https://youtu.be/SxpKnrQ3OtA,,,T,2022
2023,Y,23FTSAUG,8/14/2023,1,2,661,661,,,,,3/30/2022,1,GRR,C,,Y,,,NY,VOLATILE,VOLATILE,KATS GIRL CALA,KATS GIRL CALA,LEMON DROP KID,LEMON DROP KID,,,,,,,,THOMAS J. GALLO III SALES AGENCY AGENT,,,,NOT SOLD,,,,29000,,https://youtu.be/tpxpG8HIPqU,,,T,2022
2023,Y,23FTSAUG,8/14/2023,1,2,662,662,,,,,3/29/2022,1,B,C,,Y,,,NY,THOUSAND WORDS,THOUSAND WORDS,KELLY'S PRIZE,KELLY'S PRIZE,PURE PRIZE,PURE PRIZE,,,,,,,,VINERY SALES AGENT FOR ALLEN C. HALLETT,,,,CAPTIVA BLOODSTOCK,,,,47000,,,,,T,2022
2023,Y,23FTSAUG,8/14/2023,1,2,663,663,,,,,2/28/2022,1,B,F,,Y,,,NY,GOLDENCENTS,GOLDENCENTS,KILNOCKAGAIN,KILNOCKAGAIN,MIDAS EYES,MIDAS EYES,,,,,,,,VINERY SALES AGENT III,,,,OUT,,,,0,,,,,T,2022
2023,Y,23FTSAUG,8/14/2023,1,2,664,664,,,,,2/3/2022,1,DKB,C,,Y,,,NY,THE FACTOR,THE FACTOR,KITTY MADDNES,KITTY MADDNES,COURAGEOUS CAT,COURAGEOUS CAT,,,,,,,,SUMMERFIELD (FRANCIS & BARBARA VANLANGENDONCK) AGENT,,,,NOT SOLD,,,,19000,,https://vimeo.com/853552173?share=copy,,,T,2022
