SALEYEAR,SALETYPE,SALECODE,SALEDATE,BOOK,DAY,HIP,HIPNUM,HORSE,CHORSE,RATING,TATTOO,DATEFOAL,AGE,COLOR,SEX,GAIT,TYPE,RECORD,ET,ELIG,SIRE,CSIRE,DAM,CDAM,SIREOFDAM,CONSLNAME,DAMOFDAM,CDAMOFDAM,DAMTATT,DAMYOF,DDAMTATT,BREDTO,LASTBRED,CONSLNAME,CONSNO,PEMCODE,PURFNAME,PURLNAME,SBCITY,SBSTATE,SBCOUNTRY,PRICE,CURRENCY,URL,NFFM,PRIVATESALE,BREED,YEARFOAL
2023,Y,23SARAUG,8/7/2023,1,1,1,1,,,,,3/27/2022,1,DKB,F,,Y,,,KY,GUN RUNNER,GUN RUNNER,BABY GO FAR (BRZ),BABY GO FAR (BRZ),ELUSIVE QUALITY,TAYLOR MADE SALES AGENCY AGENT LVI,,,,,,,,,,,,FERGUS GALVIN AGENT,,,,375000,,,,,T,2022
2023,Y,23SARAUG,8/7/2023,1,1,2,2,,,,,3/31/2022,1,B,F,,Y,,,KY,MACLEAN'S MUSIC,MACLEAN'S MUSIC,BABY RAGS,BABY RAGS,UNION RAGS,WARRENDALE SALES AGENT IV,,,,,,,,,,,,MARTHA GLADWELL AGT FOR REEVES TB RACING STEVEN ROCCO,,,,250000,,,,,T,2022
2023,Y,23SARAUG,8/7/2023,1,1,3,3,,,,,2/17/2022,1,B,F,,Y,,,KY,STREET BOSS,STREET BOSS,BETWIXT,BETWIXT,EMPIRE MAKER,BLUEGRASS THOROUGHBRED SERVICES INC. AGENT FOR ASHVIEW FARM,,,,,,,,,,,,DEUCE GREATHOUSE AGENT PURA VIDA 24,,,,135000,,,,,T,2022
2023,Y,23SARAUG,8/7/2023,1,1,4,4,,,,,4/7/2022,1,DKB,F,,Y,,,KY,SPEIGHTSTOWN,SPEIGHTSTOWN,BICOLOUR,BICOLOUR,TIZNOW,FOUR STAR SALES AGENT,,,,,,,,,,,,LEGION BLOODSTOCK AGENT FOR HOOLIE RACING,,,,400000,,,,,T,2022
2023,Y,23SARAUG,8/7/2023,1,1,5,5,,,,,5/9/2022,1,CH,C,,Y,,,KY,JUSTIFY,JUSTIFY,BIG MEESH (IRE),BIG MEESH (IRE),HIGH CHAPARRAL (IRE),BALLYSAX BLOODSTOCK AGENT FOR GRANTLEY ACRES,,,,,,,,,,,,NOT SOLD,,,,340000,,,,,T,2022
2023,Y,23SARAUG,8/7/2023,1,1,6,6,,,,,2/10/2022,1,B,C,,Y,,,KY,JUSTIFY,JUSTIFY,BLOSSOMED,BLOSSOMED,DEPUTY MINISTER,STONE FARM AGENT,,,,,,,,,,,,NOT SOLD,,,,520000,,,,,T,2022
2023,Y,23SARAUG,8/7/2023,1,1,7,7,,,,,2/12/2022,1,CH,F,,Y,,,ON,SPEIGHTSTOWN,SPEIGHTSTOWN,BLUE CURL,BLUE CURL,CURLIN,ANDERSON FARMS,,,,,,,,,,,,HILLEN REEVES TB RACING MY RACEHORSE.COM,,,,375000,,,,,T,2022
2023,Y,23SARAUG,8/7/2023,1,1,8,8,,,,,5/9/2022,1,B,F,,Y,,,KY,AUTHENTIC,AUTHENTIC,BLUE GALLINA,BLUE GALLINA,STREET SENSE,WYNNSTAY SALES AGENT III,,,,,,,,,,,,CORBIN BLUMBERG AGENT FOR STARLIGHT RACING,,,,310000,,,,,T,2022
2023,Y,23SARAUG,8/7/2023,1,1,9,9,,,,,3/7/2022,1,B,C,,Y,,,KY,AUTHENTIC,AUTHENTIC,BRANDY,BRANDY,UNBRIDLED'S SONG,MACHMER HALL SALES AGENT FOR MACHMER HALL I,,,,,,,,,,,,MY RACEHORSE,,,,400000,,,,,T,2022
2023,Y,23SARAUG,8/7/2023,1,1,10,10,,,,,2/24/2022,1,CH,C,,Y,,,KY,AUDIBLE,AUDIBLE,BUBALA,BUBALA,CANDY RIDE (ARG),TAYLOR MADE SALES AGENCY AGENT XXXVII,,,,,,,,,,,,NOT SOLD,,,,200000,,,,,T,2022
2023,Y,23SARAUG,8/7/2023,1,1,11,11,,,,,3/22/2022,1,B,F,,Y,,,KY,MALIBU MOON,MALIBU MOON,BUFF BEAUTY,BUFF BEAUTY,STREET SENSE,EATON SALES AGENT,,,,,,,,,,,,ALISTAIR RODEN AGENT FOR MKW RACING & BREEDING,,,,300000,,,,,T,2022
2023,Y,23SARAUG,8/7/2023,1,1,12,12,,,,,2/19/2022,1,B,F,,Y,,,KY,MCKINZIE,MCKINZIE,BUY ME A ROSE,BUY ME A ROSE,VIOLENCE,PARAMOUNT SALES AGENT V,,,,,,,,,,,,NOT SOLD,,,,340000,,,,,T,2022
2023,Y,23SARAUG,8/7/2023,1,1,13,13,,,,,5/2/2022,1,B,C,,Y,,,KY,UNCLE MO,UNCLE MO,CANTEEN,CANTEEN,CANDY RIDE (ARG),TAYLOR MADE SALES AGENCY AGENT XXV,,,,,,,,,,,,STOCK THOROUGHBREDS,,,,270000,,,,,T,2022
2023,Y,23SARAUG,8/7/2023,1,1,14,14,,,,,5/3/2022,1,DKB,F,,Y,,,KY,IMPROBABLE,IMPROBABLE,CATCH MY DRIFT,CATCH MY DRIFT,PIONEEROF THE NILE,DENALI STUD AGENT FOR WINSTAR FARM BRED & RAISED,,,,,,,,,,,,CENTENNIAL FARMS LLC,,,,385000,,,,,T,2022
2023,Y,23SARAUG,8/7/2023,1,1,15,15,,,,,2/20/2022,1,CH,F,,Y,,,KY,TOM'S D'ETAT,TOM'S D'ETAT,CATHERINETHEGREAT,CATHERINETHEGREAT,UNCAPTURED,ELITE AGENT FOR WINSTAR FARM BRED & RAISED,,,,,,,,,,,,WOODSLANE FARM LLC,,,,160000,,,,,T,2022
2023,Y,23SARAUG,8/7/2023,1,1,16,16,,,,,3/15/2022,1,CH,F,,Y,,,KY,ENGLISH CHANNEL,ENGLISH CHANNEL,CHARREADA,CHARREADA,KITTEN'S JOY,BUCKLAND SALES (ZACH MADDEN) AGENT XII,,,,,,,,,,,,FERGUS GALVIN AGENT,,,,285000,,,,,T,2022
2023,Y,23SARAUG,8/7/2023,1,1,17,17,,,,,5/13/2022,1,GRR,F,,Y,,,KY,PRACTICAL JOKE,PRACTICAL JOKE,CHOCOLATE POP,CHOCOLATE POP,CUVEE,FOUR STAR SALES AGENT,,,,,,,,,,,,MIKE RYAN AGENT,,,,350000,,,,,T,2022
2023,Y,23SARAUG,8/7/2023,1,1,18,18,,,,,3/9/2022,1,DKB,C,,Y,,,MD,MACLEAN'S MUSIC,MACLEAN'S MUSIC,CHOSEN VENTURE,CHOSEN VENTURE,PIONEEROF THE NILE,SCOTT MALLORY AGENT FOR DETERMINED STUD,,,,,,,,,,,,BARRY BERKELHAMMER AGT FOR HILLWOOD STABLE,,,,275000,,,,,T,2022
2023,Y,23SARAUG,8/7/2023,1,1,19,19,,,,,4/2/2022,1,B,F,,Y,,,KY,VOLATILE,VOLATILE,CLARENDON FANCY,CLARENDON FANCY,MALIBU MOON,WYNNSTAY SALES AGENT III,,,,,,,,,,,,OCALA STUD AGENT,,,,285000,,,,,T,2022
2023,Y,23SARAUG,8/7/2023,1,1,20,20,,,,,3/20/2022,1,CH,F,,Y,,,KY,NOT THIS TIME,NOT THIS TIME,CLASS INCLUDED,CLASS INCLUDED,INCLUDE,BUCK POND FARM (DOUGLAS S. ARNOLD) AGENT,,,,,,,,,,,,ORACLE BLOODSTOCK AGENT,,,,275000,,,,,T,2022
2023,Y,23SARAUG,8/7/2023,1,1,21,21,,,,,1/20/2022,1,B,C,,Y,,,KY,MCKINZIE,MCKINZIE,CLASSY ACT,CLASSY ACT,INTO MISCHIEF,INDIAN CREEK AGENT,,,,,,,,,,,,QUARTER POLE ENTERPRISES LLC,,,,225000,,,,,T,2022
2023,Y,23SARAUG,8/7/2023,1,1,22,22,,,,,3/21/2022,1,B,C,,Y,,,KY,MUNNINGS,MUNNINGS,COLORFUL SENSE,COLORFUL SENSE,STREET SENSE,TAYLOR MADE SALES AGENCY AGENT XCIV,,,,,,,,,,,,OUT,,,,0,,,,,T,2022
2023,Y,23SARAUG,8/7/2023,1,1,23,23,,,,,3/14/2022,1,B,C,,Y,,,FA,QUALITY ROAD,QUALITY ROAD,COME A CALLIN,COME A CALLIN,DIXIE UNION,EATON SALES AGENT,,,,,,,,,,,,NOT SOLD,,,,675000,,,,,T,2022
2023,Y,23SARAUG,8/7/2023,1,1,24,24,,,,,3/1/2022,1,DKB,F,,Y,,,KY,OMAHA BEACH,OMAHA BEACH,COMPLICATED,COMPLICATED,BLAME,INDIAN CREEK AGENT,,,,,,,,,,,,LIVE OAK PLANTATION,,,,750000,,,,,T,2022
2023,Y,23SARAUG,8/7/2023,1,1,26,26,,,,,4/5/2022,1,DKB,F,,Y,,,ON,NOT THIS TIME,NOT THIS TIME,COUNT TO THREE,COUNT TO THREE,RED RANSOM,ST GEORGE SALES AGENT III,,,,,,,,,,,,TMC,,,,250000,,,,,T,2022
2023,Y,23SARAUG,8/7/2023,1,1,27,27,,,,,2/28/2022,1,DKB,F,,Y,,,KY,MIDNIGHT LUTE,MIDNIGHT LUTE,CUSTODY,CUSTODY,BROKEN VOW,HILL 'N' DALE AT XALAPA AGENT,,,,,,,,,,,,AMALFI BLOODSTOCK,,,,125000,,,,,T,2022
2023,Y,23SARAUG,8/7/2023,1,1,28,28,,,,,5/3/2022,1,B,F,,Y,,,KY,MEDAGLIA D'ORO,MEDAGLIA D'ORO,DAME MARIE,DAME MARIE,SMART STRIKE,BLUEWATER SALES LLC AGENT IV,,,,,,,,,,,,FERGUS GALVINAGT,,,,385000,,,,,T,2022
2023,Y,23SARAUG,8/7/2023,1,1,29,29,,,,,3/6/2022,1,B,F,,Y,,,KY,HARD SPUN,HARD SPUN,DANGEROUS DIVA,DANGEROUS DIVA,DEPUTY MINISTER,HUNTER VALLEY FARM AGENT,,,,,,,,,,,,KENNETH MCPEEK AGENT,,,,400000,,,,,T,2022
2023,Y,23SARAUG,8/7/2023,1,1,30,30,,,,,3/23/2022,1,DKB,C,,Y,,,KY,NOT THIS TIME,NOT THIS TIME,DARK BEFORE DAWN,DARK BEFORE DAWN,GHOSTZAPPER,HUNTER VALLEY FARM AGENT,,,,,,,,,,,,BRADLEY THOROUGHBREDS AGT FOR RODEO CREEK RACING LLC,,,,400000,,,,,T,2022
2023,Y,23SARAUG,8/7/2023,1,1,31,31,,,,,5/7/2022,1,CH,F,,Y,,,ON,GOOD MAGIC,GOOD MAGIC,DESIGNER LEGS,DESIGNER LEGS,GRAEME HALL,CARA BLOODSTOCK AGENT FOR SAINTSBURY FARMS (JAY & CHRISTINE HAYDEN),,,,,,,,,,,,NOT SOLD,,,,115000,,,,,T,2022
2023,Y,23SARAUG,8/7/2023,1,1,32,32,,,,,4/20/2022,1,B,F,,Y,,,KY,GOOD MAGIC,GOOD MAGIC,DEVIOUS INTENT,DEVIOUS INTENT,DIXIE UNION,LEGACY BLOODSTOCK AGENT I,,,,,,,,,,,,SOLIS/LITT,,,,325000,,,,,T,2022
2023,Y,23SARAUG,8/7/2023,1,1,33,33,,,,,2/28/2022,1,B,F,,Y,,,KY,GUN RUNNER,GUN RUNNER,DIVINE DAWN,DIVINE DAWN,DIVINE PARK,GAINESWAY AGENT VIII,,,,,,,,,,,,LAUREN CARLISLE AGT,,,,850000,,,,,T,2022
2023,Y,23SARAUG,8/7/2023,1,1,34,34,,,,,2/18/2022,1,DKB,F,,Y,,,KY,NOT THIS TIME,NOT THIS TIME,DREAMS TO REALITY,DREAMS TO REALITY,LOOKIN AT LUCKY,PARAMOUNT SALES AGENT VIII,,,,,,,,,,,,NOT SOLD,,,,285000,,,,,T,2022
2023,Y,23SARAUG,8/7/2023,1,1,35,35,,,,,4/1/2022,1,B,C,,Y,,,KY,TAPIT,TAPIT,DURABLE GOODS,DURABLE GOODS,MEDAGLIA D'ORO,ELITE AGENT,,,,,,,,,,,,PIN OAK STUD,,,,350000,,,,,T,2022
2023,Y,23SARAUG,8/7/2023,1,1,36,36,,,,,2/6/2022,1,DKB,C,,Y,,,VA,CONSTITUTION,CONSTITUTION,ELLYB,ELLYB,PIONEEROF THE NILE,VINERY SALES AGENT,,,,,,,,,,,,BELLADONNA RACING VI CHERIE DEVAUX,,,,350000,,,,,T,2022
2023,Y,23SARAUG,8/7/2023,1,1,37,37,,,,,3/20/2022,1,DKB,C,,Y,,,FA,GUNNEVERA,GUNNEVERA,EMOTIONAL ROAR,EMOTIONAL ROAR,ROAR OF THE TIGER,MACHMER HALL SALES AGENT IV,,,,,,,,,,,,DIRECT DIAL BLOODSTOCK,,,,255000,,,,,T,2022
2023,Y,23SARAUG,8/7/2023,1,1,38,38,,,,,5/4/2022,1,CH,F,,Y,,,KY,CURLIN,CURLIN,ENCHANTED ROCK,ENCHANTED ROCK,GIANT'S CAUSEWAY,ELITE AGENT,,,,,,,,,,,,MIKE RYAN AGENT,,,,450000,,,,,T,2022
2023,Y,23SARAUG,8/7/2023,1,1,39,39,,,,,2/14/2022,1,B,F,,Y,,,KY,MORE THAN READY,MORE THAN READY,EPISCOPAL,EPISCOPAL,CARPE DIEM,TAYLOR MADE SALES AGENCY AGENT XV,,,,,,,,,,,,NOT SOLD,,,,275000,,,,,T,2022
2023,Y,23SARAUG,8/7/2023,1,1,40,40,,,,,2/22/2022,1,B,F,,Y,,,KY,LIAM'S MAP,LIAM'S MAP,ESTORIL,ESTORIL,INTO MISCHIEF,SUMMERFIELD (FRANCIS & BARBARA VANLANGENDONCK) AGENT,,,,,,,,,,,,OUT,,,,0,,,,,T,2022
2023,Y,23SARAUG,8/7/2023,1,1,41,41,,,,,4/24/2022,1,B,F,,Y,,,KY,TWIRLING CANDY,TWIRLING CANDY,EUROPEAN UNION,EUROPEAN UNION,SUCCESSFUL APPEAL,MULHOLLAND SPRINGS AGENT II,,,,,,,,,,,,NOT SOLD,,,,140000,,,,,T,2022
2023,Y,23SARAUG,8/7/2023,1,1,42,42,,,,,4/12/2022,1,B,C,,Y,,,KY,WAR OF WILL,WAR OF WILL,EXCUSES BEGONE,EXCUSES BEGONE,MEDAGLIA D'ORO,TAYLOR MADE SALES AGENCY AGENT FOR DJ STABLES LLC GRADUATE,,,,,,,,,,,,MUIR HUT STABLES LLC,,,,380000,,,,,T,2022
2023,Y,23SARAUG,8/7/2023,1,1,43,43,,,,,2/23/2022,1,CH,C,,Y,,,KY,CURLIN,CURLIN,FARRELL,FARRELL,MALIBU MOON,TAYLOR MADE SALES AGENCY AGENT XVII,,,,,,,,,,,,NOT SOLD,,,,500000,,,,,T,2022
2023,Y,23SARAUG,8/7/2023,1,1,44,44,,,,,1/24/2022,1,B,F,,Y,,,KY,CITY OF LIGHT,CITY OF LIGHT,FASCINATE,FASCINATE,CURLIN,INDIAN CREEK AGENT,,,,,,,,,,,,OUT,,,,0,,,,,T,2022
2023,Y,23SARAUG,8/7/2023,1,1,45,45,,,,,4/11/2022,1,GRR,F,,Y,,,KY,BLAME,BLAME,FASTBRIDLED,FASTBRIDLED,UNBRIDLED'S SONG,MILL RIDGE SALES AGENT,,,,,,,,,,,,NOT SOLD,,,,120000,,,,,T,2022
2023,Y,23SARAUG,8/7/2023,1,1,46,46,,,,,3/20/2022,1,CH,C,,Y,,,KY,GUN RUNNER,GUN RUNNER,FLAG DAY,FLAG DAY,GIANT'S CAUSEWAY,DENALI STUD AGENT III,,,,,,,,,,,,NOT SOLD,,,,725000,,,,,T,2022
2023,Y,23SARAUG,8/7/2023,1,1,47,47,,,,,3/13/2022,1,B,C,,Y,,,KY,CITY OF LIGHT,CITY OF LIGHT,FLY TIME,FLY TIME,MR SPEAKER,LANE'S END AGENT,,,,,,,,,,,,BC STABLES LLC,,,,650000,,,,,T,2022
2023,Y,23SARAUG,8/7/2023,1,1,48,48,,,,,3/22/2022,1,CH,F,,Y,,,KY,GOOD MAGIC,GOOD MAGIC,FOREST GAMBLE,FOREST GAMBLE,FOREST WILDCAT,HILL 'N' DALE AT XALAPA AGENT,,,,,,,,,,,,ARNMORE THOROUGHBREDS LLC,,,,600000,,,,,T,2022
2023,Y,23SARAUG,8/7/2023,1,1,49,49,,,,,3/13/2022,1,GRR,C,,Y,,,KY,QUALITY ROAD,QUALITY ROAD,FROLIC'S DREAM,FROLIC'S DREAM,SMOKE GLACKEN,BEDOUIN BLOODSTOCK AGENT,,,,,,,,,,,,DONATO LANNI AGENT FOR SF/STARLIGHT/MADAKET,,,,650000,,,,,T,2022
2023,Y,23SARAUG,8/7/2023,1,1,50,50,,,,,2/10/2022,1,B,F,,Y,,,KY,UNCLE MO,UNCLE MO,FULL SWING,FULL SWING,VERRAZANO,HUNTER VALLEY FARM AGENT,,,,,,,,,,,,NOT SOLD,,,,250000,,,,,T,2022
2023,Y,23SARAUG,8/7/2023,1,1,51,51,,,,,3/23/2022,1,B,F,,Y,,,FA,UNCLE MO,UNCLE MO,GABRIELLESTOBLAME,GABRIELLESTOBLAME,BLAME,GAINESWAY AGENT FOR BRIDLEWOOD FARM,,,,,,,,,,,,OUT,,,,0,,,,,T,2022
2023,Y,23SARAUG,8/7/2023,1,1,52,52,,,,,3/21/2022,1,DKB,C,,Y,,,KY,INSTAGRAND,INSTAGRAND,GARDEN DISTRICT,GARDEN DISTRICT,DIXIE UNION,FOUR STAR SALES AGENT,,,,,,,,,,,,OUT,,,,0,,,,,T,2022
2023,Y,23SARAUG,8/7/2023,1,1,53,53,,,,,4/2/2022,1,B,C,,Y,,,KY,PRACTICAL JOKE,PRACTICAL JOKE,GLAD YOUR BACK,GLAD YOUR BACK,SPEIGHTSTOWN,PARAMOUNT SALES AGENT VII,,,,,,,,,,,,ZD HORSE RACING AND MGMT.,,,,250000,,,,,T,2022
2023,Y,23SARAUG,8/7/2023,1,1,54,54,,,,,5/3/2022,1,B,F,,Y,,,KY,OSCAR PERFORMANCE,OSCAR PERFORMANCE,GOING DAY,GOING DAY,DAYLAMI (IRE),MILL RIDGE SALES AGENT,,,,,,,,,,,,GEORGE T RACING,,,,235000,,,,,T,2022
2023,Y,23SARAUG,8/7/2023,1,1,55,55,,,,,2/12/2022,1,B,C,,Y,,,ON,MACLEAN'S MUSIC,MACLEAN'S MUSIC,GOLDEN AMBER,GOLDEN AMBER,GEMOLOGIST,CARA BLOODSTOCK AGENT FOR SAINTSBURY FARMS (JAY & CHRISTINE HAYDEN),,,,,,,,,,,,STONESTREET STABLES LLC,,,,400000,,,,,T,2022
2023,Y,23SARAUG,8/7/2023,1,1,56,56,,,,,3/27/2022,1,CH,C,,Y,,,KY,AUTHENTIC,AUTHENTIC,GOLDEN DOMER,GOLDEN DOMER,QUALITY ROAD,FOUR STAR SALES AGENT FOR SPENDTHRIFT FARM LLC,,,,,,,,,,,,DONATO LANNI AGENT FOR SF/STARLIGHT/MADAKET,,,,875000,,,,,T,2022
2023,Y,23SARAUG,8/7/2023,1,1,57,57,,,,,4/4/2022,1,CH,F,,Y,,,KY,MUNNINGS,MUNNINGS,GOLD MEDAL DANCER,GOLD MEDAL DANCER,MEDAGLIA D'ORO,BEDOUIN BLOODSTOCK AGENT II,,,,,,,,,,,,TOM MCCROCKLIN AGENT FOR CHAMPION EQUINE,,,,775000,,,,,T,2022
2023,Y,23SARAUG,8/7/2023,1,1,58,58,,,,,2/13/2022,1,B,F,,Y,,,KY,MACLEAN'S MUSIC,MACLEAN'S MUSIC,GRAN CHERRY,GRAN CHERRY,FIRST DUDE,TAYLOR MADE SALES AGENCY AGENT LIX,,,,,,,,,,,,NOT SOLD,,,,120000,,,,,T,2022
2023,Y,23SARAUG,8/7/2023,1,1,59,59,,,,,4/3/2022,1,CH,C,,Y,,,KY,TAPIT,TAPIT,GRANNY MC'S KITTEN,GRANNY MC'S KITTEN,KITTEN'S JOY,MULHOLLAND SPRINGS AGENT II,,,,,,,,,,,,OUT,,,,0,,,,,T,2022
2023,Y,23SARAUG,8/7/2023,1,1,60,60,,,,,2/20/2022,1,DKB,C,,Y,,,KY,MUNNINGS,MUNNINGS,GUILTY VERDICT,GUILTY VERDICT,MEDAGLIA D'ORO,TAYLOR MADE SALES AGENCY AGENT XXXV,,,,,,,,,,,,WESLEY WARD,,,,260000,,,,,T,2022
2023,Y,23SARAUG,8/7/2023,1,1,62,62,,,,,5/23/2022,1,CH,C,,Y,,,KY,MUNNINGS,MUNNINGS,HADDIE BE GOOD,HADDIE BE GOOD,SILVER DEPUTY,TAYLOR MADE SALES AGENCY AGENT LVI,,,,,,,,,,,,LEGION BLOODSTOCK AGENT,,,,300000,,,,,T,2022
2023,Y,23SARAUG,8/7/2023,1,1,63,63,,,,,2/20/2022,1,B,F,,Y,,,KY,MCKINZIE,MCKINZIE,HARLAN'S HONOR,HARLAN'S HONOR,HARLAN'S HOLIDAY,ST GEORGE SALES AGENT II,,,,,,,,,,,,LAEL STABLE,,,,450000,,,,,T,2022
2023,Y,23SARAUG,8/7/2023,1,1,64,64,,,,,2/4/2022,1,GRR,C,,Y,,,KY,MEDAGLIA D'ORO,MEDAGLIA D'ORO,HAY FLO,HAY FLO,CAIRO PRINCE,TAYLOR MADE SALES AGENCY AGENT XC,,,,,,,,,,,,NOT SOLD,,,,275000,,,,,T,2022
2023,Y,23SARAUG,8/7/2023,1,1,65,65,,,,,3/23/2022,1,B,C,,Y,,,KY,TAPIT,TAPIT,HEAT STREET,HEAT STREET,STREET CRY (IRE),GAINESWAY AGENT IX,,,,,,,,,,,,OUT,,,,0,,,,,T,2022
2023,Y,23SARAUG,8/7/2023,1,1,66,66,,,,,3/7/2022,1,DKB,F,,Y,,,IRE,NO NAY NEVER,NO NAY NEVER,HINDAAM,HINDAAM,ARCH,GAINESWAY AGENT III,,,,,,,,,,,,ANDREW FARM & LADY SHEILA,,,,270000,,,,,T,2022
2023,Y,23SARAUG,8/7/2023,1,1,67,67,,,,,4/27/2022,1,GRR,F,,Y,,,KY,OMAHA BEACH,OMAHA BEACH,HIPPOCAMPUS,HIPPOCAMPUS,TAPIT,TAYLOR MADE SALES AGENCY AGENT FOR SPENDTHRIFT FARM LLC,,,,,,,,,,,,CENTENNIAL FARMS LLC,,,,400000,,,,,T,2022
2023,Y,23SARAUG,8/7/2023,1,1,68,68,,,,,2/8/2022,1,B,C,,Y,,,KY,AUTHENTIC,AUTHENTIC,HOME OF THE BLUES,HOME OF THE BLUES,STREET CRY (IRE),LANE'S END AGENT,,,,,,,,,,,,NOT SOLD,,,,270000,,,,,T,2022
2023,Y,23SARAUG,8/7/2023,1,1,69,69,,,,,3/27/2022,1,B,F,,Y,,,KY,LIAM'S MAP,LIAM'S MAP,HOPEFUL GROWTH,HOPEFUL GROWTH,TAPITURE,DARBY DAN FARM AGENT I,,,,,,,,,,,,NOT SOLD,,,,225000,,,,,T,2022
2023,Y,23SARAUG,8/7/2023,1,1,71,71,,,,,2/18/2022,1,B,F,,Y,,,KY,COMPLEXITY,COMPLEXITY,HUDSON RIVER GAL,HUDSON RIVER GAL,DYNAFORMER,MILL RIDGE SALES AGENT,,,,,,,,,,,,AAB BLOODSTOCK,,,,170000,,,,,T,2022
2023,Y,23SARAUG,8/7/2023,1,1,72,72,,,,,4/5/2022,1,B,F,,Y,,,MD,MORE THAN READY,MORE THAN READY,HURRYUPANDCOMEBACK,HURRYUPANDCOMEBACK,MIZZEN MAST,MILL RIDGE SALES AGENT,,,,,,,,,,,,OUT,,,,0,,,,,T,2022
2023,Y,23SARAUG,8/7/2023,1,1,73,73,,,,,2/7/2022,1,B,F,,Y,,,KY,NYQUIST,NYQUIST,ICE CREAM,ICE CREAM,BERNARDINI,TAYLOR MADE SALES AGENCY AGENT FOR DJ STABLES LLC GRADUATE,,,,,,,,,,,,STEVE CARR,,,,290000,,,,,T,2022
2023,Y,23SARAUG,8/7/2023,1,1,74,74,,,,,4/4/2022,1,B,C,,Y,,,KY,CONSTITUTION,CONSTITUTION,ICON PROJECT,ICON PROJECT,EMPIRE MAKER,LANE'S END AGENT,,,,,,,,,,,,WEST POINT TB L.E.B. AGENT,,,,200000,,,,,T,2022
2023,Y,23SARAUG,8/7/2023,1,1,75,75,,,,,2/28/2022,1,CH,C,,Y,,,KY,GUN RUNNER,GUN RUNNER,IF NOT FOR HER,IF NOT FOR HER,NOT FOR LOVE,DENALI STUD AGENT,,,,,,,,,,,,OUT,,,,0,,,,,T,2022
2023,Y,23SARAUG,8/7/2023,1,1,76,76,,,,,3/3/2022,1,B,F,,Y,,,KY,GUN RUNNER,GUN RUNNER,IL BRIGANTE,IL BRIGANTE,KELA,TAYLOR MADE SALES AGENCY AGENT XX,,,,,,,,,,,,NOT SOLD,,,,350000,,,,,T,2022
2023,Y,23SARAUG,8/7/2023,1,1,77,77,,,,,3/18/2022,1,B,C,,Y,,,KY,QUALITY ROAD,QUALITY ROAD,I'M A LOOKER,I'M A LOOKER,HENNY HUGHES,GAINESWAY AGENT FOR STONESTREET BRED & RAISED,,,,,,,,,,,,ELLIOTT/MCELROY AGENT FOR AMO RACING,,,,1100000,,,,,T,2022
2023,Y,23SARAUG,8/7/2023,1,1,78,78,,,,,3/14/2022,1,CH,C,,Y,,,KY,VEKOMA,VEKOMA,INCONCLUSIVE,INCONCLUSIVE,INCLUDE,TAYLOR MADE SALES AGENCY AGENT VII,,,,,,,,,,,,JOHN P FORT,,,,200000,,,,,T,2022
2023,Y,23SARAUG,8/7/2023,1,1,79,79,,,,,2/6/2022,1,B,C,,Y,,,KY,AMERICAN PHAROAH,AMERICAN PHAROAH,INDIAN PRIDE,INDIAN PRIDE,PROUD CITIZEN,AIRDRIE STUD RAISED & OFFERED,,,,,,,,,,,,GUS KING,,,,600000,,,,,T,2022
2023,Y,23SARAUG,8/7/2023,1,1,80,80,,,,,3/26/2022,1,GRR,F,,Y,,,KY,MEDAGLIA D'ORO,MEDAGLIA D'ORO,IN THE MOONLIGHT,IN THE MOONLIGHT,TAPIT,WARRENDALE SALES AGENT I,,,,,,,,,,,,BRADLEY THOROUGHBREDS AGT FOR RODEO CREEK RACING LLC,,,,320000,,,,,T,2022
2023,Y,23SARAUG,8/7/2023,1,1,81,81,,,,,5/19/2022,1,GRR,C,,Y,,,KY,AUTHENTIC,AUTHENTIC,IRISH BLESSING,IRISH BLESSING,UNBRIDLED'S SONG,BRIDIE HARRISON AGENT FOR PETER E. BLUM THOROUGHBREDS,,,,,,,,,,,,ROCKET SHIP RACING LLC,,,,210000,,,,,T,2022
2023,Y,23SARAUG,8/7/2023,1,1,82,82,,,,,3/11/2022,1,B,F,,Y,,,KY,VEKOMA,VEKOMA,JOINT RETURN,JOINT RETURN,INCLUDE,TAYLOR MADE SALES AGENCY AGENT FOR SPENDTHRIFT FARM LLC,,,,,,,,,,,,TALLA RACING,,,,250000,,,,,T,2022
2023,Y,23SARAUG,8/7/2023,1,1,83,83,,,,,4/5/2022,1,CH,F,,Y,,,KY,AUTHENTIC,AUTHENTIC,KID MAJIC,KID MAJIC,LEMON DROP KID,WYNNSTAY SALES AGENT,,,,,,,,,,,,NOT SOLD,,,,475000,,,,,T,2022
2023,Y,23SARAUG,8/7/2023,1,1,84,84,,,,,3/25/2022,1,B,C,,Y,,,FA,GIRVIN,GIRVIN,K J WARRIOR,K J WARRIOR,TAPIT,ST GEORGE SALES AGENT I,,,,,,,,,,,,OUT,,,,0,,,,,T,2022
2023,Y,23SARAUG,8/7/2023,1,1,85,85,,,,,2/11/2022,1,DKB,C,,Y,,,KY,MCKINZIE,MCKINZIE,KOALA QUEEN,KOALA QUEEN,LONHRO (AUS),RUNNYMEDE FARM LLC AGENT,,,,,,,,,,,,CRK STABLE LLC,,,,700000,,,,,T,2022
2023,Y,23SARAUG,8/7/2023,1,1,86,86,,,,,3/9/2022,1,GRR,C,,Y,,,KY,INTO MISCHIEF,INTO MISCHIEF,LADY GODIVA,LADY GODIVA,UNBRIDLED'S SONG,TAYLOR MADE SALES AGENCY AGENT XXXV,,,,,,,,,,,,NOT SOLD,,,,325000,,,,,T,2022
2023,Y,23SARAUG,8/7/2023,1,1,87,87,,,,,1/12/2022,1,CH,F,,Y,,,KY,CURLIN,CURLIN,LADY T N T,LADY T N T,JUSTIN PHILLIP,DENALI STUD AGENT II,,,,,,,,,,,,DAVID LANIGAN AGT FOR CINDY HEIDER(HEIDER FAMILY STABLES),,,,1050000,,,,,T,2022
2023,Y,23SARAUG,8/7/2023,1,1,88,88,,,,,4/25/2022,1,DKB,F,,Y,,,KY,UNCLE MO,UNCLE MO,LASEEN (IRE),LASEEN (IRE),DYLAN THOMAS (IRE),TAYLOR MADE SALES AGENCY AGENT LVI,,,,,,,,,,,,NOT SOLD,,,,190000,,,,,T,2022
2023,Y,23SARAUG,8/7/2023,1,1,89,89,,,,,2/6/2022,1,DKB,C,,Y,,,KY,UNCLE MO,UNCLE MO,LASTOFTHSUMMERWINE,LASTOFTHSUMMERWINE,SKY MESA,FOUR STAR SALES AGENT,,,,,,,,,,,,NOT SOLD,,,,385000,,,,,T,2022
2023,Y,23SARAUG,8/7/2023,1,1,90,90,,,,,3/17/2022,1,CH,C,,Y,,,KY,KITTEN'S JOY,KITTEN'S JOY,LEGAL TENDER,LEGAL TENDER,GIANT'S CAUSEWAY,LANE'S END AGENT,,,,,,,,,,,,WEST POINT TB L.E.B. AGENT,,,,275000,,,,,T,2022
2023,Y,23SARAUG,8/7/2023,1,1,91,91,,,,,2/23/2022,1,B,C,,Y,,,KY,IMPROBABLE,IMPROBABLE,LEMON DE ORO,LEMON DE ORO,LEMON DROP KID,BLUEGRASS THOROUGHBRED SERVICES INC. AGENT FOR WILLOW OAKS STABLE LLC,,,,,,,,,,,,TOM MCCROCKLIN AGENT FOR CHAMPION EQUINE,,,,425000,,,,,T,2022
2023,Y,23SARAUG,8/7/2023,1,1,92,92,,,,,4/7/2022,1,CH,C,,Y,,,KY,SPEIGHTSTOWN,SPEIGHTSTOWN,LESLEY MAY,LESLEY MAY,TAPIT,SUMMERFIELD (FRANCIS & BARBARA VANLANGENDONCK) AGENT FOR STONESTREET BRED & RAISED,,,,,,,,,,,,MIKE RYAN AGENT,,,,485000,,,,,T,2022
2023,Y,23SARAUG,8/7/2023,1,1,93,93,,,,,1/29/2022,1,B,C,,Y,,,KY,TIZ THE LAW,TIZ THE LAW,LIFE STARTS,LIFE STARTS,INTO MISCHIEF,NORTHVIEW STALLION STATION (DAVID WADE) AGENT,,,,,,,,,,,,R T RACING STABLE LLC,,,,100000,,,,,T,2022
2023,Y,23SARAUG,8/7/2023,1,1,94,94,,,,,5/1/2022,1,CH,C,,Y,,,KY,VOLATILE,VOLATILE,LIGHT OF THE NILE,LIGHT OF THE NILE,ESKENDEREYA,DENALI STUD AGENT,,,,,,,,,,,,PIN OAK STUD,,,,600000,,,,,T,2022
2023,Y,23SARAUG,8/7/2023,1,1,95,95,,,,,2/1/2022,1,B,C,,Y,,,KY,JUSTIFY,JUSTIFY,LIVING THE LIFE (IRE),LIVING THE LIFE (IRE),FOOTSTEPSINTHESAND (GB),EATON SALES AGENT,,,,,,,,,,,,PETER BRANT,,,,600000,,,,,T,2022
2023,Y,23SARAUG,8/7/2023,1,1,96,96,,,,,3/4/2022,1,DKB,C,,Y,,,KY,GUN RUNNER,GUN RUNNER,LORELEI TRUE,LORELEI TRUE,UNBRIDLED'S SONG,MACHMER HALL SALES AGENT FOR MACHMER HALL,,,,,,,,,,,,NOT SOLD,,,,525000,,,,,T,2022
2023,Y,23SARAUG,8/7/2023,1,1,97,97,,,,,2/23/2022,1,B,F,,Y,,,PA,BOLT D'ORO,BOLT D'ORO,LOVELY SYN,LOVELY SYN,FREUD,TAYLOR MADE SALES AGENCY AGENT XCVI,,,,,,,,,,,,LEGION BLOODSTOCK AGENT FOR HOOLIE RACING,,,,290000,,,,,T,2022
2023,Y,23SARAUG,8/7/2023,1,1,98,98,,,,,4/1/2022,1,DKB,F,,Y,,,KY,IMPROBABLE,IMPROBABLE,LOVE THEWAY YOUARE,LOVE THEWAY YOUARE,ARCH,MACHMER HALL SALES AGENT V,,,,,,,,,,,,NOT SOLD,,,,240000,,,,,T,2022
2023,Y,23SARAUG,8/7/2023,1,1,99,99,,,,,4/21/2022,1,B,C,,Y,,,KY,HONOR A. P.,HONOR A. P.,LUCKYCALL,LUCKYCALL,ITSMYLUCKYDAY,TAYLOR MADE SALES AGENCY AGENT XC,,,,,,,,,,,,NOT SOLD,,,,130000,,,,,T,2022
2023,Y,23SARAUG,8/7/2023,1,1,100,100,,,,,2/3/2022,1,B,C,,Y,,,KY,GOOD MAGIC,GOOD MAGIC,MAGGIE D'ORO,MAGGIE D'ORO,MEDAGLIA D'ORO,GAINESWAY AGENT VII,,,,,,,,,,,,MIKE MCCARTY,,,,300000,,,,,T,2022
2023,Y,23SARAUG,8/7/2023,1,1,101,101,,,,,2/8/2022,1,B,F,,Y,,,PA,JUSTIFY,JUSTIFY,MAHKAMA,MAHKAMA,BERNARDINI,WARRENDALE SALES AGENT II,,,,,,,,,,,,SIESTA BLOODSTOCK,,,,210000,,,,,T,2022
2023,Y,23SARAUG,8/7/2023,1,1,102,102,,,,,5/11/2022,1,B,C,,Y,,,KY,MCKINZIE,MCKINZIE,MAPIT,MAPIT,TAPIT,TAYLOR MADE SALES AGENCY AGENT CVIII,,,,,,,,,,,,KLARAVICH STABLE,,,,300000,,,,,T,2022
2023,Y,23SARAUG,8/7/2023,1,1,103,103,,,,,2/22/2022,1,CH,C,,Y,,,KY,JUSTIFY,JUSTIFY,MARKETPLACE,MARKETPLACE,STORMY ATLANTIC,BLUEWATER SALES LLC AGENT,,,,,,,,,,,,WEST BLDSTK AGT FOR ROBERT & LAWANA LOW,,,,850000,,,,,T,2022
2023,Y,23SARAUG,8/7/2023,1,1,104,104,,,,,4/9/2022,1,B,C,,Y,,,KY,GOOD MAGIC,GOOD MAGIC,LOVE THAT,LOVE THAT,FORESTRY,GAINESWAY AGENT VII,,,,,,,,,,,,OUT,,,,0,,,,,T,2022
2023,Y,23SARAUG,8/7/2023,1,1,105,105,,,,,3/11/2022,1,CH,C,,Y,,,KY,GUN RUNNER,GUN RUNNER,MARQUEE DREAMS,MARQUEE DREAMS,FROSTED,GAINESWAY AGENT XI,,,,,,,,,,,,MIKE RYAN AGENT,,,,300000,,,,,T,2022
2023,Y,23SARAUG,8/7/2023,1,1,106,106,,,,,4/12/2022,1,B,C,,Y,,,KY,INTO MISCHIEF,INTO MISCHIEF,MEAL TICKET,MEAL TICKET,MALIBU MOON,MULHOLLAND SPRINGS AGENT I,,,,,,,,,,,,BC STABLES LLC,,,,850000,,,,,T,2022
2023,Y,23SARAUG,8/7/2023,1,1,107,107,,,,,3/3/2022,1,GRR,C,,Y,,,KY,SPEIGHTSTOWN,SPEIGHTSTOWN,MEG FITZ,MEG FITZ,TAPIT,BLAKE-ALBINA THOROUGHBRED SERVICES LLC AGENT I,,,,,,,,,,,,EUREKA LTD,,,,600000,,,,,T,2022
2023,Y,23SARAUG,8/7/2023,1,1,108,108,,,,,3/16/2022,1,CH,F,,Y,,,KY,NOT THIS TIME,NOT THIS TIME,MEMA,MEMA,UNBRIDLED'S SONG,TAYLOR MADE SALES AGENCY AGENT XXIV,,,,,,,,,,,,CRK STABLE LLC,,,,300000,,,,,T,2022
2023,Y,23SARAUG,8/7/2023,1,1,109,109,,,,,3/8/2022,1,B,F,,Y,,,KY,UNCLE MO,UNCLE MO,MIGHTY SCARLETT,MIGHTY SCARLETT,SCAT DADDY,TAYLOR MADE SALES AGENCY AGENT FOR DJ STABLES LLC GRADUATE,,,,,,,,,,,,S-ONE BLOODSTOCK,,,,285000,,,,,T,2022
2023,Y,23SARAUG,8/7/2023,1,1,110,110,,,,,2/6/2022,1,B,C,,Y,,,KY,CURLIN,CURLIN,MOPOTISM,MOPOTISM,UNCLE MO,DENALI STUD AGENT V,,,,,,,,,,,,ECLIPSE THOROUGHBRED PARTNERS,,,,825000,,,,,T,2022
2023,Y,23SARAUG,8/7/2023,1,1,111,111,,,,,3/17/2022,1,B,F,,Y,,,KY,CURLIN,CURLIN,MORNING DREAM,MORNING DREAM,MEDAGLIA D'ORO,DENALI STUD AGENT IV,,,,,,,,,,,,KLARAVICH STABLE,,,,400000,,,,,T,2022
2023,Y,23SARAUG,8/7/2023,1,1,112,112,,,,,1/24/2022,1,GRR,F,,Y,,,KY,TAPIT,TAPIT,MOYO HONEY,MOYO HONEY,MIZZEN MAST,PARAMOUNT SALES AGENT X,,,,,,,,,,,,NOT SOLD,,,,220000,,,,,T,2022
2023,Y,23SARAUG,8/7/2023,1,1,113,113,,,,,3/21/2022,1,GRR,C,,Y,,,KY,TWIRLING CANDY,TWIRLING CANDY,MY OWN STORY,MY OWN STORY,LASTING APPROVAL,BLUEGRASS THOROUGHBRED SERVICES INC. AGENT,,,,,,,,,,,,FIRST STABLES,,,,240000,,,,,T,2022
2023,Y,23SARAUG,8/7/2023,1,1,114,114,,,,,2/10/2022,1,CH,C,,Y,,,KY,MORE THAN READY,MORE THAN READY,MY SUGAR BEAR,MY SUGAR BEAR,GIANT'S CAUSEWAY,WYNNSTAY SALES AGENT II,,,,,,,,,,,,NOT SOLD,,,,90000,,,,,T,2022
2023,Y,23SARAUG,8/7/2023,1,1,115,115,,,,,3/5/2022,1,B,F,,Y,,,KY,MACLEAN'S MUSIC,MACLEAN'S MUSIC,MZIMA SPRINGS,MZIMA SPRINGS,HARLAN'S HOLIDAY,BLUEGRASS THOROUGHBRED SERVICES INC. AGENT FOR MERRIEBELLE STABLE LLC,,,,,,,,,,,,HAVERTZ STABLES,,,,130000,,,,,T,2022
2023,Y,23SARAUG,8/7/2023,1,1,116,116,,,,,3/20/2022,1,B,F,,Y,,,KY,CITY OF LIGHT,CITY OF LIGHT,NELLIE CASHMAN,NELLIE CASHMAN,MINESHAFT,BUCKLAND SALES (ZACH MADDEN) AGENT XII,,,,,,,,,,,,W.S. FARISH,,,,400000,,,,,T,2022
2023,Y,23SARAUG,8/7/2023,1,1,117,117,,,,,5/1/2022,1,B,F,,Y,,,KY,TAPIT,TAPIT,NEMORALIA,NEMORALIA,MORE THAN READY,ELITE AGENT,,,,,,,,,,,,OUT,,,,0,,,,,T,2022
2023,Y,23SARAUG,8/7/2023,1,1,118,118,,,,,5/3/2022,1,DKB,F,,Y,,,KY,CONSTITUTION,CONSTITUTION,NINA FEVER,NINA FEVER,BORREGO,HUNTER VALLEY FARM AGENT,,,,,,,,,,,,MICK WALLACE FOR ROCKET SHIP RACING/GHANDARVI,,,,900000,,,,,T,2022
2023,Y,23SARAUG,8/8/2023,1,2,119,119,,,,,4/15/2022,1,GRR,F,,Y,,,KY,INTO MISCHIEF,INTO MISCHIEF,NOT IN JEST,NOT IN JEST,UNBRIDLED'S SONG,BLUEWATER SALES LLC AGENT,,,,,,,,,,,,OUT,,,,0,,,,,T,2022
2023,Y,23SARAUG,8/8/2023,1,2,120,120,,,,,3/9/2022,1,CH,C,,Y,,,KY,KANTHAROS,KANTHAROS,OBLIGE,OBLIGE,BERNARDINI,BLAKE-ALBINA THOROUGHBRED SERVICES LLC AGENT I,,,,,,,,,,,,CHIEF HORSE FUTURES,,,,160000,,,,,T,2022
2023,Y,23SARAUG,8/8/2023,1,2,121,121,,,,,3/17/2022,1,B,C,,Y,,,KY,STREET SENSE,STREET SENSE,OH MY,OH MY,MEDAGLIA D'ORO,BRIDIE HARRISON AGENT FOR PETER E. BLUM THOROUGHBREDS,,,,,,,,,,,,OUT,,,,0,,,,,T,2022
2023,Y,23SARAUG,8/8/2023,1,2,122,122,,,,,5/4/2022,1,B,C,,Y,,,KY,NOT THIS TIME,NOT THIS TIME,PAMMY WHAMMY,PAMMY WHAMMY,WAR FRONT,GAINESWAY AGENT VII,,,,,,,,,,,,HARTLEY/DE RENZO THOROUGHBREDS,,,,900000,,,,,T,2022
2023,Y,23SARAUG,8/8/2023,1,2,123,123,,,,,4/10/2022,1,DKB,C,,Y,,,KY,TAPIT,TAPIT,PAOLA QUEEN,PAOLA QUEEN,FLATTER,GAINESWAY AGENT II,,,,,,,,,,,,MIKE RYAN AGENT,,,,1100000,,,,,T,2022
2023,Y,23SARAUG,8/8/2023,1,2,124,124,,,,,5/18/2022,1,DKB,C,,Y,,,FA,WAR OF WILL,WAR OF WILL,PAPPASCAT,PAPPASCAT,SCAT DADDY,SUMMERFIELD (FRANCIS & BARBARA VANLANGENDONCK) AGENT,,,,,,,,,,,,LIVE OAK PLANTATION,,,,650000,,,,,T,2022
2023,Y,23SARAUG,8/8/2023,1,2,125,125,,,,,3/14/2022,1,CH,C,,Y,,,MD,NYQUIST,NYQUIST,PEACH OF A GAL,PEACH OF A GAL,CURLIN,PARAMOUNT SALES AGENT FOR GLENANGUS FARM LLC,,,,,,,,,,,,NOT SOLD,,,,185000,,,,,T,2022
2023,Y,23SARAUG,8/8/2023,1,2,126,126,,,,,4/9/2022,1,B,F,,Y,,,KY,OMAHA BEACH,OMAHA BEACH,PERFECT VIEW,PERFECT VIEW,ARCH,EATON SALES AGENT,,,,,,,,,,,,LYNWOOD STABLE INC.,,,,175000,,,,,T,2022
2023,Y,23SARAUG,8/8/2023,1,2,127,127,,,,,2/14/2022,1,B,F,,Y,,,KY,NOT THIS TIME,NOT THIS TIME,PHILANTHROPIC,PHILANTHROPIC,MALIBU MOON,TAYLOR MADE SALES AGENCY AGENT FOR ANN MUDGE BACKER/SMITTEN FARM,,,,,,,,,,,,NOT SOLD,,,,220000,,,,,T,2022
2023,Y,23SARAUG,8/8/2023,1,2,128,128,,,,,1/30/2022,1,B,F,,Y,,,KY,GOOD MAGIC,GOOD MAGIC,PINCH OF GRACE (GB),PINCH OF GRACE (GB),PIVOTAL (GB),INDIAN CREEK AGENT,,,,,,,,,,,,MCMAHON & HILL BLOODSTOCK LLC,,,,300000,,,,,T,2022
2023,Y,23SARAUG,8/8/2023,1,2,129,129,,,,,2/24/2022,1,CH,C,,Y,,,KY,TAPIT,TAPIT,PLENTY O'TOOLE,PLENTY O'TOOLE,TIZNOW,TAYLOR MADE SALES AGENCY AGENT CXVI,,,,,,,,,,,,WHISPER HILL FARM LLC,,,,1200000,,,,,T,2022
2023,Y,23SARAUG,8/8/2023,1,2,130,130,,,,,3/14/2022,1,GRR,F,,Y,,,KY,NOT THIS TIME,NOT THIS TIME,POUND STERLING,POUND STERLING,EXCHANGE RATE,PARAMOUNT SALES AGENT I,,,,,,,,,,,,NOT SOLD,,,,275000,,,,,T,2022
2023,Y,23SARAUG,8/8/2023,1,2,131,131,,,,,1/17/2022,1,CH,F,,Y,,,KY,GHOSTZAPPER,GHOSTZAPPER,PRIVATE COLLECTION,PRIVATE COLLECTION,CURLIN,HILL 'N' DALE AT XALAPA AGENT,,,,,,,,,,,,OUT,,,,0,,,,,T,2022
2023,Y,23SARAUG,8/8/2023,1,2,132,132,,,,,2/22/2022,1,B,C,,Y,,,KY,STREET SENSE,STREET SENSE,PURE POISON,PURE POISON,HONOR CODE,HIGHGATE SALES AGENT I,,,,,,,,,,,,CENTENNIAL FARMS LLC,,,,375000,,,,,T,2022
2023,Y,23SARAUG,8/8/2023,1,2,133,133,,,,,3/9/2022,1,B,F,,Y,,,KY,WAR OF WILL,WAR OF WILL,QUEEN OF ROSES,QUEEN OF ROSES,ANIMAL KINGDOM,ST GEORGE SALES AGENT IV,,,,,,,,,,,,THOMAS HAUGHEY FOR PTK LLC,,,,320000,,,,,T,2022
2023,Y,23SARAUG,8/8/2023,1,2,134,134,,,,,2/24/2022,1,B,F,,Y,,,KY,MCKINZIE,MCKINZIE,QUEENS EMBRACE,QUEENS EMBRACE,REAL SOLUTION,GAINESWAY AGENT V,,,,,,,,,,,,NOT SOLD,,,,40000,,,,,T,2022
2023,Y,23SARAUG,8/8/2023,1,2,135,135,,,,,2/2/2022,1,B,C,,Y,,,KY,INTO MISCHIEF,INTO MISCHIEF,RACHEL'S VALENTINA,RACHEL'S VALENTINA,BERNARDINI,TAYLOR MADE SALES AGENCY AGENT FOR STONESTREET BRED & RAISED,,,,,,,,,,,,ECLIPSE THOROUGHBRED PARTNERS,,,,1500000,,,,,T,2022
2023,Y,23SARAUG,8/8/2023,1,2,136,136,,,,,2/24/2022,1,B,F,,Y,,,KY,JUSTIFY,JUSTIFY,RANDIE'S LEGEND,RANDIE'S LEGEND,BENCHMARK,BALLYSAX BLOODSTOCK AGENT FOR HNR NOTHHAFT HORSE RACING LLC,,,,,,,,,,,,OUT,,,,0,,,,,T,2022
2023,Y,23SARAUG,8/8/2023,1,2,137,137,,,,,3/30/2022,1,DKB,C,,Y,,,KY,MACLEAN'S MUSIC,MACLEAN'S MUSIC,RARE ARTICLE,RARE ARTICLE,GHOSTZAPPER,DENALI STUD AGENT,,,,,,,,,,,,OUT,,,,0,,,,,T,2022
2023,Y,23SARAUG,8/8/2023,1,2,138,138,,,,,3/25/2022,1,B,F,,Y,,,KY,INTO MISCHIEF,INTO MISCHIEF,RARE EVENT,RARE EVENT,A.P. INDY,BUCKLAND SALES (ZACH MADDEN) AGENT XII,,,,,,,,,,,,SPENDTHRIFT FARM LLC,,,,500000,,,,,T,2022
2023,Y,23SARAUG,8/8/2023,1,2,139,139,,,,,3/20/2022,1,B,F,,Y,,,KY,AUTHENTIC,AUTHENTIC,REBELLE,REBELLE,HARD SPUN,SUMMERFIELD (FRANCIS & BARBARA VANLANGENDONCK) AGENT,,,,,,,,,,,,BC STABLES LLC,,,,800000,,,,,T,2022
2023,Y,23SARAUG,8/8/2023,1,2,140,140,,,,,2/12/2022,1,B,C,,Y,,,KY,TWIRLING CANDY,TWIRLING CANDY,REHEARSED,REHEARSED,TAPIT,LANE'S END AGENT,,,,,,,,,,,,CHUCK SONSON & WEST POINT L.E.B. AGENT,,,,1000000,,,,,T,2022
2023,Y,23SARAUG,8/8/2023,1,2,141,141,,,,,3/16/2022,1,B,F,,Y,,,FA,MCKINZIE,MCKINZIE,RENDA,RENDA,MEDAGLIA D'ORO,GAINESWAY AGENT FOR BRIDLEWOOD FARM,,,,,,,,,,,,BURNING DAYLIGHT FARM & REBECCA GALBRAITH,,,,425000,,,,,T,2022
2023,Y,23SARAUG,8/8/2023,1,2,142,142,,,,,2/14/2022,1,GRR,F,,Y,,,ON,TWIRLING CANDY,TWIRLING CANDY,RIVERINE,RIVERINE,UNBRIDLED'S SONG,HILL 'N' DALE AT XALAPA AGENT,,,,,,,,,,,,NOT SOLD,,,,135000,,,,,T,2022
2023,Y,23SARAUG,8/8/2023,1,2,143,143,,,,,4/23/2022,1,B,C,,Y,,,KY,NOT THIS TIME,NOT THIS TIME,ROYALE PARADISE,ROYALE PARADISE,UNBRIDLED'S SONG,TAYLOR MADE SALES AGENCY AGENT LXXIX,,,,,,,,,,,,LIVE OAK PLANTATION,,,,370000,,,,,T,2022
2023,Y,23SARAUG,8/8/2023,1,2,144,144,,,,,5/8/2022,1,GRR,F,,Y,,,KY,QUALITY ROAD,QUALITY ROAD,ROYAL OBSESSION,ROYAL OBSESSION,TAPIT,LANE'S END AGENT,,,,,,,,,,,,NOT SOLD,,,,375000,,,,,T,2022
2023,Y,23SARAUG,8/8/2023,1,2,145,145,,,,,4/8/2022,1,CH,C,,Y,,,KY,PRACTICAL JOKE,PRACTICAL JOKE,RUMANDICE,RUMANDICE,CONGRATS,MACHMER HALL SALES AGENT FOR MACHMER HALL,,,,,,,,,,,,CHC INC SIENA FARM & MAVERICK RACING,,,,500000,,,,,T,2022
2023,Y,23SARAUG,8/8/2023,1,2,146,146,,,,,3/23/2022,1,CH,C,,Y,,,KY,CONSTITUTION,CONSTITUTION,SAND PUCE (ARG),SAND PUCE (ARG),FOOTSTEPSINTHESAND (GB),HILL 'N' DALE AT XALAPA AGENT,,,,,,,,,,,,NOT SOLD,,,,385000,,,,,T,2022
2023,Y,23SARAUG,8/8/2023,1,2,147,147,,,,,4/24/2022,1,B,F,,Y,,,IRE,NO NAY NEVER,NO NAY NEVER,SAPFO (FR),SAPFO (FR),PEINTRE CELEBRE,EATON SALES AGENT,,,,,,,,,,,,MABLE BLOODSTOCK,,,,170000,,,,,T,2022
2023,Y,23SARAUG,8/8/2023,1,2,149,149,,,,,2/24/2022,1,B,C,,Y,,,NY,BERNARDINI,BERNARDINI,SARAH'S PLEASURE,SARAH'S PLEASURE,STREET CRY (IRE),INDIAN CREEK AGENT,,,,,,,,,,,,NOT SOLD,,,,95000,,,,,T,2022
2023,Y,23SARAUG,8/8/2023,1,2,150,150,,,,,4/1/2022,1,CH,C,,Y,,,KY,GOOD MAGIC,GOOD MAGIC,SASSY MISS SUE,SASSY MISS SUE,TIZNOW,NORTHVIEW STALLION STATION (DAVID WADE) AGENT,,,,,,,,,,,,CHC INC SIENA FARM & MAVERICK RACING,,,,350000,,,,,T,2022
2023,Y,23SARAUG,8/8/2023,1,2,151,151,,,,,3/12/2022,1,B,F,,Y,,,KY,OMAHA BEACH,OMAHA BEACH,SCARLET LOVE,SCARLET LOVE,NOT FOR LOVE,MILL RIDGE SALES AGENT,,,,,,,,,,,,JOHN KIMMEL & NICK SALLUSTO AGENT FOR SEAN FLANAGAN,,,,230000,,,,,T,2022
2023,Y,23SARAUG,8/8/2023,1,2,152,152,,,,,2/17/2022,1,DKB,C,,Y,,,KY,MACLEAN'S MUSIC,MACLEAN'S MUSIC,SCARY NOT SCARED,SCARY NOT SCARED,MALIBU MOON,DARBY DAN FARM AGENT I,,,,,,,,,,,,HIGHBURY BLOODSTOCK,,,,225000,,,,,T,2022
2023,Y,23SARAUG,8/8/2023,1,2,153,153,,,,,3/27/2022,1,B,F,,Y,,,KY,OMAHA BEACH,OMAHA BEACH,SCONSET,SCONSET,TAPIT,FOUR STAR SALES AGENT FOR SPENDTHRIFT FARM LLC,,,,,,,,,,,,ELLIOTT/MCELROY AGENT FOR AMO RACING,,,,275000,,,,,T,2022
2023,Y,23SARAUG,8/8/2023,1,2,154,154,,,,,2/6/2022,1,B,C,,Y,,,KY,INTO MISCHIEF,INTO MISCHIEF,SEEK AND DESTROY,SEEK AND DESTROY,VERRAZANO,INDIAN CREEK AGENT,,,,,,,,,,,,WEST BLDSTK AGT FOR ROBERT & LAWANA LOW,,,,500000,,,,,T,2022
2023,Y,23SARAUG,8/8/2023,1,2,155,155,,,,,5/9/2022,1,B,F,,Y,,,KY,INTO MISCHIEF,INTO MISCHIEF,SELCOURT,SELCOURT,TIZ WONDERFUL,TAYLOR MADE SALES AGENCY AGENT CXVIII,,,,,,,,,,,,BOARDSHORTS,,,,800000,,,,,T,2022
2023,Y,23SARAUG,8/8/2023,1,2,156,156,,,,,2/11/2022,1,B,C,,Y,,,KY,INTO MISCHIEF,INTO MISCHIEF,SEPARATIONOFPOWERS,SEPARATIONOFPOWERS,CANDY RIDE (ARG),HUNTER VALLEY FARM AGENT,,,,,,,,,,,,SCANLON TRAINING AND SALES,,,,350000,,,,,T,2022
2023,Y,23SARAUG,8/8/2023,1,2,157,157,,,,,4/3/2022,1,B,F,,Y,,,KY,CONSTITUTION,CONSTITUTION,SHAYJOLIE,SHAYJOLIE,INDIAN CHARLIE,TAYLOR MADE SALES AGENCY AGENT CXV,,,,,,,,,,,,LAEL STABLE,,,,625000,,,,,T,2022
2023,Y,23SARAUG,8/8/2023,1,2,158,158,,,,,2/16/2022,1,CH,C,,Y,,,KY,TAPIT,TAPIT,SHENANDOAH QUEEN,SHENANDOAH QUEEN,HENNY HUGHES,INDIAN CREEK AGENT,,,,,,,,,,,,BSW/CROW COLTS GROUP SPENDTHRIFT GANDHARVI,,,,650000,,,,,T,2022
2023,Y,23SARAUG,8/8/2023,1,2,159,159,,,,,5/10/2022,1,B,F,,Y,,,NY,AUTHENTIC,AUTHENTIC,SHE'SAMERICANMADE,SHE'SAMERICANMADE,AMERICAN PHAROAH,TAYLOR MADE SALES AGENCY AGENT CIV,,,,,,,,,,,,OUT,,,,0,,,,,T,2022
2023,Y,23SARAUG,8/8/2023,1,2,160,160,,,,,3/8/2022,1,DKB,F,,Y,,,KY,QUALITY ROAD,QUALITY ROAD,SHOPPERS RETURN,SHOPPERS RETURN,PUT IT BACK,TAYLOR MADE SALES AGENCY AGENT CXVIII,,,,,,,,,,,,BACCARI BLOODSTOCK FOR DWF,,,,375000,,,,,T,2022
2023,Y,23SARAUG,8/8/2023,1,2,161,161,,,,,2/20/2022,1,B,F,,Y,,,KY,AUTHENTIC,AUTHENTIC,SINE WAVE,SINE WAVE,BIG BROWN,MULHOLLAND SPRINGS AGENT,,,,,,,,,,,,DAN HAYDEN AGENT FOR BLUE DEVIL RACING,,,,200000,,,,,T,2022
2023,Y,23SARAUG,8/8/2023,1,2,162,162,,,,,3/2/2022,1,B,F,,Y,,,VA,MCKINZIE,MCKINZIE,SKY COPPER,SKY COPPER,SKY MESA,PARAMOUNT SALES AGENT II,,,,,,,,,,,,NOT SOLD,,,,240000,,,,,T,2022
2023,Y,23SARAUG,8/8/2023,1,2,163,163,,,,,3/11/2022,1,B,C,,Y,,,KY,AUTHENTIC,AUTHENTIC,SLEW'S QUALITY,SLEW'S QUALITY,ELUSIVE QUALITY,SUMMERFIELD (FRANCIS & BARBARA VANLANGENDONCK) AGENT,,,,,,,,,,,,NOT SOLD,,,,425000,,,,,T,2022
2023,Y,23SARAUG,8/8/2023,1,2,164,164,,,,,2/10/2022,1,B,C,,Y,,,KY,MUNNINGS,MUNNINGS,SLOW SAND,SLOW SAND,DIXIELAND BAND,EATON SALES AGENT,,,,,,,,,,,,MOSSAROSA LLC,,,,210000,,,,,T,2022
2023,Y,23SARAUG,8/8/2023,1,2,165,165,,,,,4/6/2022,1,CH,C,,Y,,,KY,CURLIN,CURLIN,BEHOLDER,BEHOLDER,HENNY HUGHES,TAYLOR MADE SALES AGENCY AGENT FOR SPENDTHRIFT FARM LLC,,,,,,,,,,,,DONATO LANNI AGENT FOR ZEDAN RACING,,,,4000000,,,,,T,2022
2023,Y,23SARAUG,8/8/2023,1,2,166,166,,,,,2/11/2022,1,CH,C,,Y,,,KY,VIOLENCE,VIOLENCE,SMART WIN,SMART WIN,SMART STRIKE,THOROSTOCK LLC AGENT,,,,,,,,,,,,BSW/CROW COLTS GROUP SPENDTHRIFT GANDHARVI,,,,400000,,,,,T,2022
2023,Y,23SARAUG,8/8/2023,1,2,167,167,,,,,2/9/2022,1,CH,F,,Y,,,KY,CONSTITUTION,CONSTITUTION,SMASHING SERENA,SMASHING SERENA,VIOLENCE,RUNNYMEDE FARM LLC AGENT,,,,,,,,,,,,WINCHELL THOROUGHBREDS,,,,425000,,,,,T,2022
2023,Y,23SARAUG,8/8/2023,1,2,168,168,,,,,4/11/2022,1,DKB,F,,Y,,,KY,BLAME,BLAME,SOUL SINGER,SOUL SINGER,FLATTER,GAINESWAY AGENT XII,,,,,,,,,,,,DONATO LANNI AGENT FOR BAOMA CORP.,,,,500000,,,,,T,2022
2023,Y,23SARAUG,8/8/2023,1,2,169,169,,,,,4/7/2022,1,DKB,C,,Y,,,KY,AUTHENTIC,AUTHENTIC,SOUTHERN RING,SOUTHERN RING,SPEIGHTSTOWN,SCOTT MALLORY AGENT FOR DETERMINED STUD,,,,,,,,,,,,CHUCK SONSON & WEST POINT L.E.B. AGENT,,,,525000,,,,,T,2022
2023,Y,23SARAUG,8/8/2023,1,2,170,170,,,,,2/20/2022,1,CH,C,,Y,,,KY,GUN RUNNER,GUN RUNNER,SPECIAL EVENT,SPECIAL EVENT,ARCH,GAINESWAY AGENT IV,,,,,,,,,,,,OUT,,,,0,,,,,T,2022
2023,Y,23SARAUG,8/8/2023,1,2,171,171,,,,,2/16/2022,1,CH,C,,Y,,,KY,NOT THIS TIME,NOT THIS TIME,SPEIGHTSTASTIC,SPEIGHTSTASTIC,SPEIGHTSTOWN,GAINESWAY AGENT I,,,,,,,,,,,,WEST BLDSTK AGT FOR REPOLE STABLE & SPENDTHRIFT FARM,,,,725000,,,,,T,2022
2023,Y,23SARAUG,8/8/2023,1,2,172,172,,,,,3/5/2022,1,B,F,,Y,,,KY,PRACTICAL JOKE,PRACTICAL JOKE,SPIRIT,SPIRIT,INDIAN CHARLIE,BRIDIE HARRISON AGENT FOR PETER E. BLUM THOROUGHBREDS,,,,,,,,,,,,JOHN KIMMEL & NICK SALLUSTO AGENT FOR SEAN FLANAGAN,,,,700000,,,,,T,2022
2023,Y,23SARAUG,8/8/2023,1,2,173,173,,,,,2/16/2022,1,CH,C,,Y,,,KY,VEKOMA,VEKOMA,STAR OF THE EMPIRE,STAR OF THE EMPIRE,EMPIRE MAKER,DENALI STUD AGENT FOR SPENDTHRIFT FARM LLC,,,,,,,,,,,,BLACKTYPE THOROUGHBEDS,,,,200000,,,,,T,2022
2023,Y,23SARAUG,8/8/2023,1,2,174,174,,,,,4/2/2022,1,CH,F,,Y,,,MD,GUN RUNNER,GUN RUNNER,STARR OF QUALITY,STARR OF QUALITY,FIRST DUDE,BLUEGRASS THOROUGHBRED SERVICES INC. AGENT FOR COUNTRY LIFE FARM,,,,,,,,,,,,SOLIS/LITT,,,,775000,,,,,T,2022
2023,Y,23SARAUG,8/8/2023,1,2,175,175,,,,,2/9/2022,1,DKB,C,,Y,,,KY,UNCLE MO,UNCLE MO,STEIDLE,STEIDLE,PETIONVILLE,HUNTER VALLEY FARM AGENT,,,,,,,,,,,,WHITEHORSE STABLES,,,,350000,,,,,T,2022
2023,Y,23SARAUG,8/8/2023,1,2,176,176,,,,,2/28/2022,1,DKB,F,,Y,,,KY,AMERICAN PHAROAH,AMERICAN PHAROAH,STOPSHOPPINGMARIA,STOPSHOPPINGMARIA,MORE THAN READY,HIGHGATE SALES AGENT,,,,,,,,,,,,NOT SOLD,,,,400000,,,,,T,2022
2023,Y,23SARAUG,8/8/2023,1,2,177,177,,,,,2/1/2022,1,CH,F,,Y,,,NY,MALIBU MOON,MALIBU MOON,STOPSPENDINGMARIA,STOPSPENDINGMARIA,MONTBROOK,GAINESWAY AGENT X,,,,,,,,,,,,NOT SOLD,,,,340000,,,,,T,2022
2023,Y,23SARAUG,8/8/2023,1,2,178,178,,,,,2/16/2022,1,CH,C,,Y,,,KY,JUSTIFY,JUSTIFY,STORM DIXIE,STORM DIXIE,CATIENUS,PARAMOUNT SALES AGENT XII,,,,,,,,,,,,NOT SOLD,,,,170000,,,,,T,2022
2023,Y,23SARAUG,8/8/2023,1,2,179,179,,,,,5/6/2022,1,B,C,,Y,,,KY,GUN RUNNER,GUN RUNNER,STORMKEEPER,STORMKEEPER,STORMY ATLANTIC,MULHOLLAND SPRINGS AGENT II,,,,,,,,,,,,JUDY PRYOR,,,,300000,,,,,T,2022
2023,Y,23SARAUG,8/8/2023,1,2,180,180,,,,,1/14/2022,1,B,C,,Y,,,KY,GLOBAL CAMPAIGN,GLOBAL CAMPAIGN,SUGAR REEF,SUGAR REEF,TIZWAY,MACHMER HALL SALES AGENT FOR MACHMER HALL,,,,,,,,,,,,OUT,,,,0,,,,,T,2022
2023,Y,23SARAUG,8/8/2023,1,2,181,181,,,,,1/15/2022,1,B,F,,Y,,,KY,AUDIBLE,AUDIBLE,SUNDAY DRIVER,SUNDAY DRIVER,QUALITY ROAD,MACHMER HALL SALES AGENT FOR ST. SIMON PLACE,,,,,,,,,,,,NOT SOLD,,,,175000,,,,,T,2022
2023,Y,23SARAUG,8/8/2023,1,2,182,182,,,,,5/6/2022,1,CH,F,,Y,,,KY,JUSTIFY,JUSTIFY,SUPER SAKS,SUPER SAKS,SKY MESA,ST GEORGE SALES AGENT V,,,,,,,,,,,,BC STABLES LLC,,,,625000,,,,,T,2022
2023,Y,23SARAUG,8/8/2023,1,2,183,183,,,,,2/9/2022,1,B,C,,Y,,,KY,AUTHENTIC,AUTHENTIC,SUPREME,SUPREME,EMPIRE MAKER,WARRENDALE SALES AGENT FOR STONESTREET BRED & RAISED,,,,,,,,,,,,GRANDVIEW EQUINE,,,,800000,,,,,T,2022
2023,Y,23SARAUG,8/8/2023,1,2,184,184,,,,,4/2/2022,1,B,C,,Y,,,KY,INTO MISCHIEF,INTO MISCHIEF,SURPRISINGLY (IRE),SURPRISINGLY (IRE),GALILEO (IRE),EATON SALES AGENT,,,,,,,,,,,,OUT,,,,0,,,,,T,2022
2023,Y,23SARAUG,8/8/2023,1,2,185,185,,,,,3/22/2022,1,CH,F,,Y,,,PA,MORE THAN READY,MORE THAN READY,SWEET PROMISES,SWEET PROMISES,BERNARDINI,TAYLOR MADE SALES AGENCY AGENT XCVI,,,,,,,,,,,,NOT SOLD,,,,195000,,,,,T,2022
2023,Y,23SARAUG,8/8/2023,1,2,186,186,,,,,2/1/2022,1,DKB,F,,Y,,,KY,UNCLE MO,UNCLE MO,SWINGIT,SWINGIT,VICTORY GALLOP,DENALI STUD AGENT FOR BAYNE & CHRISTINA WELKER,,,,,,,,,,,,LAEL STABLE,,,,600000,,,,,T,2022
2023,Y,23SARAUG,8/8/2023,1,2,187,187,,,,,2/7/2022,1,B,C,,Y,,,KY,MCKINZIE,MCKINZIE,TAKE CHARGE ANGEL,TAKE CHARGE ANGEL,WILL TAKE CHARGE,GAINESWAY AGENT VI,,,,,,,,,,,,SCOTT & EVAN DILWORTH LLC,,,,400000,,,,,T,2022
2023,Y,23SARAUG,8/8/2023,1,2,188,188,,,,,3/31/2022,1,DKB,C,,Y,,,KY,OMAHA BEACH,OMAHA BEACH,TAMMY G,TAMMY G,INTO MISCHIEF,VINERY SALES AGENT FOR SPENDTHRIFT FARM LLC,,,,,,,,,,,,MARQUEE BLOODSTOCK AGENT,,,,550000,,,,,T,2022
2023,Y,23SARAUG,8/8/2023,1,2,189,189,,,,,4/12/2022,1,B,F,,Y,,,PA,UNCLE MO,UNCLE MO,TAPITAL GAINS,TAPITAL GAINS,TAPIT,TAYLOR MADE SALES AGENCY AGENT XCVII,,,,,,,,,,,,OUT,,,,0,,,,,T,2022
2023,Y,23SARAUG,8/8/2023,1,2,190,190,,,,,2/14/2022,1,GRR,F,,Y,,,MD,AUTHENTIC,AUTHENTIC,TAPIT FOR FREE,TAPIT FOR FREE,TAPIT,NORTHVIEW STALLION STATION (DAVID WADE) AGENT,,,,,,,,,,,,NOT SOLD,,,,145000,,,,,T,2022
2023,Y,23SARAUG,8/8/2023,1,2,191,191,,,,,5/10/2022,1,DKB,F,,Y,,,KY,VINO ROSSO,VINO ROSSO,TEA FOR TAM,TEA FOR TAM,MALIBU MOON,MULHOLLAND SPRINGS AGENT FOR SPENDTHRIFT FARM LLC,,,,,,,,,,,,NOT SOLD,,,,95000,,,,,T,2022
2023,Y,23SARAUG,8/8/2023,1,2,193,193,,,,,3/5/2022,1,B,C,,Y,,,KY,SPEIGHTSTOWN,SPEIGHTSTOWN,TEMPERS RISING,TEMPERS RISING,BAYERN,NORTHVIEW STALLION STATION (DAVID WADE) AGENT,,,,,,,,,,,,BOARDSHORTS,,,,350000,,,,,T,2022
2023,Y,23SARAUG,8/8/2023,1,2,194,194,,,,,2/1/2022,1,CH,F,,Y,,,KY,GUN RUNNER,GUN RUNNER,TEMPTRESS,TEMPTRESS,TAPIT,HILL 'N' DALE AT XALAPA AGENT,,,,,,,,,,,,RANDY GULLATT AGTJACKPOT FARM  WHISPERING OAKS RICK ORTYL,,,,1000000,,,,,T,2022
2023,Y,23SARAUG,8/8/2023,1,2,195,195,,,,,4/19/2022,1,DKB,F,,Y,,,KY,HARD SPUN,HARD SPUN,THE SENSE ANGEL,THE SENSE ANGEL,MINESHAFT,BALLYSAX BLOODSTOCK AGENT FOR GRANTLEY ACRES,,,,,,,,,,,,ALISTAIR RODEN AGENT FOR MKW RACING & BREEDING,,,,350000,,,,,T,2022
2023,Y,23SARAUG,8/8/2023,1,2,196,196,,,,,3/13/2022,1,GRR,F,,Y,,,KY,MUNNINGS,MUNNINGS,TIMELY,TIMELY,VERRAZANO,EATON SALES AGENT,,,,,,,,,,,,OUT,,,,0,,,,,T,2022
2023,Y,23SARAUG,8/8/2023,1,2,197,197,,,,,3/10/2022,1,DKB,C,,Y,,,KY,MUNNINGS,MUNNINGS,TONASAH,TONASAH,MALIBU MOON,VINERY SALES AGENT,,,,,,,,,,,,CJ STABLES,,,,260000,,,,,T,2022
2023,Y,23SARAUG,8/8/2023,1,2,198,198,,,,,2/18/2022,1,CH,F,,Y,,,KY,CURLIN,CURLIN,TOOKEN,TOOKEN,GIANT'S CAUSEWAY,HILL 'N' DALE AT XALAPA AGENT,,,,,,,,,,,,MIKE G RUTHERFORD,,,,675000,,,,,T,2022
2023,Y,23SARAUG,8/8/2023,1,2,199,199,,,,,3/5/2022,1,B,F,,Y,,,KY,INTO MISCHIEF,INTO MISCHIEF,TOP QUALITY,TOP QUALITY,QUALITY ROAD,TAYLOR MADE SALES AGENCY AGENT FOR WINSTAR FARM BRED & RAISED,,,,,,,,,,,,NOT SOLD,,,,725000,,,,,T,2022
2023,Y,23SARAUG,8/8/2023,1,2,200,200,,,,,3/10/2022,1,B,C,,Y,,,KY,NYQUIST,NYQUIST,TOUCH THE MOON,TOUCH THE MOON,MALIBU MOON,DENALI STUD AGENT,,,,,,,,,,,,OUT,,,,0,,,,,T,2022
2023,Y,23SARAUG,8/8/2023,1,2,201,201,,,,,1/22/2022,1,DKB,C,,Y,,,MD,VIOLENCE,VIOLENCE,TOUGH IRMA,TOUGH IRMA,STORMY ATLANTIC,SCOTT MALLORY AGENT FOR DETERMINED STUD,,,,,,,,,,,,ST ELIAS STABLES LLC,,,,230000,,,,,T,2022
2023,Y,23SARAUG,8/8/2023,1,2,202,202,,,,,2/6/2022,1,B,F,,Y,,,KY,WAR FRONT,WAR FRONT,TRUE STYLE,TRUE STYLE,FORESTRY,BEDOUIN BLOODSTOCK AGENT I,,,,,,,,,,,,JOHN KIMMEL & NICK SALLUSTO AGENT FOR SEAN FLANAGAN,,,,800000,,,,,T,2022
2023,Y,23SARAUG,8/8/2023,1,2,203,203,,,,,5/8/2022,1,B,F,,Y,,,KY,MACLEAN'S MUSIC,MACLEAN'S MUSIC,TWINKLING,TWINKLING,WAR CHANT,BUCKLAND SALES (ZACH MADDEN) AGENT VIII,,,,,,,,,,,,AUGUST DAWN FARM,,,,275000,,,,,T,2022
2023,Y,23SARAUG,8/8/2023,1,2,204,204,,,,,2/17/2022,1,GRR,F,,Y,,,ON,CARAVAGGIO,CARAVAGGIO,UNOSTRIKE,UNOSTRIKE,MACHO UNO,SUSAN Y. FOREMAN AGENT,,,,,,,,,,,,KENNETH MCPEEK AGENT,,,,210000,,,,,T,2022
2023,Y,23SARAUG,8/8/2023,1,2,205,205,,,,,3/12/2022,1,B,F,,Y,,,ON,MACLEAN'S MUSIC,MACLEAN'S MUSIC,UNSPURNED,UNSPURNED,LEMON DROP KID,CARA BLOODSTOCK AGENT FOR SAINTSBURY FARMS (JAY & CHRISTINE HAYDEN),,,,,,,,,,,,DEW SWEEPERS III LLC,,,,100000,,,,,T,2022
2023,Y,23SARAUG,8/8/2023,1,2,206,206,,,,,2/18/2022,1,DKB,C,,Y,,,MD,STREET SENSE,STREET SENSE,VICTORY RALLY,VICTORY RALLY,JUMP START,NORTHVIEW STALLION STATION (DAVID WADE) AGENT,,,,,,,,,,,,NOT SOLD,,,,90000,,,,,T,2022
2023,Y,23SARAUG,8/8/2023,1,2,207,207,,,,,2/20/2022,1,B,C,,Y,,,KY,MCKINZIE,MCKINZIE,VIOLENT TIMES,VIOLENT TIMES,VIOLENCE,JIM FITZGERALD AGENT,,,,,,,,,,,,TOM MCCROCKLIN AGENT FOR CHAMPION EQUINE,,,,350000,,,,,T,2022
2023,Y,23SARAUG,8/8/2023,1,2,208,208,,,,,2/24/2022,1,B,C,,Y,,,KY,INTO MISCHIEF,INTO MISCHIEF,VIRGINIA KEY,VIRGINIA KEY,DISTORTED HUMOR,ST GEORGE SALES AGENT VI,,,,,,,,,,,,CHC INC SIENA FARM & MAVERICK RACING,,,,1000000,,,,,T,2022
2023,Y,23SARAUG,8/8/2023,1,2,209,209,,,,,4/1/2022,1,CH,C,,Y,,,KY,JUSTIFY,JUSTIFY,VULCAN ROSE,VULCAN ROSE,FUSAICHI PEGASUS,SUSAN Y. FOREMAN AGENT,,,,,,,,,,,,RANDY GULLATT AGT & JACKPOT FARM,,,,275000,,,,,T,2022
2023,Y,23SARAUG,8/8/2023,1,2,210,210,,,,,2/22/2022,1,B,C,,Y,,,KY,UNCLE MO,UNCLE MO,WALK CLOSE,WALK CLOSE,TAPIT,FOUR STAR SALES AGENT,,,,,,,,,,,,JOHN KIMMEL & NICK SALLUSTO AGENT FOR SEAN FLANAGAN,,,,525000,,,,,T,2022
2023,Y,23SARAUG,8/8/2023,1,2,211,211,,,,,2/5/2022,1,B,F,,Y,,,KY,TWIRLING CANDY,TWIRLING CANDY,WAMATHAAT,WAMATHAAT,SPEIGHTSTOWN,BLAKE-ALBINA THOROUGHBRED SERVICES LLC AGENT I,,,,,,,,,,,,BREGMAN FAMILY RACING LLC,,,,385000,,,,,T,2022
2023,Y,23SARAUG,8/8/2023,1,2,212,212,,,,,3/10/2022,1,B,C,,Y,,,KY,MCKINZIE,MCKINZIE,WAVERLY PLACE,WAVERLY PLACE,AWESOME AGAIN,WARRENDALE SALES AGENT V,,,,,,,,,,,,BLUE SKY FARM,,,,200000,,,,,T,2022
2023,Y,23SARAUG,8/8/2023,1,2,213,213,,,,,1/19/2022,1,DKB,C,,Y,,,KY,CONSTITUTION,CONSTITUTION,WEB O' GOLD,WEB O' GOLD,HARD SPUN,FOUR STAR SALES AGENT,,,,,,,,,,,,OUT,,,,0,,,,,T,2022
2023,Y,23SARAUG,8/8/2023,1,2,214,214,,,,,3/17/2022,1,CH,C,,Y,,,PA,JUSTIFY,JUSTIFY,WEMBLEY,WEMBLEY,BERNARDINI,WARRENDALE SALES AGENT III,,,,,,,,,,,,DESTIN HEATH AGT FOR IAN RITCHIE,,,,300000,,,,,T,2022
2023,Y,23SARAUG,8/8/2023,1,2,215,215,,,,,5/3/2022,1,CH,F,,Y,,,KY,GUN RUNNER,GUN RUNNER,WESTSIDE TAPSTRESS,WESTSIDE TAPSTRESS,LOOKIN AT LUCKY,WARRENDALE SALES AGENT VII,,,,,,,,,,,,FIRST FINDS,,,,150000,,,,,T,2022
2023,Y,23SARAUG,8/8/2023,1,2,216,216,,,,,3/1/2022,1,B,C,,Y,,,KY,BOLT D'ORO,BOLT D'ORO,WHIRL,WHIRL,CURLIN,JIM FITZGERALD AGENT,,,,,,,,,,,,NOT SOLD,,,,240000,,,,,T,2022
2023,Y,23SARAUG,8/8/2023,1,2,217,217,,,,,3/11/2022,1,DKB,C,,Y,,,KY,NOT THIS TIME,NOT THIS TIME,WHITE HOT (IRE),WHITE HOT (IRE),GALILEO (IRE),STONE FARM AGENT,,,,,,,,,,,,LAEL STABLE,,,,350000,,,,,T,2022
2023,Y,23SARAUG,8/8/2023,1,2,218,218,,,,,3/22/2022,1,CH,C,,Y,,,KY,AUTHENTIC,AUTHENTIC,WICKED LICK,WICKED LICK,MACLEAN'S MUSIC,TAYLOR MADE SALES AGENCY AGENT CV,,,,,,,,,,,,CJ STABLES,,,,325000,,,,,T,2022
2023,Y,23SARAUG,8/8/2023,1,2,219,219,,,,,3/18/2022,1,B,C,,Y,,,KY,OSCAR PERFORMANCE,OSCAR PERFORMANCE,WILD SILK,WILD SILK,STREET SENSE,MILL RIDGE SALES AGENT,,,,,,,,,,,,SWINBANK STABLES/BLACKTYPE THOROUGBREDS,,,,335000,,,,,T,2022
2023,Y,23SARAUG,8/8/2023,1,2,220,220,,,,,2/17/2022,1,DKB,C,,Y,,,KY,GUN RUNNER,GUN RUNNER,WILLA,WILLA,WILL TAKE CHARGE,NORTHVIEW STALLION STATION (DAVID WADE) AGENT,,,,,,,,,,,,CHAD SCHUMER AGENT,,,,650000,,,,,T,2022
2023,Y,23SARAUG,8/8/2023,1,2,221,221,,,,,2/27/2022,1,B,C,,Y,,,KY,AUTHENTIC,AUTHENTIC,WINE PRINCESS,WINE PRINCESS,GHOSTZAPPER,DENALI STUD AGENT I,,,,,,,,,,,,WHITEHORSE STABLES,,,,450000,,,,,T,2022
2023,Y,23SARAUG,8/8/2023,1,2,222,222,,,,,5/6/2022,1,GRR,F,,Y,,,VA,NOT THIS TIME,NOT THIS TIME,WINTER,WINTER,AWESOME AGAIN,TAYLOR MADE SALES AGENCY AGENT FOR ANN MUDGE BACKER/SMITTEN FARM,,,,,,,,,,,,SEAN S. PERL BLOODSTOCK LLC,,,,385000,,,,,T,2022
2023,Y,23SARAUG,8/8/2023,1,2,223,223,,,,,2/18/2022,1,GRR,F,,Y,,,KY,GUN RUNNER,GUN RUNNER,WONDERMENT,WONDERMENT,COSMONAUT,GAINESWAY AGENT XI,,,,,,,,,,,,BARSTOOL IS BACK BSW/CROW AGT,,,,650000,,,,,T,2022
2023,Y,23SARAUG,8/8/2023,1,2,224,224,,,,,3/3/2022,1,DKB,C,,Y,,,KY,OMAHA BEACH,OMAHA BEACH,WORSHIPPER,WORSHIPPER,AWESOME AGAIN,BRIDIE HARRISON AGENT FOR PETER E. BLUM THOROUGHBREDS,,,,,,,,,,,,NOT SOLD,,,,140000,,,,,T,2022
2023,Y,23SARAUG,8/8/2023,1,2,225,225,,,,,3/8/2022,1,B,F,,Y,,,KY,QUALITY ROAD,QUALITY ROAD,YELLOW AGATE,YELLOW AGATE,GEMOLOGIST,TAYLOR MADE SALES AGENCY AGENT XCII,,,,,,,,,,,,LIVE OAK PLANTATION,,,,650000,,,,,T,2022
2023,Y,23SARAUG,8/8/2023,1,2,226,226,,,,,3/29/2022,1,B,F,,Y,,,KY,QUALITY ROAD,QUALITY ROAD,YGRITTE,YGRITTE,TAPIT,SCOTT MALLORY AGENT FOR DETERMINED STUD,,,,,,,,,,,,DE MERIC SALES,,,,230000,,,,,T,2022
2023,Y,23SARAUG,8/8/2023,1,2,227,227,,,,,4/15/2022,1,B,F,,Y,,,NY,AUTHENTIC,AUTHENTIC,ACHALAYA,ACHALAYA,BELLAMY ROAD,PARAMOUNT SALES AGENT IV,,,,,,,,,,,,LIVE OAK PLANTATION,,,,725000,,,,,T,2022
2023,Y,23SARAUG,8/8/2023,1,2,228,228,,,,,2/12/2022,1,B,C,,Y,,,KY,INTO MISCHIEF,INTO MISCHIEF,ALL AMERICAN DREAM,ALL AMERICAN DREAM,AMERICAN PHAROAH,INDIAN CREEK AGENT,,,,,,,,,,,,DONATO LANNI AGENT FOR ZEDAN RACING,,,,3200000,,,,,T,2022
2023,Y,23SARAUG,8/8/2023,1,2,229,229,,,,,2/1/2022,1,CH,F,,Y,,,KY,AUDIBLE,AUDIBLE,ALLHAPPYANDBRIGHT,ALLHAPPYANDBRIGHT,ALTERNATION,WARRENDALE SALES AGENT VIII,,,,,,,,,,,,OUT,,,,0,,,,,T,2022
2023,Y,23SARAUG,8/8/2023,1,2,230,230,,,,,3/2/2022,1,CH,F,,Y,,,KY,SPEIGHTSTOWN,SPEIGHTSTOWN,ANTILLIA,ANTILLIA,BERNARDINI,INDIAN CREEK AGENT,,,,,,,,,,,,WESLEY ALLEN WARD,,,,385000,,,,,T,2022
2023,Y,23SARAUG,8/8/2023,1,2,231,231,,,,,2/26/2022,1,DKB,C,,Y,,,KY,NYQUIST,NYQUIST,ASPEN HILLTOP,ASPEN HILLTOP,BERNARDINI,TAYLOR MADE SALES AGENCY AGENT CXVII,,,,,,,,,,,,FERGUS GALVIN AGENT,,,,190000,,,,,T,2022
2023,Y,23SARAUG,8/8/2023,1,2,232,232,,,,,3/22/2022,1,B,F,,Y,,,KY,INTO MISCHIEF,INTO MISCHIEF,ASPEN LIGHT,ASPEN LIGHT,BERNARDINI,EATON SALES AGENT,,,,,,,,,,,,BOARDSHORTS,,,,610000,,,,,T,2022
2023,Y,23SARAUG,8/8/2023,1,2,233,233,,,,,4/16/2022,1,B,F,,Y,,,ON,MEDAGLIA D'ORO,MEDAGLIA D'ORO,AUSUS,AUSUS,INVASOR (ARG),CARA BLOODSTOCK AGENT FOR SAINTSBURY FARMS (JAY & CHRISTINE HAYDEN),,,,,,,,,,,,AL & BILL ULWELLING,,,,180000,,,,,T,2022
2023,Y,23SARAUG,8/8/2023,1,2,234,234,,,,,3/19/2022,1,B,F,,Y,,,KY,MCKINZIE,MCKINZIE,AWESOME MARCHESA,AWESOME MARCHESA,AWESOME AGAIN,BLUEGRASS THOROUGHBRED SERVICES INC. AGENT FOR WILLOW OAKS STABLE LLC,,,,,,,,,,,,OUT,,,,0,,,,,T,2022
2023,Y,23SARAUG,8/8/2023,1,2,235,235,,,,,3/4/2022,1,DKB,C,,Y,,,KY,IMPROBABLE,IMPROBABLE,AZALEA BELLE,AZALEA BELLE,DIXIE UNION,WARRENDALE SALES AGENT VI,,,,,,,,,,,,NOT SOLD,,,,90000,,,,,T,2022
